date,candidate,prob_pct,source
2025-11-05,Bernard Cazeneuve,15.46,consensus
2025-11-06,Bernard Cazeneuve,15.46,consensus
2025-11-07,Bernard Cazeneuve,15.46,consensus
2025-11-08,Bernard Cazeneuve,15.46,consensus
2025-11-09,Bernard Cazeneuve,15.46,consensus
2025-11-10,Bernard Cazeneuve,15.46,consensus
2025-11-11,Bernard Cazeneuve,15.46,consensus
2025-11-12,Bernard Cazeneuve,15.46,consensus
2025-11-13,Bernard Cazeneuve,15.46,consensus
2025-11-14,Bernard Cazeneuve,13.49,consensus
2025-11-15,Bernard Cazeneuve,5.35,consensus
2025-11-16,Bernard Cazeneuve,5.35,consensus
2025-11-17,Bernard Cazeneuve,5.35,consensus
2025-11-18,Bernard Cazeneuve,5.55,consensus
2025-11-19,Bernard Cazeneuve,5.59,consensus
2025-11-20,Bernard Cazeneuve,5.59,consensus
2025-11-21,Bernard Cazeneuve,6.79,consensus
2025-11-22,Bernard Cazeneuve,5.52,consensus
2025-11-23,Bernard Cazeneuve,5.35,consensus
2025-11-24,Bernard Cazeneuve,5.39,consensus
2025-11-25,Bernard Cazeneuve,2.3,consensus
2025-11-26,Bernard Cazeneuve,2.33,consensus
2025-11-27,Bernard Cazeneuve,2.37,consensus
2025-11-28,Bernard Cazeneuve,2.37,consensus
2025-11-29,Bernard Cazeneuve,2.37,consensus
2025-11-30,Bernard Cazeneuve,3.03,consensus
2025-12-01,Bernard Cazeneuve,2.9,consensus
2025-12-02,Bernard Cazeneuve,2.83,consensus
2025-12-03,Bernard Cazeneuve,2.83,consensus
2025-12-04,Bernard Cazeneuve,2.4,consensus
2025-12-05,Bernard Cazeneuve,2.4,consensus
2025-12-06,Bernard Cazeneuve,2.37,consensus
2025-12-07,Bernard Cazeneuve,2.33,consensus
2025-12-08,Bernard Cazeneuve,2.33,consensus
2025-12-09,Bernard Cazeneuve,2.33,consensus
2025-12-10,Bernard Cazeneuve,2.33,consensus
2025-12-11,Bernard Cazeneuve,0.67,consensus
2025-12-12,Bernard Cazeneuve,0.67,consensus
2025-12-13,Bernard Cazeneuve,0.67,consensus
2025-12-14,Bernard Cazeneuve,0.67,consensus
2025-12-15,Bernard Cazeneuve,0.67,consensus
2025-12-16,Bernard Cazeneuve,0.67,consensus
2025-12-17,Bernard Cazeneuve,0.67,consensus
2025-12-18,Bernard Cazeneuve,0.67,consensus
2025-12-19,Bernard Cazeneuve,0.63,consensus
2025-12-20,Bernard Cazeneuve,0.57,consensus
2025-12-21,Bernard Cazeneuve,0.53,consensus
2025-12-22,Bernard Cazeneuve,0.57,consensus
2025-12-23,Bernard Cazeneuve,0.57,consensus
2025-12-24,Bernard Cazeneuve,0.57,consensus
2025-12-25,Bernard Cazeneuve,0.57,consensus
2025-12-26,Bernard Cazeneuve,0.57,consensus
2025-12-27,Bernard Cazeneuve,0.53,consensus
2025-12-28,Bernard Cazeneuve,0.57,consensus
2025-12-29,Bernard Cazeneuve,0.57,consensus
2025-12-30,Bernard Cazeneuve,0.57,consensus
2025-12-31,Bernard Cazeneuve,0.57,consensus
2026-01-01,Bernard Cazeneuve,0.57,consensus
2026-01-02,Bernard Cazeneuve,0.53,consensus
2026-01-03,Bernard Cazeneuve,0.5,consensus
2026-01-04,Bernard Cazeneuve,0.57,consensus
2026-01-05,Bernard Cazeneuve,0.57,consensus
2026-01-06,Bernard Cazeneuve,0.57,consensus
2026-01-07,Bernard Cazeneuve,0.57,consensus
2026-01-08,Bernard Cazeneuve,0.57,consensus
2026-01-09,Bernard Cazeneuve,0.5,consensus
2026-01-10,Bernard Cazeneuve,0.5,consensus
2026-01-11,Bernard Cazeneuve,0.5,consensus
2026-01-12,Bernard Cazeneuve,0.5,consensus
2026-01-13,Bernard Cazeneuve,0.5,consensus
2026-01-14,Bernard Cazeneuve,0.5,consensus
2026-01-15,Bernard Cazeneuve,0.5,consensus
2026-01-16,Bernard Cazeneuve,0.5,consensus
2026-01-17,Bernard Cazeneuve,0.5,consensus
2026-01-18,Bernard Cazeneuve,0.5,consensus
2026-01-19,Bernard Cazeneuve,1.53,consensus
2026-01-20,Bernard Cazeneuve,1.07,consensus
2026-01-21,Bernard Cazeneuve,1.3,consensus
2026-01-22,Bernard Cazeneuve,0.87,consensus
2026-01-23,Bernard Cazeneuve,0.73,consensus
2026-01-24,Bernard Cazeneuve,0.6,consensus
2026-01-25,Bernard Cazeneuve,0.63,consensus
2026-01-26,Bernard Cazeneuve,0.63,consensus
2026-01-27,Bernard Cazeneuve,0.6,consensus
2026-01-28,Bernard Cazeneuve,0.53,consensus
2026-01-29,Bernard Cazeneuve,0.53,consensus
2026-01-30,Bernard Cazeneuve,0.57,consensus
2026-01-31,Bernard Cazeneuve,0.8,consensus
2026-02-01,Bernard Cazeneuve,0.83,consensus
2026-02-02,Bernard Cazeneuve,0.63,consensus
2026-02-03,Bernard Cazeneuve,0.63,consensus
2026-02-04,Bernard Cazeneuve,0.8,consensus
2026-02-05,Bernard Cazeneuve,0.73,consensus
2026-02-06,Bernard Cazeneuve,0.7,consensus
2026-02-07,Bernard Cazeneuve,0.7,consensus
2026-02-08,Bernard Cazeneuve,0.67,consensus
2026-02-09,Bernard Cazeneuve,0.67,consensus
2026-02-10,Bernard Cazeneuve,0.7,consensus
2026-02-11,Bernard Cazeneuve,0.7,consensus
2026-02-12,Bernard Cazeneuve,0.7,consensus
2026-02-13,Bernard Cazeneuve,0.7,consensus
2026-02-14,Bernard Cazeneuve,0.7,consensus
2026-02-15,Bernard Cazeneuve,0.7,consensus
2026-02-16,Bernard Cazeneuve,0.7,consensus
2026-02-17,Bernard Cazeneuve,0.7,consensus
2026-02-18,Bernard Cazeneuve,0.7,consensus
2026-02-19,Bernard Cazeneuve,0.7,consensus
2026-02-20,Bernard Cazeneuve,0.7,consensus
2026-02-21,Bernard Cazeneuve,0.7,consensus
2026-02-22,Bernard Cazeneuve,0.7,consensus
2026-02-23,Bernard Cazeneuve,0.77,consensus
2026-02-24,Bernard Cazeneuve,1.0,consensus
2026-02-25,Bernard Cazeneuve,1.1,consensus
2026-02-26,Bernard Cazeneuve,0.97,consensus
2026-02-27,Bernard Cazeneuve,0.9,consensus
2026-02-28,Bernard Cazeneuve,0.77,consensus
2026-03-01,Bernard Cazeneuve,0.8,consensus
2026-03-02,Bernard Cazeneuve,0.77,consensus
2026-03-03,Bernard Cazeneuve,0.77,consensus
2026-03-04,Bernard Cazeneuve,0.77,consensus
2026-03-05,Bernard Cazeneuve,0.77,consensus
2026-03-06,Bernard Cazeneuve,0.77,consensus
2026-03-07,Bernard Cazeneuve,0.77,consensus
2026-03-08,Bernard Cazeneuve,0.83,consensus
2026-03-09,Bernard Cazeneuve,1.34,consensus
2026-03-10,Bernard Cazeneuve,3.36,consensus
2026-03-11,Bernard Cazeneuve,3.22,consensus
2026-03-12,Bernard Cazeneuve,4.14,consensus
2026-03-13,Bernard Cazeneuve,4.14,consensus
2026-03-14,Bernard Cazeneuve,3.86,consensus
2026-03-15,Bernard Cazeneuve,3.94,consensus
2026-03-16,Bernard Cazeneuve,3.92,consensus
2026-03-17,Bernard Cazeneuve,3.9,consensus
2026-03-18,Bernard Cazeneuve,3.9,consensus
2026-03-19,Bernard Cazeneuve,3.9,consensus
2026-03-20,Bernard Cazeneuve,3.9,consensus
2026-03-21,Bernard Cazeneuve,3.9,consensus
2026-03-22,Bernard Cazeneuve,3.9,consensus
2026-03-23,Bernard Cazeneuve,3.9,consensus
2026-03-24,Bernard Cazeneuve,2.75,consensus
2026-03-25,Bernard Cazeneuve,2.75,consensus
2026-03-26,Bernard Cazeneuve,2.75,consensus
2026-03-27,Bernard Cazeneuve,2.75,consensus
2026-03-28,Bernard Cazeneuve,2.75,consensus
2026-03-29,Bernard Cazeneuve,2.75,consensus
2026-03-30,Bernard Cazeneuve,2.75,consensus
2026-03-31,Bernard Cazeneuve,3.26,consensus
2026-04-01,Bernard Cazeneuve,3.26,consensus
2026-04-02,Bernard Cazeneuve,3.26,consensus
2026-04-03,Bernard Cazeneuve,3.26,consensus
2026-04-04,Bernard Cazeneuve,3.26,consensus
2026-04-05,Bernard Cazeneuve,3.18,consensus
2026-04-06,Bernard Cazeneuve,3.18,consensus
2026-04-07,Bernard Cazeneuve,3.18,consensus
2026-04-08,Bernard Cazeneuve,3.18,consensus
2026-04-09,Bernard Cazeneuve,3.18,consensus
2026-04-10,Bernard Cazeneuve,3.18,consensus
2026-04-11,Bernard Cazeneuve,3.18,consensus
2026-04-12,Bernard Cazeneuve,3.18,consensus
2026-04-13,Bernard Cazeneuve,3.18,consensus
2026-04-14,Bernard Cazeneuve,3.18,consensus
2026-04-15,Bernard Cazeneuve,3.18,consensus
2026-04-16,Bernard Cazeneuve,3.18,consensus
2026-04-17,Bernard Cazeneuve,3.18,consensus
2026-04-18,Bernard Cazeneuve,3.18,consensus
2026-04-19,Bernard Cazeneuve,3.18,consensus
2026-04-20,Bernard Cazeneuve,3.18,consensus
2026-04-21,Bernard Cazeneuve,3.18,consensus
2026-04-22,Bernard Cazeneuve,3.34,consensus
2026-04-23,Bernard Cazeneuve,3.34,consensus
2026-04-24,Bernard Cazeneuve,3.34,consensus
2026-04-25,Bernard Cazeneuve,3.36,consensus
2026-04-26,Bernard Cazeneuve,3.16,consensus
2026-04-27,Bernard Cazeneuve,3.14,consensus
2026-04-28,Bernard Cazeneuve,3.14,consensus
2026-04-29,Bernard Cazeneuve,3.24,consensus
2026-04-30,Bernard Cazeneuve,3.26,consensus
2026-05-01,Bernard Cazeneuve,3.32,consensus
2026-05-02,Bernard Cazeneuve,3.26,consensus
2026-05-03,Bernard Cazeneuve,3.26,consensus
2026-05-04,Bernard Cazeneuve,3.18,consensus
2026-05-05,Bernard Cazeneuve,3.14,consensus
2026-05-06,Bernard Cazeneuve,3.14,consensus
2026-05-07,Bernard Cazeneuve,3.14,consensus
2026-05-08,Bernard Cazeneuve,3.14,consensus
2026-05-09,Bernard Cazeneuve,3.14,consensus
2026-05-10,Bernard Cazeneuve,3.14,consensus
2026-05-11,Bernard Cazeneuve,3.14,consensus
2026-05-12,Bernard Cazeneuve,3.14,consensus
2026-05-13,Bernard Cazeneuve,3.14,consensus
2026-05-14,Bernard Cazeneuve,3.02,consensus
2026-05-15,Bernard Cazeneuve,3.02,consensus
2026-05-16,Bernard Cazeneuve,3.02,consensus
2026-05-17,Bernard Cazeneuve,3.02,consensus
2026-05-18,Bernard Cazeneuve,3.02,consensus
2026-05-19,Bernard Cazeneuve,2.75,consensus
2026-05-20,Bernard Cazeneuve,2.75,consensus
2026-05-21,Bernard Cazeneuve,2.75,consensus
2026-05-22,Bernard Cazeneuve,2.75,consensus
2026-05-23,Bernard Cazeneuve,2.75,consensus
2026-05-24,Bernard Cazeneuve,2.75,consensus
2026-05-25,Bernard Cazeneuve,2.75,consensus
2026-05-26,Bernard Cazeneuve,2.75,consensus
2026-05-27,Bernard Cazeneuve,2.75,consensus
2026-05-28,Bernard Cazeneuve,2.75,consensus
2026-05-29,Bernard Cazeneuve,2.79,consensus
2026-05-30,Bernard Cazeneuve,2.75,consensus
2026-05-31,Bernard Cazeneuve,2.75,consensus
2026-06-01,Bernard Cazeneuve,2.75,consensus
2026-06-02,Bernard Cazeneuve,2.75,consensus
2026-06-03,Bernard Cazeneuve,2.77,consensus
2026-06-04,Bernard Cazeneuve,2.77,consensus
2026-06-05,Bernard Cazeneuve,2.77,consensus
2026-06-06,Bernard Cazeneuve,2.77,consensus
2026-06-07,Bernard Cazeneuve,2.77,consensus
2026-06-08,Bernard Cazeneuve,2.77,consensus
2026-06-09,Bernard Cazeneuve,2.77,consensus
2026-06-10,Bernard Cazeneuve,2.77,consensus
2026-06-11,Bernard Cazeneuve,2.73,consensus
2026-06-12,Bernard Cazeneuve,2.73,consensus
2026-06-13,Bernard Cazeneuve,2.73,consensus
2026-06-14,Bernard Cazeneuve,2.73,consensus
2026-06-15,Bernard Cazeneuve,2.73,consensus
2026-06-16,Bernard Cazeneuve,2.77,consensus
2026-06-17,Bernard Cazeneuve,2.77,consensus
2026-06-18,Bernard Cazeneuve,2.77,consensus
2026-06-19,Bernard Cazeneuve,2.77,consensus
2026-06-20,Bernard Cazeneuve,2.77,consensus
2026-06-21,Bernard Cazeneuve,2.77,consensus
2026-06-22,Bernard Cazeneuve,2.77,consensus
2026-06-23,Bernard Cazeneuve,2.77,consensus
2026-06-24,Bernard Cazeneuve,2.77,consensus
2026-06-25,Bernard Cazeneuve,2.77,consensus
2026-06-26,Bernard Cazeneuve,2.77,consensus
2026-06-27,Bernard Cazeneuve,2.77,consensus
2026-06-28,Bernard Cazeneuve,2.77,consensus
2026-06-29,Bernard Cazeneuve,2.77,consensus
2026-06-30,Bernard Cazeneuve,2.77,consensus
2026-07-01,Bernard Cazeneuve,2.77,consensus
2026-07-02,Bernard Cazeneuve,2.77,consensus
2026-07-03,Bernard Cazeneuve,2.77,consensus
2026-07-04,Bernard Cazeneuve,2.77,consensus
2026-07-05,Bernard Cazeneuve,2.77,consensus
2026-07-06,Bernard Cazeneuve,2.77,consensus
2026-07-07,Bernard Cazeneuve,2.77,consensus
2026-07-08,Bernard Cazeneuve,2.77,consensus
2026-07-09,Bernard Cazeneuve,2.77,consensus
2026-07-10,Bernard Cazeneuve,2.77,consensus
2026-07-11,Bernard Cazeneuve,2.73,consensus
2026-07-12,Bernard Cazeneuve,2.73,consensus
2026-07-13,Bernard Cazeneuve,2.73,consensus
2026-07-14,Bernard Cazeneuve,2.73,consensus
2026-07-15,Bernard Cazeneuve,2.73,consensus
2026-07-16,Bernard Cazeneuve,2.71,consensus
2026-07-17,Bernard Cazeneuve,2.69,consensus
2026-07-18,Bernard Cazeneuve,2.69,consensus
2026-07-19,Bernard Cazeneuve,2.67,consensus
2026-07-20,Bernard Cazeneuve,2.65,consensus
2025-11-02,Bruno Retailleau,5.0,consensus
2025-11-03,Bruno Retailleau,5.0,consensus
2025-11-04,Bruno Retailleau,5.0,consensus
2025-11-05,Bruno Retailleau,3.81,consensus
2025-11-06,Bruno Retailleau,3.81,consensus
2025-11-07,Bruno Retailleau,3.81,consensus
2025-11-08,Bruno Retailleau,3.81,consensus
2025-11-09,Bruno Retailleau,3.81,consensus
2025-11-10,Bruno Retailleau,3.81,consensus
2025-11-11,Bruno Retailleau,3.81,consensus
2025-11-12,Bruno Retailleau,3.81,consensus
2025-11-13,Bruno Retailleau,3.81,consensus
2025-11-14,Bruno Retailleau,19.94,consensus
2025-11-15,Bruno Retailleau,5.94,consensus
2025-11-16,Bruno Retailleau,6.27,consensus
2025-11-17,Bruno Retailleau,6.27,consensus
2025-11-18,Bruno Retailleau,5.27,consensus
2025-11-19,Bruno Retailleau,5.27,consensus
2025-11-20,Bruno Retailleau,7.6,consensus
2025-11-21,Bruno Retailleau,6.27,consensus
2025-11-22,Bruno Retailleau,4.6,consensus
2025-11-23,Bruno Retailleau,4.27,consensus
2025-11-24,Bruno Retailleau,4.27,consensus
2025-11-25,Bruno Retailleau,5.27,consensus
2025-11-26,Bruno Retailleau,4.6,consensus
2025-11-27,Bruno Retailleau,4.6,consensus
2025-11-28,Bruno Retailleau,4.6,consensus
2025-11-29,Bruno Retailleau,4.94,consensus
2025-11-30,Bruno Retailleau,4.94,consensus
2025-12-01,Bruno Retailleau,4.94,consensus
2025-12-02,Bruno Retailleau,6.19,consensus
2025-12-03,Bruno Retailleau,6.52,consensus
2025-12-04,Bruno Retailleau,6.19,consensus
2025-12-05,Bruno Retailleau,6.19,consensus
2025-12-06,Bruno Retailleau,6.85,consensus
2025-12-07,Bruno Retailleau,5.85,consensus
2025-12-08,Bruno Retailleau,6.52,consensus
2025-12-09,Bruno Retailleau,6.52,consensus
2025-12-10,Bruno Retailleau,6.52,consensus
2025-12-11,Bruno Retailleau,5.32,consensus
2025-12-12,Bruno Retailleau,4.65,consensus
2025-12-13,Bruno Retailleau,4.65,consensus
2025-12-14,Bruno Retailleau,4.65,consensus
2025-12-15,Bruno Retailleau,4.32,consensus
2025-12-16,Bruno Retailleau,4.32,consensus
2025-12-17,Bruno Retailleau,4.32,consensus
2025-12-18,Bruno Retailleau,4.32,consensus
2025-12-19,Bruno Retailleau,4.32,consensus
2025-12-20,Bruno Retailleau,4.02,consensus
2025-12-21,Bruno Retailleau,3.98,consensus
2025-12-22,Bruno Retailleau,3.92,consensus
2025-12-23,Bruno Retailleau,2.88,consensus
2025-12-24,Bruno Retailleau,3.02,consensus
2025-12-25,Bruno Retailleau,2.88,consensus
2025-12-26,Bruno Retailleau,2.88,consensus
2025-12-27,Bruno Retailleau,2.88,consensus
2025-12-28,Bruno Retailleau,2.92,consensus
2025-12-29,Bruno Retailleau,2.88,consensus
2025-12-30,Bruno Retailleau,2.95,consensus
2025-12-31,Bruno Retailleau,3.08,consensus
2026-01-01,Bruno Retailleau,3.42,consensus
2026-01-02,Bruno Retailleau,3.38,consensus
2026-01-03,Bruno Retailleau,3.35,consensus
2026-01-04,Bruno Retailleau,3.32,consensus
2026-01-05,Bruno Retailleau,3.52,consensus
2026-01-06,Bruno Retailleau,3.42,consensus
2026-01-07,Bruno Retailleau,3.25,consensus
2026-01-08,Bruno Retailleau,3.25,consensus
2026-01-09,Bruno Retailleau,7.95,consensus
2026-01-10,Bruno Retailleau,3.95,consensus
2026-01-11,Bruno Retailleau,3.97,consensus
2026-01-12,Bruno Retailleau,4.01,consensus
2026-01-13,Bruno Retailleau,4.21,consensus
2026-01-14,Bruno Retailleau,4.17,consensus
2026-01-15,Bruno Retailleau,4.07,consensus
2026-01-16,Bruno Retailleau,4.15,consensus
2026-01-17,Bruno Retailleau,4.11,consensus
2026-01-18,Bruno Retailleau,4.07,consensus
2026-01-19,Bruno Retailleau,4.09,consensus
2026-01-20,Bruno Retailleau,4.11,consensus
2026-01-21,Bruno Retailleau,4.27,consensus
2026-01-22,Bruno Retailleau,4.11,consensus
2026-01-23,Bruno Retailleau,4.13,consensus
2026-01-24,Bruno Retailleau,4.11,consensus
2026-01-25,Bruno Retailleau,4.07,consensus
2026-01-26,Bruno Retailleau,4.05,consensus
2026-01-27,Bruno Retailleau,4.09,consensus
2026-01-28,Bruno Retailleau,4.09,consensus
2026-01-29,Bruno Retailleau,4.09,consensus
2026-01-30,Bruno Retailleau,3.93,consensus
2026-01-31,Bruno Retailleau,5.23,consensus
2026-02-01,Bruno Retailleau,4.13,consensus
2026-02-02,Bruno Retailleau,4.17,consensus
2026-02-03,Bruno Retailleau,4.17,consensus
2026-02-04,Bruno Retailleau,4.17,consensus
2026-02-05,Bruno Retailleau,4.29,consensus
2026-02-06,Bruno Retailleau,4.21,consensus
2026-02-07,Bruno Retailleau,4.23,consensus
2026-02-08,Bruno Retailleau,4.25,consensus
2026-02-09,Bruno Retailleau,4.21,consensus
2026-02-10,Bruno Retailleau,6.61,consensus
2026-02-11,Bruno Retailleau,6.37,consensus
2026-02-12,Bruno Retailleau,6.49,consensus
2026-02-13,Bruno Retailleau,6.61,consensus
2026-02-14,Bruno Retailleau,7.29,consensus
2026-02-15,Bruno Retailleau,7.41,consensus
2026-02-16,Bruno Retailleau,7.77,consensus
2026-02-17,Bruno Retailleau,7.29,consensus
2026-02-18,Bruno Retailleau,6.99,consensus
2026-02-19,Bruno Retailleau,6.81,consensus
2026-02-20,Bruno Retailleau,6.75,consensus
2026-02-21,Bruno Retailleau,7.13,consensus
2026-02-22,Bruno Retailleau,6.77,consensus
2026-02-23,Bruno Retailleau,6.53,consensus
2026-02-24,Bruno Retailleau,6.53,consensus
2026-02-25,Bruno Retailleau,6.51,consensus
2026-02-26,Bruno Retailleau,7.05,consensus
2026-02-27,Bruno Retailleau,7.33,consensus
2026-02-28,Bruno Retailleau,7.15,consensus
2026-03-01,Bruno Retailleau,6.79,consensus
2026-03-02,Bruno Retailleau,6.55,consensus
2026-03-03,Bruno Retailleau,6.59,consensus
2026-03-04,Bruno Retailleau,7.55,consensus
2026-03-05,Bruno Retailleau,7.45,consensus
2026-03-06,Bruno Retailleau,6.33,consensus
2026-03-07,Bruno Retailleau,4.47,consensus
2026-03-08,Bruno Retailleau,4.93,consensus
2026-03-09,Bruno Retailleau,5.43,consensus
2026-03-10,Bruno Retailleau,6.73,consensus
2026-03-11,Bruno Retailleau,6.59,consensus
2026-03-12,Bruno Retailleau,7.08,consensus
2026-03-13,Bruno Retailleau,5.08,consensus
2026-03-14,Bruno Retailleau,4.06,consensus
2026-03-15,Bruno Retailleau,4.06,consensus
2026-03-16,Bruno Retailleau,4.06,consensus
2026-03-17,Bruno Retailleau,4.88,consensus
2026-03-18,Bruno Retailleau,5.22,consensus
2026-03-19,Bruno Retailleau,2.82,consensus
2026-03-20,Bruno Retailleau,2.88,consensus
2026-03-21,Bruno Retailleau,2.74,consensus
2026-03-22,Bruno Retailleau,2.9,consensus
2026-03-23,Bruno Retailleau,2.62,consensus
2026-03-24,Bruno Retailleau,2.64,consensus
2026-03-25,Bruno Retailleau,2.52,consensus
2026-03-26,Bruno Retailleau,2.72,consensus
2026-03-27,Bruno Retailleau,2.62,consensus
2026-03-28,Bruno Retailleau,2.62,consensus
2026-03-29,Bruno Retailleau,2.44,consensus
2026-03-30,Bruno Retailleau,2.38,consensus
2026-03-31,Bruno Retailleau,2.34,consensus
2026-04-01,Bruno Retailleau,2.24,consensus
2026-04-02,Bruno Retailleau,2.26,consensus
2026-04-03,Bruno Retailleau,2.1,consensus
2026-04-04,Bruno Retailleau,1.94,consensus
2026-04-05,Bruno Retailleau,1.94,consensus
2026-04-06,Bruno Retailleau,1.94,consensus
2026-04-07,Bruno Retailleau,2.24,consensus
2026-04-08,Bruno Retailleau,2.24,consensus
2026-04-09,Bruno Retailleau,2.12,consensus
2026-04-10,Bruno Retailleau,2.12,consensus
2026-04-11,Bruno Retailleau,2.12,consensus
2026-04-12,Bruno Retailleau,2.12,consensus
2026-04-13,Bruno Retailleau,2.26,consensus
2026-04-14,Bruno Retailleau,2.26,consensus
2026-04-15,Bruno Retailleau,2.06,consensus
2026-04-16,Bruno Retailleau,2.06,consensus
2026-04-17,Bruno Retailleau,2.28,consensus
2026-04-18,Bruno Retailleau,2.28,consensus
2026-04-19,Bruno Retailleau,2.42,consensus
2026-04-20,Bruno Retailleau,2.22,consensus
2026-04-21,Bruno Retailleau,2.3,consensus
2026-04-22,Bruno Retailleau,2.18,consensus
2026-04-23,Bruno Retailleau,2.2,consensus
2026-04-24,Bruno Retailleau,2.22,consensus
2026-04-25,Bruno Retailleau,2.26,consensus
2026-04-26,Bruno Retailleau,2.42,consensus
2026-04-27,Bruno Retailleau,2.42,consensus
2026-04-28,Bruno Retailleau,2.58,consensus
2026-04-29,Bruno Retailleau,2.5,consensus
2026-04-30,Bruno Retailleau,2.5,consensus
2026-05-01,Bruno Retailleau,2.46,consensus
2026-05-02,Bruno Retailleau,2.46,consensus
2026-05-03,Bruno Retailleau,2.46,consensus
2026-05-04,Bruno Retailleau,2.26,consensus
2026-05-05,Bruno Retailleau,2.34,consensus
2026-05-06,Bruno Retailleau,2.34,consensus
2026-05-07,Bruno Retailleau,2.3,consensus
2026-05-08,Bruno Retailleau,2.3,consensus
2026-05-09,Bruno Retailleau,2.3,consensus
2026-05-10,Bruno Retailleau,2.3,consensus
2026-05-11,Bruno Retailleau,2.3,consensus
2026-05-12,Bruno Retailleau,2.3,consensus
2026-05-13,Bruno Retailleau,2.3,consensus
2026-05-14,Bruno Retailleau,2.2,consensus
2026-05-15,Bruno Retailleau,2.16,consensus
2026-05-16,Bruno Retailleau,2.18,consensus
2026-05-17,Bruno Retailleau,2.39,consensus
2026-05-18,Bruno Retailleau,2.41,consensus
2026-05-19,Bruno Retailleau,2.39,consensus
2026-05-20,Bruno Retailleau,2.41,consensus
2026-05-21,Bruno Retailleau,2.39,consensus
2026-05-22,Bruno Retailleau,2.39,consensus
2026-05-23,Bruno Retailleau,2.41,consensus
2026-05-24,Bruno Retailleau,2.39,consensus
2026-05-25,Bruno Retailleau,2.37,consensus
2026-05-26,Bruno Retailleau,2.35,consensus
2026-05-27,Bruno Retailleau,2.35,consensus
2026-05-28,Bruno Retailleau,2.35,consensus
2026-05-29,Bruno Retailleau,2.35,consensus
2026-05-30,Bruno Retailleau,2.35,consensus
2026-05-31,Bruno Retailleau,2.39,consensus
2026-06-01,Bruno Retailleau,2.37,consensus
2026-06-02,Bruno Retailleau,2.44,consensus
2026-06-03,Bruno Retailleau,2.44,consensus
2026-06-04,Bruno Retailleau,2.44,consensus
2026-06-05,Bruno Retailleau,2.44,consensus
2026-06-06,Bruno Retailleau,2.48,consensus
2026-06-07,Bruno Retailleau,2.48,consensus
2026-06-08,Bruno Retailleau,2.44,consensus
2026-06-09,Bruno Retailleau,2.44,consensus
2026-06-10,Bruno Retailleau,2.44,consensus
2026-06-11,Bruno Retailleau,2.16,consensus
2026-06-12,Bruno Retailleau,2.12,consensus
2026-06-13,Bruno Retailleau,2.08,consensus
2026-06-14,Bruno Retailleau,1.99,consensus
2026-06-15,Bruno Retailleau,1.95,consensus
2026-06-16,Bruno Retailleau,1.91,consensus
2026-06-17,Bruno Retailleau,1.87,consensus
2026-06-18,Bruno Retailleau,1.87,consensus
2026-06-19,Bruno Retailleau,1.87,consensus
2026-06-20,Bruno Retailleau,1.93,consensus
2026-06-21,Bruno Retailleau,2.01,consensus
2026-06-22,Bruno Retailleau,2.15,consensus
2026-06-23,Bruno Retailleau,2.11,consensus
2026-06-24,Bruno Retailleau,2.15,consensus
2026-06-25,Bruno Retailleau,2.15,consensus
2026-06-26,Bruno Retailleau,2.15,consensus
2026-06-27,Bruno Retailleau,2.31,consensus
2026-06-28,Bruno Retailleau,2.31,consensus
2026-06-29,Bruno Retailleau,2.31,consensus
2026-06-30,Bruno Retailleau,2.35,consensus
2026-07-01,Bruno Retailleau,2.33,consensus
2026-07-02,Bruno Retailleau,2.25,consensus
2026-07-03,Bruno Retailleau,2.23,consensus
2026-07-04,Bruno Retailleau,2.23,consensus
2026-07-05,Bruno Retailleau,2.25,consensus
2026-07-06,Bruno Retailleau,2.23,consensus
2026-07-07,Bruno Retailleau,2.23,consensus
2026-07-08,Bruno Retailleau,2.55,consensus
2026-07-09,Bruno Retailleau,2.71,consensus
2026-07-10,Bruno Retailleau,3.35,consensus
2026-07-11,Bruno Retailleau,3.21,consensus
2026-07-12,Bruno Retailleau,3.17,consensus
2026-07-13,Bruno Retailleau,3.15,consensus
2026-07-14,Bruno Retailleau,3.15,consensus
2026-07-15,Bruno Retailleau,3.15,consensus
2026-07-16,Bruno Retailleau,3.15,consensus
2026-07-17,Bruno Retailleau,3.13,consensus
2026-07-18,Bruno Retailleau,3.11,consensus
2026-07-19,Bruno Retailleau,3.11,consensus
2026-07-20,Bruno Retailleau,3.11,consensus
2025-11-14,David Lisnard,16.5,consensus
2025-11-15,David Lisnard,4.5,consensus
2025-11-16,David Lisnard,5.55,consensus
2025-11-17,David Lisnard,5.6,consensus
2025-11-18,David Lisnard,5.25,consensus
2025-11-19,David Lisnard,5.3,consensus
2025-11-20,David Lisnard,5.3,consensus
2025-11-21,David Lisnard,5.1,consensus
2025-11-22,David Lisnard,4.05,consensus
2025-11-23,David Lisnard,4.1,consensus
2025-11-24,David Lisnard,4.4,consensus
2025-11-25,David Lisnard,4.45,consensus
2025-11-26,David Lisnard,4.95,consensus
2025-11-27,David Lisnard,4.15,consensus
2025-11-28,David Lisnard,4.2,consensus
2025-11-29,David Lisnard,3.7,consensus
2025-11-30,David Lisnard,4.35,consensus
2025-12-01,David Lisnard,4.3,consensus
2025-12-02,David Lisnard,4.15,consensus
2025-12-03,David Lisnard,4.75,consensus
2025-12-04,David Lisnard,4.8,consensus
2025-12-05,David Lisnard,4.7,consensus
2025-12-06,David Lisnard,4.65,consensus
2025-12-07,David Lisnard,4.3,consensus
2025-12-08,David Lisnard,3.95,consensus
2025-12-09,David Lisnard,3.5,consensus
2025-12-10,David Lisnard,3.5,consensus
2025-12-11,David Lisnard,3.15,consensus
2025-12-12,David Lisnard,3.1,consensus
2025-12-13,David Lisnard,3.35,consensus
2025-12-14,David Lisnard,3.35,consensus
2025-12-15,David Lisnard,3.3,consensus
2025-12-16,David Lisnard,3.15,consensus
2025-12-17,David Lisnard,3.05,consensus
2025-12-18,David Lisnard,3.05,consensus
2025-12-19,David Lisnard,3.05,consensus
2025-12-20,David Lisnard,2.8,consensus
2025-12-21,David Lisnard,2.8,consensus
2025-12-22,David Lisnard,2.8,consensus
2025-12-23,David Lisnard,2.8,consensus
2025-12-24,David Lisnard,2.75,consensus
2025-12-25,David Lisnard,2.7,consensus
2025-12-26,David Lisnard,2.7,consensus
2025-12-27,David Lisnard,2.75,consensus
2025-12-28,David Lisnard,2.8,consensus
2025-12-29,David Lisnard,2.8,consensus
2025-12-30,David Lisnard,2.8,consensus
2025-12-31,David Lisnard,2.8,consensus
2026-01-01,David Lisnard,3.05,consensus
2026-01-02,David Lisnard,3.2,consensus
2026-01-03,David Lisnard,3.35,consensus
2026-01-04,David Lisnard,3.35,consensus
2026-01-05,David Lisnard,2.85,consensus
2026-01-06,David Lisnard,2.7,consensus
2026-01-07,David Lisnard,3.3,consensus
2026-01-08,David Lisnard,2.95,consensus
2026-01-09,David Lisnard,2.65,consensus
2026-01-10,David Lisnard,2.7,consensus
2026-01-11,David Lisnard,2.05,consensus
2026-01-12,David Lisnard,2.1,consensus
2026-01-13,David Lisnard,1.95,consensus
2026-01-14,David Lisnard,1.95,consensus
2026-01-15,David Lisnard,1.8,consensus
2026-01-16,David Lisnard,2.8,consensus
2026-01-17,David Lisnard,3.7,consensus
2026-01-18,David Lisnard,2.55,consensus
2026-01-19,David Lisnard,1.8,consensus
2026-01-20,David Lisnard,1.75,consensus
2026-01-21,David Lisnard,1.8,consensus
2026-01-22,David Lisnard,2.7,consensus
2026-01-23,David Lisnard,3.3,consensus
2026-01-24,David Lisnard,3.05,consensus
2026-01-25,David Lisnard,2.55,consensus
2026-01-26,David Lisnard,2.9,consensus
2026-01-27,David Lisnard,2.55,consensus
2026-01-28,David Lisnard,2.6,consensus
2026-01-29,David Lisnard,3.95,consensus
2026-01-30,David Lisnard,3.45,consensus
2026-01-31,David Lisnard,4.35,consensus
2026-02-01,David Lisnard,3.6,consensus
2026-02-02,David Lisnard,3.65,consensus
2026-02-03,David Lisnard,3.65,consensus
2026-02-04,David Lisnard,3.65,consensus
2026-02-05,David Lisnard,4.8,consensus
2026-02-06,David Lisnard,3.65,consensus
2026-02-07,David Lisnard,3.9,consensus
2026-02-08,David Lisnard,2.82,consensus
2026-02-09,David Lisnard,2.4,consensus
2026-02-10,David Lisnard,2.12,consensus
2026-02-11,David Lisnard,2.1,consensus
2026-02-12,David Lisnard,1.98,consensus
2026-02-13,David Lisnard,1.72,consensus
2026-02-14,David Lisnard,1.68,consensus
2026-02-15,David Lisnard,1.42,consensus
2026-02-16,David Lisnard,1.62,consensus
2026-02-17,David Lisnard,1.92,consensus
2026-02-18,David Lisnard,1.85,consensus
2026-02-19,David Lisnard,1.62,consensus
2026-02-20,David Lisnard,1.55,consensus
2026-02-21,David Lisnard,1.48,consensus
2026-02-22,David Lisnard,1.52,consensus
2026-02-23,David Lisnard,1.62,consensus
2026-02-24,David Lisnard,1.68,consensus
2026-02-25,David Lisnard,1.58,consensus
2026-02-26,David Lisnard,1.68,consensus
2026-02-27,David Lisnard,1.42,consensus
2026-02-28,David Lisnard,1.65,consensus
2026-03-01,David Lisnard,2.12,consensus
2026-03-02,David Lisnard,2.02,consensus
2026-03-03,David Lisnard,2.1,consensus
2026-03-04,David Lisnard,1.98,consensus
2026-03-05,David Lisnard,2.22,consensus
2026-03-06,David Lisnard,2.2,consensus
2026-03-07,David Lisnard,1.98,consensus
2026-03-08,David Lisnard,1.98,consensus
2026-03-09,David Lisnard,2.15,consensus
2026-03-10,David Lisnard,2.92,consensus
2026-03-11,David Lisnard,2.85,consensus
2026-03-12,David Lisnard,2.22,consensus
2026-03-13,David Lisnard,2.22,consensus
2026-03-14,David Lisnard,2.35,consensus
2026-03-15,David Lisnard,2.33,consensus
2026-03-16,David Lisnard,2.35,consensus
2026-03-17,David Lisnard,2.35,consensus
2026-03-18,David Lisnard,2.33,consensus
2026-03-19,David Lisnard,2.33,consensus
2026-03-20,David Lisnard,2.28,consensus
2026-03-21,David Lisnard,2.4,consensus
2026-03-22,David Lisnard,2.42,consensus
2026-03-23,David Lisnard,2.3,consensus
2026-03-24,David Lisnard,2.38,consensus
2026-03-25,David Lisnard,2.06,consensus
2026-03-26,David Lisnard,2.78,consensus
2026-03-27,David Lisnard,2.8,consensus
2026-03-28,David Lisnard,2.46,consensus
2026-03-29,David Lisnard,2.4,consensus
2026-03-30,David Lisnard,2.38,consensus
2026-03-31,David Lisnard,2.36,consensus
2026-04-01,David Lisnard,3.0,consensus
2026-04-02,David Lisnard,3.26,consensus
2026-04-03,David Lisnard,3.26,consensus
2026-04-04,David Lisnard,3.26,consensus
2026-04-05,David Lisnard,3.26,consensus
2026-04-06,David Lisnard,3.66,consensus
2026-04-07,David Lisnard,3.66,consensus
2026-04-08,David Lisnard,3.66,consensus
2026-04-09,David Lisnard,4.06,consensus
2026-04-10,David Lisnard,4.06,consensus
2026-04-11,David Lisnard,4.06,consensus
2026-04-12,David Lisnard,4.06,consensus
2026-04-13,David Lisnard,4.06,consensus
2026-04-14,David Lisnard,4.06,consensus
2026-04-15,David Lisnard,4.06,consensus
2026-04-16,David Lisnard,4.06,consensus
2026-04-17,David Lisnard,4.06,consensus
2026-04-18,David Lisnard,4.06,consensus
2026-04-19,David Lisnard,3.1,consensus
2026-04-20,David Lisnard,3.42,consensus
2026-04-21,David Lisnard,3.42,consensus
2026-04-22,David Lisnard,3.22,consensus
2026-04-23,David Lisnard,3.22,consensus
2026-04-24,David Lisnard,3.26,consensus
2026-04-25,David Lisnard,3.18,consensus
2026-04-26,David Lisnard,3.24,consensus
2026-04-27,David Lisnard,3.14,consensus
2026-04-28,David Lisnard,3.06,consensus
2026-04-29,David Lisnard,3.14,consensus
2026-04-30,David Lisnard,3.14,consensus
2026-05-01,David Lisnard,3.14,consensus
2026-05-02,David Lisnard,3.22,consensus
2026-05-03,David Lisnard,3.98,consensus
2026-05-04,David Lisnard,3.98,consensus
2026-05-05,David Lisnard,3.82,consensus
2026-05-06,David Lisnard,4.0,consensus
2026-05-07,David Lisnard,3.82,consensus
2026-05-08,David Lisnard,4.02,consensus
2026-05-09,David Lisnard,3.86,consensus
2026-05-10,David Lisnard,3.86,consensus
2026-05-11,David Lisnard,3.78,consensus
2026-05-12,David Lisnard,3.52,consensus
2026-05-13,David Lisnard,3.5,consensus
2026-05-14,David Lisnard,2.82,consensus
2026-05-15,David Lisnard,2.74,consensus
2026-05-16,David Lisnard,2.54,consensus
2026-05-17,David Lisnard,2.54,consensus
2026-05-18,David Lisnard,2.5,consensus
2026-05-19,David Lisnard,2.46,consensus
2026-05-20,David Lisnard,2.98,consensus
2026-05-21,David Lisnard,2.78,consensus
2026-05-22,David Lisnard,2.64,consensus
2026-05-23,David Lisnard,2.58,consensus
2026-05-24,David Lisnard,2.62,consensus
2026-05-25,David Lisnard,2.62,consensus
2026-05-26,David Lisnard,2.54,consensus
2026-05-27,David Lisnard,2.54,consensus
2026-05-28,David Lisnard,2.46,consensus
2026-05-29,David Lisnard,2.34,consensus
2026-05-30,David Lisnard,2.34,consensus
2026-05-31,David Lisnard,2.3,consensus
2026-06-01,David Lisnard,2.26,consensus
2026-06-02,David Lisnard,2.14,consensus
2026-06-03,David Lisnard,1.94,consensus
2026-06-04,David Lisnard,1.74,consensus
2026-06-05,David Lisnard,2.08,consensus
2026-06-06,David Lisnard,2.2,consensus
2026-06-07,David Lisnard,2.14,consensus
2026-06-08,David Lisnard,2.14,consensus
2026-06-09,David Lisnard,2.14,consensus
2026-06-10,David Lisnard,2.78,consensus
2026-06-11,David Lisnard,2.52,consensus
2026-06-12,David Lisnard,2.5,consensus
2026-06-13,David Lisnard,2.4,consensus
2026-06-14,David Lisnard,2.44,consensus
2026-06-15,David Lisnard,2.38,consensus
2026-06-16,David Lisnard,2.38,consensus
2026-06-17,David Lisnard,2.38,consensus
2026-06-18,David Lisnard,2.38,consensus
2026-06-19,David Lisnard,2.38,consensus
2026-06-20,David Lisnard,2.34,consensus
2026-06-21,David Lisnard,2.34,consensus
2026-06-22,David Lisnard,2.34,consensus
2026-06-23,David Lisnard,2.28,consensus
2026-06-24,David Lisnard,2.26,consensus
2026-06-25,David Lisnard,2.26,consensus
2026-06-26,David Lisnard,2.26,consensus
2026-06-27,David Lisnard,2.18,consensus
2026-06-28,David Lisnard,2.2,consensus
2026-06-29,David Lisnard,2.18,consensus
2026-06-30,David Lisnard,2.14,consensus
2026-07-01,David Lisnard,2.14,consensus
2026-07-02,David Lisnard,2.14,consensus
2026-07-03,David Lisnard,2.14,consensus
2026-07-04,David Lisnard,2.14,consensus
2026-07-05,David Lisnard,2.14,consensus
2026-07-06,David Lisnard,2.14,consensus
2026-07-07,David Lisnard,2.14,consensus
2026-07-08,David Lisnard,2.1,consensus
2026-07-09,David Lisnard,2.1,consensus
2026-07-10,David Lisnard,2.12,consensus
2026-07-11,David Lisnard,2.06,consensus
2026-07-12,David Lisnard,2.06,consensus
2026-07-13,David Lisnard,2.06,consensus
2026-07-14,David Lisnard,2.08,consensus
2026-07-15,David Lisnard,2.06,consensus
2026-07-16,David Lisnard,2.08,consensus
2026-07-17,David Lisnard,2.94,consensus
2026-07-18,David Lisnard,2.86,consensus
2026-07-19,David Lisnard,2.86,consensus
2026-07-20,David Lisnard,2.66,consensus
2025-11-14,Dominique de Villepin ,41.0,consensus
2025-11-15,Dominique de Villepin ,2.55,consensus
2025-11-16,Dominique de Villepin ,3.2,consensus
2025-11-17,Dominique de Villepin ,3.35,consensus
2025-11-18,Dominique de Villepin ,3.4,consensus
2025-11-19,Dominique de Villepin ,3.4,consensus
2025-11-20,Dominique de Villepin ,3.15,consensus
2025-11-21,Dominique de Villepin ,3.5,consensus
2025-11-22,Dominique de Villepin ,2.7,consensus
2025-11-23,Dominique de Villepin ,9.65,consensus
2025-11-24,Dominique de Villepin ,8.75,consensus
2025-11-25,Dominique de Villepin ,7.9,consensus
2025-11-26,Dominique de Villepin ,6.0,consensus
2025-11-27,Dominique de Villepin ,5.2,consensus
2025-11-28,Dominique de Villepin ,4.5,consensus
2025-11-29,Dominique de Villepin ,3.0,consensus
2025-11-30,Dominique de Villepin ,3.1,consensus
2025-12-01,Dominique de Villepin ,3.15,consensus
2025-12-02,Dominique de Villepin ,3.45,consensus
2025-12-03,Dominique de Villepin ,3.7,consensus
2025-12-04,Dominique de Villepin ,3.75,consensus
2025-12-05,Dominique de Villepin ,3.7,consensus
2025-12-06,Dominique de Villepin ,3.4,consensus
2025-12-07,Dominique de Villepin ,3.4,consensus
2025-12-08,Dominique de Villepin ,4.15,consensus
2025-12-09,Dominique de Villepin ,4.1,consensus
2025-12-10,Dominique de Villepin ,3.6,consensus
2025-12-11,Dominique de Villepin ,2.79,consensus
2025-12-12,Dominique de Villepin ,4.99,consensus
2025-12-13,Dominique de Villepin ,4.65,consensus
2025-12-14,Dominique de Villepin ,4.55,consensus
2025-12-15,Dominique de Villepin ,4.35,consensus
2025-12-16,Dominique de Villepin ,3.19,consensus
2025-12-17,Dominique de Villepin ,3.05,consensus
2025-12-18,Dominique de Villepin ,3.19,consensus
2025-12-19,Dominique de Villepin ,3.02,consensus
2025-12-20,Dominique de Villepin ,2.99,consensus
2025-12-21,Dominique de Villepin ,2.95,consensus
2025-12-22,Dominique de Villepin ,2.92,consensus
2025-12-23,Dominique de Villepin ,2.62,consensus
2025-12-24,Dominique de Villepin ,3.32,consensus
2025-12-25,Dominique de Villepin ,2.92,consensus
2025-12-26,Dominique de Villepin ,2.85,consensus
2025-12-27,Dominique de Villepin ,3.05,consensus
2025-12-28,Dominique de Villepin ,2.75,consensus
2025-12-29,Dominique de Villepin ,4.52,consensus
2025-12-30,Dominique de Villepin ,6.49,consensus
2025-12-31,Dominique de Villepin ,2.42,consensus
2026-01-01,Dominique de Villepin ,2.59,consensus
2026-01-02,Dominique de Villepin ,2.72,consensus
2026-01-03,Dominique de Villepin ,2.72,consensus
2026-01-04,Dominique de Villepin ,3.95,consensus
2026-01-05,Dominique de Villepin ,5.49,consensus
2026-01-06,Dominique de Villepin ,4.99,consensus
2026-01-07,Dominique de Villepin ,3.65,consensus
2026-01-08,Dominique de Villepin ,3.85,consensus
2026-01-09,Dominique de Villepin ,5.09,consensus
2026-01-10,Dominique de Villepin ,7.13,consensus
2026-01-11,Dominique de Villepin ,6.74,consensus
2026-01-12,Dominique de Villepin ,6.51,consensus
2026-01-13,Dominique de Villepin ,6.11,consensus
2026-01-14,Dominique de Villepin ,7.31,consensus
2026-01-15,Dominique de Villepin ,6.54,consensus
2026-01-16,Dominique de Villepin ,6.27,consensus
2026-01-17,Dominique de Villepin ,6.34,consensus
2026-01-18,Dominique de Villepin ,7.21,consensus
2026-01-19,Dominique de Villepin ,7.82,consensus
2026-01-20,Dominique de Villepin ,7.44,consensus
2026-01-21,Dominique de Villepin ,7.42,consensus
2026-01-22,Dominique de Villepin ,7.96,consensus
2026-01-23,Dominique de Villepin ,7.9,consensus
2026-01-24,Dominique de Villepin ,8.02,consensus
2026-01-25,Dominique de Villepin ,7.94,consensus
2026-01-26,Dominique de Villepin ,8.64,consensus
2026-01-27,Dominique de Villepin ,7.94,consensus
2026-01-28,Dominique de Villepin ,7.62,consensus
2026-01-29,Dominique de Villepin ,7.54,consensus
2026-01-30,Dominique de Villepin ,7.62,consensus
2026-01-31,Dominique de Villepin ,7.92,consensus
2026-02-01,Dominique de Villepin ,7.62,consensus
2026-02-02,Dominique de Villepin ,7.2,consensus
2026-02-03,Dominique de Villepin ,7.08,consensus
2026-02-04,Dominique de Villepin ,7.04,consensus
2026-02-05,Dominique de Villepin ,7.64,consensus
2026-02-06,Dominique de Villepin ,7.33,consensus
2026-02-07,Dominique de Villepin ,7.25,consensus
2026-02-08,Dominique de Villepin ,7.63,consensus
2026-02-09,Dominique de Villepin ,7.51,consensus
2026-02-10,Dominique de Villepin ,7.43,consensus
2026-02-11,Dominique de Villepin ,7.09,consensus
2026-02-12,Dominique de Villepin ,7.05,consensus
2026-02-13,Dominique de Villepin ,7.21,consensus
2026-02-14,Dominique de Villepin ,6.93,consensus
2026-02-15,Dominique de Villepin ,6.89,consensus
2026-02-16,Dominique de Villepin ,7.43,consensus
2026-02-17,Dominique de Villepin ,7.67,consensus
2026-02-18,Dominique de Villepin ,7.45,consensus
2026-02-19,Dominique de Villepin ,7.41,consensus
2026-02-20,Dominique de Villepin ,7.21,consensus
2026-02-21,Dominique de Villepin ,7.21,consensus
2026-02-22,Dominique de Villepin ,7.33,consensus
2026-02-23,Dominique de Villepin ,7.33,consensus
2026-02-24,Dominique de Villepin ,7.43,consensus
2026-02-25,Dominique de Villepin ,7.47,consensus
2026-02-26,Dominique de Villepin ,7.37,consensus
2026-02-27,Dominique de Villepin ,5.85,consensus
2026-02-28,Dominique de Villepin ,5.79,consensus
2026-03-01,Dominique de Villepin ,5.85,consensus
2026-03-02,Dominique de Villepin ,6.13,consensus
2026-03-03,Dominique de Villepin ,6.25,consensus
2026-03-04,Dominique de Villepin ,6.25,consensus
2026-03-05,Dominique de Villepin ,5.89,consensus
2026-03-06,Dominique de Villepin ,5.81,consensus
2026-03-07,Dominique de Villepin ,5.67,consensus
2026-03-08,Dominique de Villepin ,5.95,consensus
2026-03-09,Dominique de Villepin ,6.47,consensus
2026-03-10,Dominique de Villepin ,7.25,consensus
2026-03-11,Dominique de Villepin ,7.57,consensus
2026-03-12,Dominique de Villepin ,7.3,consensus
2026-03-13,Dominique de Villepin ,7.42,consensus
2026-03-14,Dominique de Villepin ,7.42,consensus
2026-03-15,Dominique de Villepin ,7.3,consensus
2026-03-16,Dominique de Villepin ,7.3,consensus
2026-03-17,Dominique de Villepin ,7.42,consensus
2026-03-18,Dominique de Villepin ,7.51,consensus
2026-03-19,Dominique de Villepin ,4.13,consensus
2026-03-20,Dominique de Villepin ,4.29,consensus
2026-03-21,Dominique de Villepin ,4.15,consensus
2026-03-22,Dominique de Villepin ,4.09,consensus
2026-03-23,Dominique de Villepin ,3.67,consensus
2026-03-24,Dominique de Villepin ,4.43,consensus
2026-03-25,Dominique de Villepin ,7.13,consensus
2026-03-26,Dominique de Villepin ,5.77,consensus
2026-03-27,Dominique de Villepin ,5.69,consensus
2026-03-28,Dominique de Villepin ,5.81,consensus
2026-03-29,Dominique de Villepin ,5.63,consensus
2026-03-30,Dominique de Villepin ,5.63,consensus
2026-03-31,Dominique de Villepin ,5.19,consensus
2026-04-01,Dominique de Villepin ,5.19,consensus
2026-04-02,Dominique de Villepin ,5.19,consensus
2026-04-03,Dominique de Villepin ,5.19,consensus
2026-04-04,Dominique de Villepin ,5.19,consensus
2026-04-05,Dominique de Villepin ,5.19,consensus
2026-04-06,Dominique de Villepin ,5.19,consensus
2026-04-07,Dominique de Villepin ,5.19,consensus
2026-04-08,Dominique de Villepin ,6.39,consensus
2026-04-09,Dominique de Villepin ,4.45,consensus
2026-04-10,Dominique de Villepin ,4.45,consensus
2026-04-11,Dominique de Villepin ,4.45,consensus
2026-04-12,Dominique de Villepin ,4.45,consensus
2026-04-13,Dominique de Villepin ,4.45,consensus
2026-04-14,Dominique de Villepin ,4.45,consensus
2026-04-15,Dominique de Villepin ,4.45,consensus
2026-04-16,Dominique de Villepin ,4.45,consensus
2026-04-17,Dominique de Villepin ,4.45,consensus
2026-04-18,Dominique de Villepin ,4.45,consensus
2026-04-19,Dominique de Villepin ,4.45,consensus
2026-04-20,Dominique de Villepin ,4.45,consensus
2026-04-21,Dominique de Villepin ,4.45,consensus
2026-04-22,Dominique de Villepin ,4.11,consensus
2026-04-23,Dominique de Villepin ,4.11,consensus
2026-04-24,Dominique de Villepin ,4.15,consensus
2026-04-25,Dominique de Villepin ,4.11,consensus
2026-04-26,Dominique de Villepin ,4.19,consensus
2026-04-27,Dominique de Villepin ,6.43,consensus
2026-04-28,Dominique de Villepin ,6.73,consensus
2026-04-29,Dominique de Villepin ,4.43,consensus
2026-04-30,Dominique de Villepin ,4.49,consensus
2026-05-01,Dominique de Villepin ,4.49,consensus
2026-05-02,Dominique de Villepin ,4.57,consensus
2026-05-03,Dominique de Villepin ,4.55,consensus
2026-05-04,Dominique de Villepin ,4.45,consensus
2026-05-05,Dominique de Villepin ,4.26,consensus
2026-05-06,Dominique de Villepin ,4.3,consensus
2026-05-07,Dominique de Villepin ,4.3,consensus
2026-05-08,Dominique de Villepin ,4.26,consensus
2026-05-09,Dominique de Villepin ,4.26,consensus
2026-05-10,Dominique de Villepin ,4.26,consensus
2026-05-11,Dominique de Villepin ,4.26,consensus
2026-05-12,Dominique de Villepin ,4.1,consensus
2026-05-13,Dominique de Villepin ,4.02,consensus
2026-05-14,Dominique de Villepin ,3.87,consensus
2026-05-15,Dominique de Villepin ,3.81,consensus
2026-05-16,Dominique de Villepin ,3.81,consensus
2026-05-17,Dominique de Villepin ,3.89,consensus
2026-05-18,Dominique de Villepin ,3.89,consensus
2026-05-19,Dominique de Villepin ,3.61,consensus
2026-05-20,Dominique de Villepin ,3.7,consensus
2026-05-21,Dominique de Villepin ,2.88,consensus
2026-05-22,Dominique de Villepin ,2.82,consensus
2026-05-23,Dominique de Villepin ,2.84,consensus
2026-05-24,Dominique de Villepin ,2.8,consensus
2026-05-25,Dominique de Villepin ,2.76,consensus
2026-05-26,Dominique de Villepin ,2.72,consensus
2026-05-27,Dominique de Villepin ,2.64,consensus
2026-05-28,Dominique de Villepin ,2.68,consensus
2026-05-29,Dominique de Villepin ,2.7,consensus
2026-05-30,Dominique de Villepin ,2.7,consensus
2026-05-31,Dominique de Villepin ,2.6,consensus
2026-06-01,Dominique de Villepin ,2.68,consensus
2026-06-02,Dominique de Villepin ,2.68,consensus
2026-06-03,Dominique de Villepin ,2.78,consensus
2026-06-04,Dominique de Villepin ,2.72,consensus
2026-06-05,Dominique de Villepin ,2.72,consensus
2026-06-06,Dominique de Villepin ,2.72,consensus
2026-06-07,Dominique de Villepin ,2.72,consensus
2026-06-08,Dominique de Villepin ,2.72,consensus
2026-06-09,Dominique de Villepin ,2.76,consensus
2026-06-10,Dominique de Villepin ,2.72,consensus
2026-06-11,Dominique de Villepin ,2.4,consensus
2026-06-12,Dominique de Villepin ,2.36,consensus
2026-06-13,Dominique de Villepin ,2.32,consensus
2026-06-14,Dominique de Villepin ,2.28,consensus
2026-06-15,Dominique de Villepin ,2.24,consensus
2026-06-16,Dominique de Villepin ,2.4,consensus
2026-06-17,Dominique de Villepin ,2.54,consensus
2026-06-18,Dominique de Villepin ,2.52,consensus
2026-06-19,Dominique de Villepin ,2.5,consensus
2026-06-20,Dominique de Villepin ,2.54,consensus
2026-06-21,Dominique de Villepin ,2.48,consensus
2026-06-22,Dominique de Villepin ,2.44,consensus
2026-06-23,Dominique de Villepin ,4.58,consensus
2026-06-24,Dominique de Villepin ,4.6,consensus
2026-06-25,Dominique de Villepin ,4.6,consensus
2026-06-26,Dominique de Villepin ,4.5,consensus
2026-06-27,Dominique de Villepin ,4.48,consensus
2026-06-28,Dominique de Villepin ,4.48,consensus
2026-06-29,Dominique de Villepin ,4.48,consensus
2026-06-30,Dominique de Villepin ,4.46,consensus
2026-07-01,Dominique de Villepin ,4.32,consensus
2026-07-02,Dominique de Villepin ,4.2,consensus
2026-07-03,Dominique de Villepin ,4.24,consensus
2026-07-04,Dominique de Villepin ,4.3,consensus
2026-07-05,Dominique de Villepin ,4.3,consensus
2026-07-06,Dominique de Villepin ,4.28,consensus
2026-07-07,Dominique de Villepin ,4.24,consensus
2026-07-08,Dominique de Villepin ,4.02,consensus
2026-07-09,Dominique de Villepin ,3.9,consensus
2026-07-10,Dominique de Villepin ,3.86,consensus
2026-07-11,Dominique de Villepin ,3.82,consensus
2026-07-12,Dominique de Villepin ,1.96,consensus
2026-07-13,Dominique de Villepin ,1.86,consensus
2026-07-14,Dominique de Villepin ,1.78,consensus
2026-07-15,Dominique de Villepin ,1.72,consensus
2026-07-16,Dominique de Villepin ,1.95,consensus
2026-07-17,Dominique de Villepin ,2.03,consensus
2026-07-18,Dominique de Villepin ,2.05,consensus
2026-07-19,Dominique de Villepin ,2.05,consensus
2026-07-20,Dominique de Villepin ,3.83,consensus
2025-11-14,François Bayrou ,15.5,consensus
2025-11-15,François Bayrou ,1.65,consensus
2025-11-16,François Bayrou ,0.85,consensus
2025-11-17,François Bayrou ,0.9,consensus
2025-11-18,François Bayrou ,0.85,consensus
2025-11-19,François Bayrou ,0.85,consensus
2025-11-20,François Bayrou ,0.8,consensus
2025-11-21,François Bayrou ,0.65,consensus
2025-11-22,François Bayrou ,0.35,consensus
2025-11-23,François Bayrou ,0.3,consensus
2025-11-24,François Bayrou ,0.3,consensus
2025-11-25,François Bayrou ,0.75,consensus
2025-11-26,François Bayrou ,0.75,consensus
2025-11-27,François Bayrou ,0.75,consensus
2025-11-28,François Bayrou ,0.75,consensus
2025-11-29,François Bayrou ,0.8,consensus
2025-11-30,François Bayrou ,0.45,consensus
2025-12-01,François Bayrou ,0.4,consensus
2025-12-02,François Bayrou ,0.45,consensus
2025-12-03,François Bayrou ,0.35,consensus
2025-12-04,François Bayrou ,0.35,consensus
2025-12-05,François Bayrou ,0.8,consensus
2025-12-06,François Bayrou ,0.8,consensus
2025-12-07,François Bayrou ,0.8,consensus
2025-12-08,François Bayrou ,0.75,consensus
2025-12-09,François Bayrou ,0.65,consensus
2025-12-10,François Bayrou ,0.7,consensus
2025-12-11,François Bayrou ,0.6,consensus
2025-12-12,François Bayrou ,0.55,consensus
2025-12-13,François Bayrou ,0.55,consensus
2025-12-14,François Bayrou ,0.55,consensus
2025-12-15,François Bayrou ,0.45,consensus
2025-12-16,François Bayrou ,0.4,consensus
2025-12-17,François Bayrou ,0.35,consensus
2025-12-18,François Bayrou ,0.2,consensus
2025-12-19,François Bayrou ,0.2,consensus
2025-12-20,François Bayrou ,0.2,consensus
2025-12-21,François Bayrou ,0.2,consensus
2025-12-22,François Bayrou ,0.25,consensus
2025-12-23,François Bayrou ,0.2,consensus
2025-12-24,François Bayrou ,0.2,consensus
2025-12-25,François Bayrou ,0.2,consensus
2025-12-26,François Bayrou ,0.2,consensus
2025-12-27,François Bayrou ,0.15,consensus
2025-12-28,François Bayrou ,0.15,consensus
2025-12-29,François Bayrou ,0.15,consensus
2025-12-30,François Bayrou ,0.15,consensus
2025-12-31,François Bayrou ,0.15,consensus
2026-01-01,François Bayrou ,0.15,consensus
2026-01-02,François Bayrou ,0.15,consensus
2026-01-03,François Bayrou ,0.15,consensus
2026-01-04,François Bayrou ,0.15,consensus
2026-01-05,François Bayrou ,0.15,consensus
2026-01-06,François Bayrou ,0.15,consensus
2026-01-07,François Bayrou ,0.15,consensus
2026-01-08,François Bayrou ,0.15,consensus
2026-01-09,François Bayrou ,0.15,consensus
2026-01-10,François Bayrou ,0.15,consensus
2026-01-11,François Bayrou ,0.15,consensus
2026-01-12,François Bayrou ,0.15,consensus
2026-01-13,François Bayrou ,0.15,consensus
2026-01-14,François Bayrou ,0.15,consensus
2026-01-15,François Bayrou ,0.15,consensus
2026-01-16,François Bayrou ,0.15,consensus
2026-01-17,François Bayrou ,0.15,consensus
2026-01-18,François Bayrou ,0.15,consensus
2026-01-19,François Bayrou ,0.15,consensus
2026-01-20,François Bayrou ,0.15,consensus
2026-01-21,François Bayrou ,0.15,consensus
2026-01-22,François Bayrou ,0.15,consensus
2026-01-23,François Bayrou ,0.15,consensus
2026-01-24,François Bayrou ,0.15,consensus
2026-01-25,François Bayrou ,0.15,consensus
2026-01-26,François Bayrou ,0.15,consensus
2026-01-27,François Bayrou ,0.15,consensus
2026-01-28,François Bayrou ,0.15,consensus
2026-01-29,François Bayrou ,0.15,consensus
2026-01-30,François Bayrou ,0.15,consensus
2026-01-31,François Bayrou ,0.15,consensus
2026-02-01,François Bayrou ,0.15,consensus
2026-02-02,François Bayrou ,0.15,consensus
2026-02-03,François Bayrou ,0.15,consensus
2026-02-04,François Bayrou ,0.15,consensus
2026-02-05,François Bayrou ,0.15,consensus
2026-02-06,François Bayrou ,0.15,consensus
2026-02-07,François Bayrou ,0.15,consensus
2026-02-08,François Bayrou ,0.15,consensus
2026-02-09,François Bayrou ,0.15,consensus
2026-02-10,François Bayrou ,0.15,consensus
2026-02-11,François Bayrou ,0.15,consensus
2026-02-12,François Bayrou ,0.15,consensus
2026-02-13,François Bayrou ,0.15,consensus
2026-02-14,François Bayrou ,0.15,consensus
2026-02-15,François Bayrou ,0.15,consensus
2026-02-16,François Bayrou ,0.15,consensus
2026-02-17,François Bayrou ,0.15,consensus
2026-02-18,François Bayrou ,0.15,consensus
2026-02-19,François Bayrou ,0.15,consensus
2026-02-20,François Bayrou ,0.15,consensus
2026-02-21,François Bayrou ,0.15,consensus
2026-02-22,François Bayrou ,0.15,consensus
2026-02-23,François Bayrou ,0.15,consensus
2026-02-24,François Bayrou ,0.15,consensus
2026-02-25,François Bayrou ,0.15,consensus
2026-02-26,François Bayrou ,0.15,consensus
2026-02-27,François Bayrou ,0.15,consensus
2026-02-28,François Bayrou ,0.15,consensus
2026-03-01,François Bayrou ,0.15,consensus
2026-03-02,François Bayrou ,0.15,consensus
2026-03-03,François Bayrou ,0.15,consensus
2026-03-04,François Bayrou ,0.57,consensus
2026-03-05,François Bayrou ,0.57,consensus
2026-03-06,François Bayrou ,0.57,consensus
2026-03-07,François Bayrou ,0.57,consensus
2026-03-08,François Bayrou ,0.57,consensus
2026-03-09,François Bayrou ,0.57,consensus
2026-03-10,François Bayrou ,3.58,consensus
2026-03-11,François Bayrou ,3.58,consensus
2026-03-12,François Bayrou ,3.06,consensus
2026-03-13,François Bayrou ,3.06,consensus
2026-03-14,François Bayrou ,3.06,consensus
2026-03-15,François Bayrou ,3.06,consensus
2026-03-16,François Bayrou ,2.26,consensus
2026-03-17,François Bayrou ,2.26,consensus
2026-03-18,François Bayrou ,2.26,consensus
2026-03-19,François Bayrou ,2.26,consensus
2026-03-20,François Bayrou ,2.26,consensus
2026-03-21,François Bayrou ,2.3,consensus
2026-03-22,François Bayrou ,2.3,consensus
2026-03-23,François Bayrou ,2.12,consensus
2026-03-24,François Bayrou ,2.12,consensus
2026-03-25,François Bayrou ,2.12,consensus
2026-03-26,François Bayrou ,2.1,consensus
2026-03-27,François Bayrou ,2.12,consensus
2026-03-28,François Bayrou ,2.12,consensus
2026-03-29,François Bayrou ,2.12,consensus
2026-03-30,François Bayrou ,2.12,consensus
2026-03-31,François Bayrou ,2.12,consensus
2026-04-01,François Bayrou ,2.12,consensus
2026-04-02,François Bayrou ,2.12,consensus
2026-04-03,François Bayrou ,2.12,consensus
2026-04-04,François Bayrou ,2.12,consensus
2026-04-05,François Bayrou ,2.12,consensus
2026-04-06,François Bayrou ,2.12,consensus
2026-04-07,François Bayrou ,2.12,consensus
2026-04-08,François Bayrou ,2.12,consensus
2026-04-09,François Bayrou ,2.24,consensus
2026-04-10,François Bayrou ,2.24,consensus
2026-04-11,François Bayrou ,2.24,consensus
2026-04-12,François Bayrou ,2.24,consensus
2026-04-13,François Bayrou ,2.24,consensus
2026-04-14,François Bayrou ,2.24,consensus
2026-04-15,François Bayrou ,2.24,consensus
2026-04-16,François Bayrou ,2.24,consensus
2026-04-17,François Bayrou ,2.24,consensus
2026-04-18,François Bayrou ,2.24,consensus
2026-04-19,François Bayrou ,2.24,consensus
2026-04-20,François Bayrou ,2.24,consensus
2026-04-21,François Bayrou ,2.24,consensus
2026-04-22,François Bayrou ,2.28,consensus
2026-04-23,François Bayrou ,2.28,consensus
2026-04-24,François Bayrou ,2.24,consensus
2026-04-25,François Bayrou ,2.24,consensus
2026-04-26,François Bayrou ,2.18,consensus
2026-04-27,François Bayrou ,2.2,consensus
2026-04-28,François Bayrou ,2.2,consensus
2026-04-29,François Bayrou ,2.2,consensus
2026-04-30,François Bayrou ,2.2,consensus
2026-05-01,François Bayrou ,2.2,consensus
2026-05-02,François Bayrou ,2.2,consensus
2026-05-03,François Bayrou ,2.2,consensus
2026-05-04,François Bayrou ,2.2,consensus
2026-05-05,François Bayrou ,2.24,consensus
2026-05-06,François Bayrou ,2.24,consensus
2026-05-07,François Bayrou ,2.24,consensus
2026-05-08,François Bayrou ,2.24,consensus
2026-05-09,François Bayrou ,2.24,consensus
2026-05-10,François Bayrou ,2.24,consensus
2026-05-11,François Bayrou ,2.24,consensus
2026-05-12,François Bayrou ,2.24,consensus
2026-05-13,François Bayrou ,2.24,consensus
2026-05-14,François Bayrou ,2.24,consensus
2026-05-15,François Bayrou ,2.24,consensus
2026-05-16,François Bayrou ,2.24,consensus
2026-05-17,François Bayrou ,2.24,consensus
2026-05-18,François Bayrou ,2.24,consensus
2026-05-19,François Bayrou ,2.28,consensus
2026-05-20,François Bayrou ,2.28,consensus
2026-05-21,François Bayrou ,2.28,consensus
2026-05-22,François Bayrou ,2.28,consensus
2026-05-23,François Bayrou ,2.35,consensus
2026-05-24,François Bayrou ,2.35,consensus
2026-05-25,François Bayrou ,2.35,consensus
2026-05-26,François Bayrou ,2.35,consensus
2026-05-27,François Bayrou ,2.35,consensus
2026-05-28,François Bayrou ,2.35,consensus
2026-05-29,François Bayrou ,2.35,consensus
2026-05-30,François Bayrou ,2.35,consensus
2026-05-31,François Bayrou ,2.35,consensus
2026-06-01,François Bayrou ,2.35,consensus
2026-06-02,François Bayrou ,2.35,consensus
2026-06-03,François Bayrou ,2.35,consensus
2026-06-04,François Bayrou ,2.35,consensus
2026-06-05,François Bayrou ,2.35,consensus
2026-06-06,François Bayrou ,2.35,consensus
2026-06-07,François Bayrou ,2.35,consensus
2026-06-08,François Bayrou ,2.35,consensus
2026-06-09,François Bayrou ,2.35,consensus
2026-06-10,François Bayrou ,2.35,consensus
2026-06-11,François Bayrou ,2.35,consensus
2026-06-12,François Bayrou ,2.35,consensus
2026-06-13,François Bayrou ,2.35,consensus
2026-06-14,François Bayrou ,2.35,consensus
2026-06-15,François Bayrou ,2.35,consensus
2026-06-16,François Bayrou ,2.35,consensus
2026-06-17,François Bayrou ,2.35,consensus
2026-06-18,François Bayrou ,2.35,consensus
2026-06-19,François Bayrou ,2.35,consensus
2026-06-20,François Bayrou ,2.35,consensus
2026-06-21,François Bayrou ,2.35,consensus
2026-06-22,François Bayrou ,2.35,consensus
2026-06-23,François Bayrou ,2.35,consensus
2026-06-24,François Bayrou ,2.35,consensus
2026-06-25,François Bayrou ,2.35,consensus
2026-06-26,François Bayrou ,2.35,consensus
2026-06-27,François Bayrou ,2.35,consensus
2026-06-28,François Bayrou ,2.35,consensus
2026-06-29,François Bayrou ,2.35,consensus
2026-06-30,François Bayrou ,2.35,consensus
2026-07-01,François Bayrou ,2.35,consensus
2026-07-02,François Bayrou ,2.35,consensus
2026-07-03,François Bayrou ,2.35,consensus
2026-07-04,François Bayrou ,2.35,consensus
2026-07-05,François Bayrou ,2.35,consensus
2026-07-06,François Bayrou ,2.35,consensus
2026-07-07,François Bayrou ,2.35,consensus
2026-07-08,François Bayrou ,2.35,consensus
2026-07-09,François Bayrou ,2.35,consensus
2026-07-10,François Bayrou ,2.35,consensus
2026-07-11,François Bayrou ,2.23,consensus
2026-07-12,François Bayrou ,2.23,consensus
2026-07-13,François Bayrou ,2.23,consensus
2026-07-14,François Bayrou ,2.23,consensus
2026-07-15,François Bayrou ,2.23,consensus
2026-07-16,François Bayrou ,2.19,consensus
2026-07-17,François Bayrou ,2.19,consensus
2026-07-18,François Bayrou ,2.19,consensus
2026-07-19,François Bayrou ,2.19,consensus
2026-07-20,François Bayrou ,2.15,consensus
2025-11-14,François Hollande,13.0,consensus
2025-11-15,François Hollande,0.7,consensus
2025-11-16,François Hollande,0.7,consensus
2025-11-17,François Hollande,0.7,consensus
2025-11-18,François Hollande,0.75,consensus
2025-11-19,François Hollande,0.8,consensus
2025-11-20,François Hollande,0.75,consensus
2025-11-21,François Hollande,0.75,consensus
2025-11-22,François Hollande,0.95,consensus
2025-11-23,François Hollande,0.7,consensus
2025-11-24,François Hollande,0.7,consensus
2025-11-25,François Hollande,0.7,consensus
2025-11-26,François Hollande,0.7,consensus
2025-11-27,François Hollande,0.7,consensus
2025-11-28,François Hollande,2.6,consensus
2025-11-29,François Hollande,1.4,consensus
2025-11-30,François Hollande,1.0,consensus
2025-12-01,François Hollande,1.25,consensus
2025-12-02,François Hollande,1.25,consensus
2025-12-03,François Hollande,1.3,consensus
2025-12-04,François Hollande,1.3,consensus
2025-12-05,François Hollande,1.25,consensus
2025-12-06,François Hollande,1.15,consensus
2025-12-07,François Hollande,2.05,consensus
2025-12-08,François Hollande,1.15,consensus
2025-12-09,François Hollande,0.8,consensus
2025-12-10,François Hollande,1.8,consensus
2025-12-11,François Hollande,1.2,consensus
2025-12-12,François Hollande,0.9,consensus
2025-12-13,François Hollande,0.85,consensus
2025-12-14,François Hollande,1.05,consensus
2025-12-15,François Hollande,1.0,consensus
2025-12-16,François Hollande,0.95,consensus
2025-12-17,François Hollande,0.8,consensus
2025-12-18,François Hollande,0.75,consensus
2025-12-19,François Hollande,0.75,consensus
2025-12-20,François Hollande,0.75,consensus
2025-12-21,François Hollande,0.7,consensus
2025-12-22,François Hollande,0.7,consensus
2025-12-23,François Hollande,0.45,consensus
2025-12-24,François Hollande,0.45,consensus
2025-12-25,François Hollande,0.45,consensus
2025-12-26,François Hollande,0.6,consensus
2025-12-27,François Hollande,0.6,consensus
2025-12-28,François Hollande,0.6,consensus
2025-12-29,François Hollande,0.6,consensus
2025-12-30,François Hollande,0.75,consensus
2025-12-31,François Hollande,0.75,consensus
2026-01-01,François Hollande,0.75,consensus
2026-01-02,François Hollande,0.95,consensus
2026-01-03,François Hollande,0.9,consensus
2026-01-04,François Hollande,0.95,consensus
2026-01-05,François Hollande,0.9,consensus
2026-01-06,François Hollande,0.8,consensus
2026-01-07,François Hollande,0.7,consensus
2026-01-08,François Hollande,0.65,consensus
2026-01-09,François Hollande,0.85,consensus
2026-01-10,François Hollande,0.8,consensus
2026-01-11,François Hollande,0.7,consensus
2026-01-12,François Hollande,0.85,consensus
2026-01-13,François Hollande,0.8,consensus
2026-01-14,François Hollande,0.75,consensus
2026-01-15,François Hollande,0.95,consensus
2026-01-16,François Hollande,0.95,consensus
2026-01-17,François Hollande,0.95,consensus
2026-01-18,François Hollande,3.25,consensus
2026-01-19,François Hollande,3.0,consensus
2026-01-20,François Hollande,1.85,consensus
2026-01-21,François Hollande,1.85,consensus
2026-01-22,François Hollande,1.6,consensus
2026-01-23,François Hollande,1.85,consensus
2026-01-24,François Hollande,0.9,consensus
2026-01-25,François Hollande,1.2,consensus
2026-01-26,François Hollande,1.8,consensus
2026-01-27,François Hollande,2.35,consensus
2026-01-28,François Hollande,1.5,consensus
2026-01-29,François Hollande,2.4,consensus
2026-01-30,François Hollande,1.95,consensus
2026-01-31,François Hollande,1.65,consensus
2026-02-01,François Hollande,2.0,consensus
2026-02-02,François Hollande,1.75,consensus
2026-02-03,François Hollande,2.05,consensus
2026-02-04,François Hollande,2.0,consensus
2026-02-05,François Hollande,2.15,consensus
2026-02-06,François Hollande,1.85,consensus
2026-02-07,François Hollande,1.75,consensus
2026-02-08,François Hollande,1.95,consensus
2026-02-09,François Hollande,1.7,consensus
2026-02-10,François Hollande,1.6,consensus
2026-02-11,François Hollande,1.6,consensus
2026-02-12,François Hollande,1.85,consensus
2026-02-13,François Hollande,1.55,consensus
2026-02-14,François Hollande,1.55,consensus
2026-02-15,François Hollande,1.65,consensus
2026-02-16,François Hollande,2.3,consensus
2026-02-17,François Hollande,1.8,consensus
2026-02-18,François Hollande,2.45,consensus
2026-02-19,François Hollande,2.65,consensus
2026-02-20,François Hollande,3.7,consensus
2026-02-21,François Hollande,2.95,consensus
2026-02-22,François Hollande,2.25,consensus
2026-02-23,François Hollande,4.35,consensus
2026-02-24,François Hollande,3.2,consensus
2026-02-25,François Hollande,3.65,consensus
2026-02-26,François Hollande,3.5,consensus
2026-02-27,François Hollande,3.0,consensus
2026-02-28,François Hollande,2.25,consensus
2026-03-01,François Hollande,2.3,consensus
2026-03-02,François Hollande,2.65,consensus
2026-03-03,François Hollande,2.65,consensus
2026-03-04,François Hollande,2.3,consensus
2026-03-05,François Hollande,1.75,consensus
2026-03-06,François Hollande,1.8,consensus
2026-03-07,François Hollande,1.7,consensus
2026-03-08,François Hollande,2.25,consensus
2026-03-09,François Hollande,2.2,consensus
2026-03-10,François Hollande,2.3,consensus
2026-03-11,François Hollande,2.15,consensus
2026-03-12,François Hollande,2.2,consensus
2026-03-13,François Hollande,1.86,consensus
2026-03-14,François Hollande,2.06,consensus
2026-03-15,François Hollande,1.93,consensus
2026-03-16,François Hollande,2.33,consensus
2026-03-17,François Hollande,2.83,consensus
2026-03-18,François Hollande,2.2,consensus
2026-03-19,François Hollande,2.4,consensus
2026-03-20,François Hollande,2.2,consensus
2026-03-21,François Hollande,2.9,consensus
2026-03-22,François Hollande,2.56,consensus
2026-03-23,François Hollande,2.36,consensus
2026-03-24,François Hollande,1.98,consensus
2026-03-25,François Hollande,2.15,consensus
2026-03-26,François Hollande,2.08,consensus
2026-03-27,François Hollande,2.68,consensus
2026-03-28,François Hollande,2.58,consensus
2026-03-29,François Hollande,2.28,consensus
2026-03-30,François Hollande,2.32,consensus
2026-03-31,François Hollande,2.18,consensus
2026-04-01,François Hollande,2.48,consensus
2026-04-02,François Hollande,2.35,consensus
2026-04-03,François Hollande,2.35,consensus
2026-04-04,François Hollande,2.35,consensus
2026-04-05,François Hollande,2.35,consensus
2026-04-06,François Hollande,2.35,consensus
2026-04-07,François Hollande,1.95,consensus
2026-04-08,François Hollande,1.95,consensus
2026-04-09,François Hollande,1.95,consensus
2026-04-10,François Hollande,1.95,consensus
2026-04-11,François Hollande,1.95,consensus
2026-04-12,François Hollande,1.95,consensus
2026-04-13,François Hollande,1.95,consensus
2026-04-14,François Hollande,1.95,consensus
2026-04-15,François Hollande,1.95,consensus
2026-04-16,François Hollande,1.95,consensus
2026-04-17,François Hollande,1.95,consensus
2026-04-18,François Hollande,2.28,consensus
2026-04-19,François Hollande,2.28,consensus
2026-04-20,François Hollande,2.28,consensus
2026-04-21,François Hollande,2.28,consensus
2026-04-22,François Hollande,2.78,consensus
2026-04-23,François Hollande,2.52,consensus
2026-04-24,François Hollande,3.25,consensus
2026-04-25,François Hollande,3.11,consensus
2026-04-26,François Hollande,3.37,consensus
2026-04-27,François Hollande,2.61,consensus
2026-04-28,François Hollande,2.37,consensus
2026-04-29,François Hollande,2.97,consensus
2026-04-30,François Hollande,3.51,consensus
2026-05-01,François Hollande,3.51,consensus
2026-05-02,François Hollande,3.01,consensus
2026-05-03,François Hollande,2.84,consensus
2026-05-04,François Hollande,2.77,consensus
2026-05-05,François Hollande,2.84,consensus
2026-05-06,François Hollande,2.74,consensus
2026-05-07,François Hollande,2.77,consensus
2026-05-08,François Hollande,2.64,consensus
2026-05-09,François Hollande,3.37,consensus
2026-05-10,François Hollande,3.04,consensus
2026-05-11,François Hollande,3.11,consensus
2026-05-12,François Hollande,2.91,consensus
2026-05-13,François Hollande,2.77,consensus
2026-05-14,François Hollande,3.04,consensus
2026-05-15,François Hollande,2.84,consensus
2026-05-16,François Hollande,2.91,consensus
2026-05-17,François Hollande,4.1,consensus
2026-05-18,François Hollande,4.03,consensus
2026-05-19,François Hollande,3.15,consensus
2026-05-20,François Hollande,3.9,consensus
2026-05-21,François Hollande,3.87,consensus
2026-05-22,François Hollande,3.83,consensus
2026-05-23,François Hollande,3.7,consensus
2026-05-24,François Hollande,3.67,consensus
2026-05-25,François Hollande,3.63,consensus
2026-05-26,François Hollande,3.63,consensus
2026-05-27,François Hollande,3.63,consensus
2026-05-28,François Hollande,4.13,consensus
2026-05-29,François Hollande,3.9,consensus
2026-05-30,François Hollande,3.9,consensus
2026-05-31,François Hollande,3.9,consensus
2026-06-01,François Hollande,3.7,consensus
2026-06-02,François Hollande,3.57,consensus
2026-06-03,François Hollande,3.5,consensus
2026-06-04,François Hollande,3.37,consensus
2026-06-05,François Hollande,3.24,consensus
2026-06-06,François Hollande,3.24,consensus
2026-06-07,François Hollande,3.24,consensus
2026-06-08,François Hollande,3.24,consensus
2026-06-09,François Hollande,3.17,consensus
2026-06-10,François Hollande,3.17,consensus
2026-06-11,François Hollande,3.17,consensus
2026-06-12,François Hollande,3.17,consensus
2026-06-13,François Hollande,3.04,consensus
2026-06-14,François Hollande,3.04,consensus
2026-06-15,François Hollande,3.04,consensus
2026-06-16,François Hollande,3.04,consensus
2026-06-17,François Hollande,3.04,consensus
2026-06-18,François Hollande,2.5,consensus
2026-06-19,François Hollande,2.3,consensus
2026-06-20,François Hollande,2.34,consensus
2026-06-21,François Hollande,2.4,consensus
2026-06-22,François Hollande,2.37,consensus
2026-06-23,François Hollande,3.34,consensus
2026-06-24,François Hollande,3.2,consensus
2026-06-25,François Hollande,3.17,consensus
2026-06-26,François Hollande,3.04,consensus
2026-06-27,François Hollande,2.74,consensus
2026-06-28,François Hollande,2.64,consensus
2026-06-29,François Hollande,2.64,consensus
2026-06-30,François Hollande,2.64,consensus
2026-07-01,François Hollande,2.64,consensus
2026-07-02,François Hollande,2.64,consensus
2026-07-03,François Hollande,2.5,consensus
2026-07-04,François Hollande,2.37,consensus
2026-07-05,François Hollande,2.47,consensus
2026-07-06,François Hollande,2.47,consensus
2026-07-07,François Hollande,2.84,consensus
2026-07-08,François Hollande,2.3,consensus
2026-07-09,François Hollande,2.3,consensus
2026-07-10,François Hollande,2.5,consensus
2026-07-11,François Hollande,2.44,consensus
2026-07-12,François Hollande,2.84,consensus
2026-07-13,François Hollande,2.8,consensus
2026-07-14,François Hollande,2.82,consensus
2026-07-15,François Hollande,2.86,consensus
2026-07-16,François Hollande,3.0,consensus
2026-07-17,François Hollande,2.96,consensus
2026-07-18,François Hollande,22.1,consensus
2026-07-19,François Hollande,22.12,consensus
2026-07-20,François Hollande,22.1,consensus
2025-11-05,François Ruffin,6.78,consensus
2025-11-06,François Ruffin,6.78,consensus
2025-11-07,François Ruffin,6.78,consensus
2025-11-08,François Ruffin,6.78,consensus
2025-11-09,François Ruffin,6.78,consensus
2025-11-10,François Ruffin,6.78,consensus
2025-11-11,François Ruffin,6.78,consensus
2025-11-12,François Ruffin,6.78,consensus
2025-11-13,François Ruffin,6.78,consensus
2025-11-14,François Ruffin,5.59,consensus
2025-11-15,François Ruffin,3.66,consensus
2025-11-16,François Ruffin,4.16,consensus
2025-11-17,François Ruffin,4.13,consensus
2025-11-18,François Ruffin,4.53,consensus
2025-11-19,François Ruffin,4.83,consensus
2025-11-20,François Ruffin,4.83,consensus
2025-11-21,François Ruffin,4.56,consensus
2025-11-22,François Ruffin,3.83,consensus
2025-11-23,François Ruffin,2.79,consensus
2025-11-24,François Ruffin,3.66,consensus
2025-11-25,François Ruffin,3.09,consensus
2025-11-26,François Ruffin,2.93,consensus
2025-11-27,François Ruffin,3.39,consensus
2025-11-28,François Ruffin,3.49,consensus
2025-11-29,François Ruffin,2.73,consensus
2025-11-30,François Ruffin,3.26,consensus
2025-12-01,François Ruffin,3.03,consensus
2025-12-02,François Ruffin,2.93,consensus
2025-12-03,François Ruffin,2.93,consensus
2025-12-04,François Ruffin,3.13,consensus
2025-12-05,François Ruffin,2.79,consensus
2025-12-06,François Ruffin,2.69,consensus
2025-12-07,François Ruffin,2.69,consensus
2025-12-08,François Ruffin,2.69,consensus
2025-12-09,François Ruffin,2.69,consensus
2025-12-10,François Ruffin,2.66,consensus
2025-12-11,François Ruffin,4.03,consensus
2025-12-12,François Ruffin,3.26,consensus
2025-12-13,François Ruffin,2.96,consensus
2025-12-14,François Ruffin,2.96,consensus
2025-12-15,François Ruffin,3.16,consensus
2025-12-16,François Ruffin,2.73,consensus
2025-12-17,François Ruffin,2.73,consensus
2025-12-18,François Ruffin,2.73,consensus
2025-12-19,François Ruffin,2.73,consensus
2025-12-20,François Ruffin,2.73,consensus
2025-12-21,François Ruffin,2.73,consensus
2025-12-22,François Ruffin,2.73,consensus
2025-12-23,François Ruffin,2.73,consensus
2025-12-24,François Ruffin,2.73,consensus
2025-12-25,François Ruffin,2.73,consensus
2025-12-26,François Ruffin,2.73,consensus
2025-12-27,François Ruffin,2.73,consensus
2025-12-28,François Ruffin,2.73,consensus
2025-12-29,François Ruffin,2.73,consensus
2025-12-30,François Ruffin,2.69,consensus
2025-12-31,François Ruffin,2.83,consensus
2026-01-01,François Ruffin,2.83,consensus
2026-01-02,François Ruffin,2.83,consensus
2026-01-03,François Ruffin,2.73,consensus
2026-01-04,François Ruffin,2.76,consensus
2026-01-05,François Ruffin,2.73,consensus
2026-01-06,François Ruffin,2.69,consensus
2026-01-07,François Ruffin,2.76,consensus
2026-01-08,François Ruffin,2.79,consensus
2026-01-09,François Ruffin,2.76,consensus
2026-01-10,François Ruffin,2.73,consensus
2026-01-11,François Ruffin,2.69,consensus
2026-01-12,François Ruffin,2.69,consensus
2026-01-13,François Ruffin,2.66,consensus
2026-01-14,François Ruffin,2.59,consensus
2026-01-15,François Ruffin,2.59,consensus
2026-01-16,François Ruffin,2.59,consensus
2026-01-17,François Ruffin,2.59,consensus
2026-01-18,François Ruffin,2.59,consensus
2026-01-19,François Ruffin,2.53,consensus
2026-01-20,François Ruffin,2.49,consensus
2026-01-21,François Ruffin,2.49,consensus
2026-01-22,François Ruffin,2.53,consensus
2026-01-23,François Ruffin,2.53,consensus
2026-01-24,François Ruffin,2.49,consensus
2026-01-25,François Ruffin,2.49,consensus
2026-01-26,François Ruffin,2.49,consensus
2026-01-27,François Ruffin,2.56,consensus
2026-01-28,François Ruffin,3.46,consensus
2026-01-29,François Ruffin,3.03,consensus
2026-01-30,François Ruffin,3.43,consensus
2026-01-31,François Ruffin,2.96,consensus
2026-02-01,François Ruffin,2.14,consensus
2026-02-02,François Ruffin,2.1,consensus
2026-02-03,François Ruffin,2.06,consensus
2026-02-04,François Ruffin,2.06,consensus
2026-02-05,François Ruffin,2.06,consensus
2026-02-06,François Ruffin,2.1,consensus
2026-02-07,François Ruffin,2.18,consensus
2026-02-08,François Ruffin,2.3,consensus
2026-02-09,François Ruffin,2.2,consensus
2026-02-10,François Ruffin,2.28,consensus
2026-02-11,François Ruffin,2.16,consensus
2026-02-12,François Ruffin,2.14,consensus
2026-02-13,François Ruffin,2.12,consensus
2026-02-14,François Ruffin,2.18,consensus
2026-02-15,François Ruffin,2.12,consensus
2026-02-16,François Ruffin,2.32,consensus
2026-02-17,François Ruffin,2.28,consensus
2026-02-18,François Ruffin,1.04,consensus
2026-02-19,François Ruffin,1.0,consensus
2026-02-20,François Ruffin,0.96,consensus
2026-02-21,François Ruffin,0.92,consensus
2026-02-22,François Ruffin,0.96,consensus
2026-02-23,François Ruffin,0.92,consensus
2026-02-24,François Ruffin,0.92,consensus
2026-02-25,François Ruffin,0.92,consensus
2026-02-26,François Ruffin,0.92,consensus
2026-02-27,François Ruffin,0.92,consensus
2026-02-28,François Ruffin,0.92,consensus
2026-03-01,François Ruffin,0.98,consensus
2026-03-02,François Ruffin,0.88,consensus
2026-03-03,François Ruffin,0.9,consensus
2026-03-04,François Ruffin,1.3,consensus
2026-03-05,François Ruffin,1.28,consensus
2026-03-06,François Ruffin,1.28,consensus
2026-03-07,François Ruffin,1.28,consensus
2026-03-08,François Ruffin,1.28,consensus
2026-03-09,François Ruffin,1.26,consensus
2026-03-10,François Ruffin,2.86,consensus
2026-03-11,François Ruffin,2.84,consensus
2026-03-12,François Ruffin,2.96,consensus
2026-03-13,François Ruffin,3.36,consensus
2026-03-14,François Ruffin,3.28,consensus
2026-03-15,François Ruffin,3.28,consensus
2026-03-16,François Ruffin,2.08,consensus
2026-03-17,François Ruffin,2.0,consensus
2026-03-18,François Ruffin,1.98,consensus
2026-03-19,François Ruffin,1.98,consensus
2026-03-20,François Ruffin,2.08,consensus
2026-03-21,François Ruffin,2.08,consensus
2026-03-22,François Ruffin,2.08,consensus
2026-03-23,François Ruffin,2.08,consensus
2026-03-24,François Ruffin,2.12,consensus
2026-03-25,François Ruffin,2.08,consensus
2026-03-26,François Ruffin,2.08,consensus
2026-03-27,François Ruffin,2.08,consensus
2026-03-28,François Ruffin,2.08,consensus
2026-03-29,François Ruffin,2.08,consensus
2026-03-30,François Ruffin,2.08,consensus
2026-03-31,François Ruffin,2.08,consensus
2026-04-01,François Ruffin,2.08,consensus
2026-04-02,François Ruffin,2.08,consensus
2026-04-03,François Ruffin,2.08,consensus
2026-04-04,François Ruffin,2.08,consensus
2026-04-05,François Ruffin,2.16,consensus
2026-04-06,François Ruffin,2.16,consensus
2026-04-07,François Ruffin,2.16,consensus
2026-04-08,François Ruffin,2.16,consensus
2026-04-09,François Ruffin,2.16,consensus
2026-04-10,François Ruffin,2.16,consensus
2026-04-11,François Ruffin,2.16,consensus
2026-04-12,François Ruffin,1.36,consensus
2026-04-13,François Ruffin,1.36,consensus
2026-04-14,François Ruffin,1.36,consensus
2026-04-15,François Ruffin,1.36,consensus
2026-04-16,François Ruffin,2.96,consensus
2026-04-17,François Ruffin,2.96,consensus
2026-04-18,François Ruffin,3.0,consensus
2026-04-19,François Ruffin,2.04,consensus
2026-04-20,François Ruffin,2.04,consensus
2026-04-21,François Ruffin,2.04,consensus
2026-04-22,François Ruffin,2.04,consensus
2026-04-23,François Ruffin,1.98,consensus
2026-04-24,François Ruffin,1.98,consensus
2026-04-25,François Ruffin,1.98,consensus
2026-04-26,François Ruffin,1.94,consensus
2026-04-27,François Ruffin,1.86,consensus
2026-04-28,François Ruffin,1.9,consensus
2026-04-29,François Ruffin,1.9,consensus
2026-04-30,François Ruffin,1.94,consensus
2026-05-01,François Ruffin,1.9,consensus
2026-05-02,François Ruffin,1.9,consensus
2026-05-03,François Ruffin,1.9,consensus
2026-05-04,François Ruffin,1.94,consensus
2026-05-05,François Ruffin,1.94,consensus
2026-05-06,François Ruffin,1.94,consensus
2026-05-07,François Ruffin,1.94,consensus
2026-05-08,François Ruffin,1.94,consensus
2026-05-09,François Ruffin,1.94,consensus
2026-05-10,François Ruffin,1.94,consensus
2026-05-11,François Ruffin,1.9,consensus
2026-05-12,François Ruffin,1.02,consensus
2026-05-13,François Ruffin,1.02,consensus
2026-05-14,François Ruffin,1.26,consensus
2026-05-15,François Ruffin,1.26,consensus
2026-05-16,François Ruffin,1.26,consensus
2026-05-17,François Ruffin,1.26,consensus
2026-05-18,François Ruffin,1.26,consensus
2026-05-19,François Ruffin,1.26,consensus
2026-05-20,François Ruffin,1.26,consensus
2026-05-21,François Ruffin,1.26,consensus
2026-05-22,François Ruffin,1.26,consensus
2026-05-23,François Ruffin,1.26,consensus
2026-05-24,François Ruffin,1.26,consensus
2026-05-25,François Ruffin,1.26,consensus
2026-05-26,François Ruffin,1.26,consensus
2026-05-27,François Ruffin,1.3,consensus
2026-05-28,François Ruffin,1.3,consensus
2026-05-29,François Ruffin,1.3,consensus
2026-05-30,François Ruffin,1.3,consensus
2026-05-31,François Ruffin,1.3,consensus
2026-06-01,François Ruffin,1.3,consensus
2026-06-02,François Ruffin,1.3,consensus
2026-06-03,François Ruffin,1.3,consensus
2026-06-04,François Ruffin,1.26,consensus
2026-06-05,François Ruffin,1.26,consensus
2026-06-06,François Ruffin,1.26,consensus
2026-06-07,François Ruffin,1.26,consensus
2026-06-08,François Ruffin,1.26,consensus
2026-06-09,François Ruffin,1.26,consensus
2026-06-10,François Ruffin,1.26,consensus
2026-06-11,François Ruffin,1.26,consensus
2026-06-12,François Ruffin,1.26,consensus
2026-06-13,François Ruffin,1.26,consensus
2026-06-14,François Ruffin,1.26,consensus
2026-06-15,François Ruffin,1.26,consensus
2026-06-16,François Ruffin,1.26,consensus
2026-06-17,François Ruffin,1.26,consensus
2026-06-18,François Ruffin,1.26,consensus
2026-06-19,François Ruffin,1.26,consensus
2026-06-20,François Ruffin,1.26,consensus
2026-06-21,François Ruffin,1.26,consensus
2026-06-22,François Ruffin,1.26,consensus
2026-06-23,François Ruffin,1.26,consensus
2026-06-24,François Ruffin,1.26,consensus
2026-06-25,François Ruffin,1.26,consensus
2026-06-26,François Ruffin,1.26,consensus
2026-06-27,François Ruffin,1.26,consensus
2026-06-28,François Ruffin,1.26,consensus
2026-06-29,François Ruffin,1.26,consensus
2026-06-30,François Ruffin,1.26,consensus
2026-07-01,François Ruffin,1.26,consensus
2026-07-02,François Ruffin,1.26,consensus
2026-07-03,François Ruffin,1.26,consensus
2026-07-04,François Ruffin,1.26,consensus
2026-07-05,François Ruffin,1.26,consensus
2026-07-06,François Ruffin,1.26,consensus
2026-07-07,François Ruffin,1.26,consensus
2026-07-08,François Ruffin,1.26,consensus
2026-07-09,François Ruffin,1.26,consensus
2026-07-10,François Ruffin,1.26,consensus
2026-07-11,François Ruffin,1.18,consensus
2026-07-12,François Ruffin,1.18,consensus
2026-07-13,François Ruffin,1.18,consensus
2026-07-14,François Ruffin,1.18,consensus
2026-07-15,François Ruffin,1.14,consensus
2026-07-16,François Ruffin,1.14,consensus
2026-07-17,François Ruffin,1.1,consensus
2026-07-18,François Ruffin,1.1,consensus
2026-07-19,François Ruffin,1.1,consensus
2026-07-20,François Ruffin,1.1,consensus
2025-11-02,Gabriel Attal ,10.0,consensus
2025-11-03,Gabriel Attal ,11.0,consensus
2025-11-04,Gabriel Attal ,11.83,consensus
2025-11-05,Gabriel Attal ,11.83,consensus
2025-11-06,Gabriel Attal ,22.22,consensus
2025-11-07,Gabriel Attal ,22.22,consensus
2025-11-08,Gabriel Attal ,20.88,consensus
2025-11-09,Gabriel Attal ,20.88,consensus
2025-11-10,Gabriel Attal ,20.88,consensus
2025-11-11,Gabriel Attal ,20.88,consensus
2025-11-12,Gabriel Attal ,20.88,consensus
2025-11-13,Gabriel Attal ,20.88,consensus
2025-11-14,Gabriel Attal ,17.29,consensus
2025-11-15,Gabriel Attal ,10.96,consensus
2025-11-16,Gabriel Attal ,11.29,consensus
2025-11-17,Gabriel Attal ,11.29,consensus
2025-11-18,Gabriel Attal ,9.33,consensus
2025-11-19,Gabriel Attal ,8.36,consensus
2025-11-20,Gabriel Attal ,7.69,consensus
2025-11-21,Gabriel Attal ,7.02,consensus
2025-11-22,Gabriel Attal ,12.02,consensus
2025-11-23,Gabriel Attal ,10.36,consensus
2025-11-24,Gabriel Attal ,9.02,consensus
2025-11-25,Gabriel Attal ,8.0,consensus
2025-11-26,Gabriel Attal ,8.0,consensus
2025-11-27,Gabriel Attal ,7.33,consensus
2025-11-28,Gabriel Attal ,7.33,consensus
2025-11-29,Gabriel Attal ,8.62,consensus
2025-11-30,Gabriel Attal ,8.57,consensus
2025-12-01,Gabriel Attal ,8.57,consensus
2025-12-02,Gabriel Attal ,8.23,consensus
2025-12-03,Gabriel Attal ,8.23,consensus
2025-12-04,Gabriel Attal ,7.57,consensus
2025-12-05,Gabriel Attal ,7.9,consensus
2025-12-06,Gabriel Attal ,7.9,consensus
2025-12-07,Gabriel Attal ,7.9,consensus
2025-12-08,Gabriel Attal ,7.9,consensus
2025-12-09,Gabriel Attal ,7.57,consensus
2025-12-10,Gabriel Attal ,7.9,consensus
2025-12-11,Gabriel Attal ,7.57,consensus
2025-12-12,Gabriel Attal ,7.9,consensus
2025-12-13,Gabriel Attal ,7.57,consensus
2025-12-14,Gabriel Attal ,7.23,consensus
2025-12-15,Gabriel Attal ,6.9,consensus
2025-12-16,Gabriel Attal ,7.23,consensus
2025-12-17,Gabriel Attal ,7.57,consensus
2025-12-18,Gabriel Attal ,8.57,consensus
2025-12-19,Gabriel Attal ,8.57,consensus
2025-12-20,Gabriel Attal ,7.9,consensus
2025-12-21,Gabriel Attal ,8.57,consensus
2025-12-22,Gabriel Attal ,10.55,consensus
2025-12-23,Gabriel Attal ,12.89,consensus
2025-12-24,Gabriel Attal ,12.89,consensus
2025-12-25,Gabriel Attal ,13.22,consensus
2025-12-26,Gabriel Attal ,12.89,consensus
2025-12-27,Gabriel Attal ,12.55,consensus
2025-12-28,Gabriel Attal ,12.55,consensus
2025-12-29,Gabriel Attal ,12.22,consensus
2025-12-30,Gabriel Attal ,12.22,consensus
2025-12-31,Gabriel Attal ,11.89,consensus
2026-01-01,Gabriel Attal ,12.35,consensus
2026-01-02,Gabriel Attal ,12.02,consensus
2026-01-03,Gabriel Attal ,11.68,consensus
2026-01-04,Gabriel Attal ,11.68,consensus
2026-01-05,Gabriel Attal ,11.68,consensus
2026-01-06,Gabriel Attal ,8.41,consensus
2026-01-07,Gabriel Attal ,10.71,consensus
2026-01-08,Gabriel Attal ,9.38,consensus
2026-01-09,Gabriel Attal ,9.05,consensus
2026-01-10,Gabriel Attal ,9.89,consensus
2026-01-11,Gabriel Attal ,9.32,consensus
2026-01-12,Gabriel Attal ,9.66,consensus
2026-01-13,Gabriel Attal ,10.49,consensus
2026-01-14,Gabriel Attal ,9.89,consensus
2026-01-15,Gabriel Attal ,9.89,consensus
2026-01-16,Gabriel Attal ,7.29,consensus
2026-01-17,Gabriel Attal ,7.29,consensus
2026-01-18,Gabriel Attal ,6.89,consensus
2026-01-19,Gabriel Attal ,7.29,consensus
2026-01-20,Gabriel Attal ,6.69,consensus
2026-01-21,Gabriel Attal ,7.86,consensus
2026-01-22,Gabriel Attal ,7.74,consensus
2026-01-23,Gabriel Attal ,7.74,consensus
2026-01-24,Gabriel Attal ,7.94,consensus
2026-01-25,Gabriel Attal ,7.8,consensus
2026-01-26,Gabriel Attal ,7.72,consensus
2026-01-27,Gabriel Attal ,8.46,consensus
2026-01-28,Gabriel Attal ,8.16,consensus
2026-01-29,Gabriel Attal ,8.1,consensus
2026-01-30,Gabriel Attal ,8.68,consensus
2026-01-31,Gabriel Attal ,8.38,consensus
2026-02-01,Gabriel Attal ,8.72,consensus
2026-02-02,Gabriel Attal ,8.26,consensus
2026-02-03,Gabriel Attal ,7.55,consensus
2026-02-04,Gabriel Attal ,7.86,consensus
2026-02-05,Gabriel Attal ,8.44,consensus
2026-02-06,Gabriel Attal ,7.9,consensus
2026-02-07,Gabriel Attal ,7.92,consensus
2026-02-08,Gabriel Attal ,8.92,consensus
2026-02-09,Gabriel Attal ,8.8,consensus
2026-02-10,Gabriel Attal ,7.88,consensus
2026-02-11,Gabriel Attal ,8.22,consensus
2026-02-12,Gabriel Attal ,7.1,consensus
2026-02-13,Gabriel Attal ,6.66,consensus
2026-02-14,Gabriel Attal ,6.76,consensus
2026-02-15,Gabriel Attal ,6.92,consensus
2026-02-16,Gabriel Attal ,6.88,consensus
2026-02-17,Gabriel Attal ,6.68,consensus
2026-02-18,Gabriel Attal ,6.43,consensus
2026-02-19,Gabriel Attal ,6.29,consensus
2026-02-20,Gabriel Attal ,6.23,consensus
2026-02-21,Gabriel Attal ,6.13,consensus
2026-02-22,Gabriel Attal ,6.01,consensus
2026-02-23,Gabriel Attal ,5.97,consensus
2026-02-24,Gabriel Attal ,6.23,consensus
2026-02-25,Gabriel Attal ,6.89,consensus
2026-02-26,Gabriel Attal ,6.83,consensus
2026-02-27,Gabriel Attal ,6.87,consensus
2026-02-28,Gabriel Attal ,6.67,consensus
2026-03-01,Gabriel Attal ,6.77,consensus
2026-03-02,Gabriel Attal ,6.13,consensus
2026-03-03,Gabriel Attal ,7.23,consensus
2026-03-04,Gabriel Attal ,7.02,consensus
2026-03-05,Gabriel Attal ,7.07,consensus
2026-03-06,Gabriel Attal ,6.78,consensus
2026-03-07,Gabriel Attal ,6.62,consensus
2026-03-08,Gabriel Attal ,6.58,consensus
2026-03-09,Gabriel Attal ,6.58,consensus
2026-03-10,Gabriel Attal ,6.54,consensus
2026-03-11,Gabriel Attal ,6.4,consensus
2026-03-12,Gabriel Attal ,5.98,consensus
2026-03-13,Gabriel Attal ,5.82,consensus
2026-03-14,Gabriel Attal ,5.88,consensus
2026-03-15,Gabriel Attal ,8.16,consensus
2026-03-16,Gabriel Attal ,8.08,consensus
2026-03-17,Gabriel Attal ,8.04,consensus
2026-03-18,Gabriel Attal ,7.58,consensus
2026-03-19,Gabriel Attal ,7.58,consensus
2026-03-20,Gabriel Attal ,7.66,consensus
2026-03-21,Gabriel Attal ,7.62,consensus
2026-03-22,Gabriel Attal ,7.62,consensus
2026-03-23,Gabriel Attal ,7.5,consensus
2026-03-24,Gabriel Attal ,8.01,consensus
2026-03-25,Gabriel Attal ,7.93,consensus
2026-03-26,Gabriel Attal ,7.85,consensus
2026-03-27,Gabriel Attal ,7.77,consensus
2026-03-28,Gabriel Attal ,7.89,consensus
2026-03-29,Gabriel Attal ,7.79,consensus
2026-03-30,Gabriel Attal ,7.81,consensus
2026-03-31,Gabriel Attal ,7.73,consensus
2026-04-01,Gabriel Attal ,7.61,consensus
2026-04-02,Gabriel Attal ,7.53,consensus
2026-04-03,Gabriel Attal ,7.53,consensus
2026-04-04,Gabriel Attal ,7.53,consensus
2026-04-05,Gabriel Attal ,7.53,consensus
2026-04-06,Gabriel Attal ,7.53,consensus
2026-04-07,Gabriel Attal ,7.53,consensus
2026-04-08,Gabriel Attal ,7.53,consensus
2026-04-09,Gabriel Attal ,19.93,consensus
2026-04-10,Gabriel Attal ,3.81,consensus
2026-04-11,Gabriel Attal ,3.81,consensus
2026-04-12,Gabriel Attal ,3.81,consensus
2026-04-13,Gabriel Attal ,3.81,consensus
2026-04-14,Gabriel Attal ,5.69,consensus
2026-04-15,Gabriel Attal ,3.77,consensus
2026-04-16,Gabriel Attal ,4.73,consensus
2026-04-17,Gabriel Attal ,4.73,consensus
2026-04-18,Gabriel Attal ,4.73,consensus
2026-04-19,Gabriel Attal ,4.27,consensus
2026-04-20,Gabriel Attal ,4.25,consensus
2026-04-21,Gabriel Attal ,5.97,consensus
2026-04-22,Gabriel Attal ,5.97,consensus
2026-04-23,Gabriel Attal ,6.06,consensus
2026-04-24,Gabriel Attal ,6.04,consensus
2026-04-25,Gabriel Attal ,5.94,consensus
2026-04-26,Gabriel Attal ,5.71,consensus
2026-04-27,Gabriel Attal ,5.63,consensus
2026-04-28,Gabriel Attal ,5.82,consensus
2026-04-29,Gabriel Attal ,5.88,consensus
2026-04-30,Gabriel Attal ,5.86,consensus
2026-05-01,Gabriel Attal ,5.81,consensus
2026-05-02,Gabriel Attal ,5.81,consensus
2026-05-03,Gabriel Attal ,5.97,consensus
2026-05-04,Gabriel Attal ,5.75,consensus
2026-05-05,Gabriel Attal ,5.73,consensus
2026-05-06,Gabriel Attal ,5.81,consensus
2026-05-07,Gabriel Attal ,5.81,consensus
2026-05-08,Gabriel Attal ,5.81,consensus
2026-05-09,Gabriel Attal ,5.81,consensus
2026-05-10,Gabriel Attal ,5.89,consensus
2026-05-11,Gabriel Attal ,5.83,consensus
2026-05-12,Gabriel Attal ,5.77,consensus
2026-05-13,Gabriel Attal ,5.81,consensus
2026-05-14,Gabriel Attal ,5.83,consensus
2026-05-15,Gabriel Attal ,5.55,consensus
2026-05-16,Gabriel Attal ,5.51,consensus
2026-05-17,Gabriel Attal ,5.72,consensus
2026-05-18,Gabriel Attal ,5.72,consensus
2026-05-19,Gabriel Attal ,5.79,consensus
2026-05-20,Gabriel Attal ,4.94,consensus
2026-05-21,Gabriel Attal ,4.95,consensus
2026-05-22,Gabriel Attal ,5.03,consensus
2026-05-23,Gabriel Attal ,5.09,consensus
2026-05-24,Gabriel Attal ,5.73,consensus
2026-05-25,Gabriel Attal ,6.65,consensus
2026-05-26,Gabriel Attal ,7.66,consensus
2026-05-27,Gabriel Attal ,6.72,consensus
2026-05-28,Gabriel Attal ,5.58,consensus
2026-05-29,Gabriel Attal ,4.94,consensus
2026-05-30,Gabriel Attal ,5.98,consensus
2026-05-31,Gabriel Attal ,5.34,consensus
2026-06-01,Gabriel Attal ,5.48,consensus
2026-06-02,Gabriel Attal ,6.29,consensus
2026-06-03,Gabriel Attal ,6.75,consensus
2026-06-04,Gabriel Attal ,6.61,consensus
2026-06-05,Gabriel Attal ,6.53,consensus
2026-06-06,Gabriel Attal ,6.53,consensus
2026-06-07,Gabriel Attal ,6.53,consensus
2026-06-08,Gabriel Attal ,6.49,consensus
2026-06-09,Gabriel Attal ,5.87,consensus
2026-06-10,Gabriel Attal ,5.67,consensus
2026-06-11,Gabriel Attal ,5.17,consensus
2026-06-12,Gabriel Attal ,5.31,consensus
2026-06-13,Gabriel Attal ,5.01,consensus
2026-06-14,Gabriel Attal ,5.05,consensus
2026-06-15,Gabriel Attal ,5.01,consensus
2026-06-16,Gabriel Attal ,4.99,consensus
2026-06-17,Gabriel Attal ,4.95,consensus
2026-06-18,Gabriel Attal ,4.93,consensus
2026-06-19,Gabriel Attal ,4.72,consensus
2026-06-20,Gabriel Attal ,4.72,consensus
2026-06-21,Gabriel Attal ,4.72,consensus
2026-06-22,Gabriel Attal ,4.88,consensus
2026-06-23,Gabriel Attal ,21.12,consensus
2026-06-24,Gabriel Attal ,21.18,consensus
2026-06-25,Gabriel Attal ,21.18,consensus
2026-06-26,Gabriel Attal ,21.1,consensus
2026-06-27,Gabriel Attal ,21.02,consensus
2026-06-28,Gabriel Attal ,20.73,consensus
2026-06-29,Gabriel Attal ,20.69,consensus
2026-06-30,Gabriel Attal ,20.69,consensus
2026-07-01,Gabriel Attal ,20.69,consensus
2026-07-02,Gabriel Attal ,20.69,consensus
2026-07-03,Gabriel Attal ,20.69,consensus
2026-07-04,Gabriel Attal ,20.35,consensus
2026-07-05,Gabriel Attal ,20.37,consensus
2026-07-06,Gabriel Attal ,20.21,consensus
2026-07-07,Gabriel Attal ,20.21,consensus
2026-07-08,Gabriel Attal ,4.97,consensus
2026-07-09,Gabriel Attal ,5.01,consensus
2026-07-10,Gabriel Attal ,4.29,consensus
2026-07-11,Gabriel Attal ,4.29,consensus
2026-07-12,Gabriel Attal ,4.33,consensus
2026-07-13,Gabriel Attal ,4.41,consensus
2026-07-14,Gabriel Attal ,2.47,consensus
2026-07-15,Gabriel Attal ,2.58,consensus
2026-07-16,Gabriel Attal ,2.58,consensus
2026-07-17,Gabriel Attal ,2.58,consensus
2026-07-18,Gabriel Attal ,2.58,consensus
2026-07-19,Gabriel Attal ,2.56,consensus
2026-07-20,Gabriel Attal ,2.58,consensus
2025-11-14,Gérald Darmanin,35.0,consensus
2025-11-15,Gérald Darmanin,2.15,consensus
2025-11-16,Gérald Darmanin,2.95,consensus
2025-11-17,Gérald Darmanin,3.0,consensus
2025-11-18,Gérald Darmanin,1.65,consensus
2025-11-19,Gérald Darmanin,1.55,consensus
2025-11-20,Gérald Darmanin,1.55,consensus
2025-11-21,Gérald Darmanin,1.35,consensus
2025-11-22,Gérald Darmanin,1.35,consensus
2025-11-23,Gérald Darmanin,1.25,consensus
2025-11-24,Gérald Darmanin,0.95,consensus
2025-11-25,Gérald Darmanin,0.9,consensus
2025-11-26,Gérald Darmanin,0.95,consensus
2025-11-27,Gérald Darmanin,1.0,consensus
2025-11-28,Gérald Darmanin,0.95,consensus
2025-11-29,Gérald Darmanin,1.0,consensus
2025-11-30,Gérald Darmanin,0.85,consensus
2025-12-01,Gérald Darmanin,0.85,consensus
2025-12-02,Gérald Darmanin,4.56,consensus
2025-12-03,Gérald Darmanin,4.76,consensus
2025-12-04,Gérald Darmanin,2.66,consensus
2025-12-05,Gérald Darmanin,2.46,consensus
2025-12-06,Gérald Darmanin,2.33,consensus
2025-12-07,Gérald Darmanin,2.06,consensus
2025-12-08,Gérald Darmanin,2.06,consensus
2025-12-09,Gérald Darmanin,2.03,consensus
2025-12-10,Gérald Darmanin,2.53,consensus
2025-12-11,Gérald Darmanin,2.5,consensus
2025-12-12,Gérald Darmanin,2.5,consensus
2025-12-13,Gérald Darmanin,2.5,consensus
2025-12-14,Gérald Darmanin,2.5,consensus
2025-12-15,Gérald Darmanin,2.5,consensus
2025-12-16,Gérald Darmanin,2.53,consensus
2025-12-17,Gérald Darmanin,2.36,consensus
2025-12-18,Gérald Darmanin,2.36,consensus
2025-12-19,Gérald Darmanin,2.23,consensus
2025-12-20,Gérald Darmanin,2.23,consensus
2025-12-21,Gérald Darmanin,2.3,consensus
2025-12-22,Gérald Darmanin,2.3,consensus
2025-12-23,Gérald Darmanin,2.23,consensus
2025-12-24,Gérald Darmanin,2.23,consensus
2025-12-25,Gérald Darmanin,2.96,consensus
2025-12-26,Gérald Darmanin,2.93,consensus
2025-12-27,Gérald Darmanin,4.86,consensus
2025-12-28,Gérald Darmanin,4.53,consensus
2025-12-29,Gérald Darmanin,4.43,consensus
2025-12-30,Gérald Darmanin,3.96,consensus
2025-12-31,Gérald Darmanin,4.26,consensus
2026-01-01,Gérald Darmanin,3.1,consensus
2026-01-02,Gérald Darmanin,3.43,consensus
2026-01-03,Gérald Darmanin,2.93,consensus
2026-01-04,Gérald Darmanin,2.96,consensus
2026-01-05,Gérald Darmanin,2.63,consensus
2026-01-06,Gérald Darmanin,2.73,consensus
2026-01-07,Gérald Darmanin,2.5,consensus
2026-01-08,Gérald Darmanin,2.5,consensus
2026-01-09,Gérald Darmanin,2.46,consensus
2026-01-10,Gérald Darmanin,2.46,consensus
2026-01-11,Gérald Darmanin,2.43,consensus
2026-01-12,Gérald Darmanin,2.5,consensus
2026-01-13,Gérald Darmanin,2.46,consensus
2026-01-14,Gérald Darmanin,2.46,consensus
2026-01-15,Gérald Darmanin,2.4,consensus
2026-01-16,Gérald Darmanin,2.43,consensus
2026-01-17,Gérald Darmanin,2.4,consensus
2026-01-18,Gérald Darmanin,2.36,consensus
2026-01-19,Gérald Darmanin,2.36,consensus
2026-01-20,Gérald Darmanin,2.3,consensus
2026-01-21,Gérald Darmanin,2.36,consensus
2026-01-22,Gérald Darmanin,2.66,consensus
2026-01-23,Gérald Darmanin,2.6,consensus
2026-01-24,Gérald Darmanin,2.6,consensus
2026-01-25,Gérald Darmanin,2.56,consensus
2026-01-26,Gérald Darmanin,2.5,consensus
2026-01-27,Gérald Darmanin,2.5,consensus
2026-01-28,Gérald Darmanin,2.5,consensus
2026-01-29,Gérald Darmanin,2.5,consensus
2026-01-30,Gérald Darmanin,2.6,consensus
2026-01-31,Gérald Darmanin,2.56,consensus
2026-02-01,Gérald Darmanin,2.56,consensus
2026-02-02,Gérald Darmanin,2.56,consensus
2026-02-03,Gérald Darmanin,2.36,consensus
2026-02-04,Gérald Darmanin,2.4,consensus
2026-02-05,Gérald Darmanin,2.4,consensus
2026-02-06,Gérald Darmanin,2.36,consensus
2026-02-07,Gérald Darmanin,2.3,consensus
2026-02-08,Gérald Darmanin,2.26,consensus
2026-02-09,Gérald Darmanin,2.33,consensus
2026-02-10,Gérald Darmanin,2.33,consensus
2026-02-11,Gérald Darmanin,2.33,consensus
2026-02-12,Gérald Darmanin,2.33,consensus
2026-02-13,Gérald Darmanin,2.33,consensus
2026-02-14,Gérald Darmanin,2.33,consensus
2026-02-15,Gérald Darmanin,2.33,consensus
2026-02-16,Gérald Darmanin,2.33,consensus
2026-02-17,Gérald Darmanin,2.33,consensus
2026-02-18,Gérald Darmanin,2.26,consensus
2026-02-19,Gérald Darmanin,2.26,consensus
2026-02-20,Gérald Darmanin,2.33,consensus
2026-02-21,Gérald Darmanin,2.6,consensus
2026-02-22,Gérald Darmanin,2.33,consensus
2026-02-23,Gérald Darmanin,2.3,consensus
2026-02-24,Gérald Darmanin,2.26,consensus
2026-02-25,Gérald Darmanin,2.5,consensus
2026-02-26,Gérald Darmanin,2.4,consensus
2026-02-27,Gérald Darmanin,2.4,consensus
2026-02-28,Gérald Darmanin,2.53,consensus
2026-03-01,Gérald Darmanin,2.83,consensus
2026-03-02,Gérald Darmanin,2.66,consensus
2026-03-03,Gérald Darmanin,2.53,consensus
2026-03-04,Gérald Darmanin,2.53,consensus
2026-03-05,Gérald Darmanin,2.36,consensus
2026-03-06,Gérald Darmanin,2.36,consensus
2026-03-07,Gérald Darmanin,1.96,consensus
2026-03-08,Gérald Darmanin,1.96,consensus
2026-03-09,Gérald Darmanin,1.98,consensus
2026-03-10,Gérald Darmanin,3.98,consensus
2026-03-11,Gérald Darmanin,4.0,consensus
2026-03-12,Gérald Darmanin,2.98,consensus
2026-03-13,Gérald Darmanin,2.98,consensus
2026-03-14,Gérald Darmanin,3.02,consensus
2026-03-15,Gérald Darmanin,3.06,consensus
2026-03-16,Gérald Darmanin,3.06,consensus
2026-03-17,Gérald Darmanin,3.0,consensus
2026-03-18,Gérald Darmanin,2.98,consensus
2026-03-19,Gérald Darmanin,2.98,consensus
2026-03-20,Gérald Darmanin,2.98,consensus
2026-03-21,Gérald Darmanin,3.02,consensus
2026-03-22,Gérald Darmanin,3.02,consensus
2026-03-23,Gérald Darmanin,3.2,consensus
2026-03-24,Gérald Darmanin,3.02,consensus
2026-03-25,Gérald Darmanin,3.16,consensus
2026-03-26,Gérald Darmanin,3.02,consensus
2026-03-27,Gérald Darmanin,3.02,consensus
2026-03-28,Gérald Darmanin,3.08,consensus
2026-03-29,Gérald Darmanin,3.2,consensus
2026-03-30,Gérald Darmanin,3.2,consensus
2026-03-31,Gérald Darmanin,3.2,consensus
2026-04-01,Gérald Darmanin,3.2,consensus
2026-04-02,Gérald Darmanin,3.2,consensus
2026-04-03,Gérald Darmanin,3.2,consensus
2026-04-04,Gérald Darmanin,3.2,consensus
2026-04-05,Gérald Darmanin,3.2,consensus
2026-04-06,Gérald Darmanin,3.2,consensus
2026-04-07,Gérald Darmanin,3.2,consensus
2026-04-08,Gérald Darmanin,3.2,consensus
2026-04-09,Gérald Darmanin,3.06,consensus
2026-04-10,Gérald Darmanin,3.06,consensus
2026-04-11,Gérald Darmanin,3.06,consensus
2026-04-12,Gérald Darmanin,3.06,consensus
2026-04-13,Gérald Darmanin,3.06,consensus
2026-04-14,Gérald Darmanin,3.06,consensus
2026-04-15,Gérald Darmanin,3.06,consensus
2026-04-16,Gérald Darmanin,3.06,consensus
2026-04-17,Gérald Darmanin,3.06,consensus
2026-04-18,Gérald Darmanin,3.06,consensus
2026-04-19,Gérald Darmanin,3.06,consensus
2026-04-20,Gérald Darmanin,3.06,consensus
2026-04-21,Gérald Darmanin,3.06,consensus
2026-04-22,Gérald Darmanin,3.06,consensus
2026-04-23,Gérald Darmanin,2.9,consensus
2026-04-24,Gérald Darmanin,2.9,consensus
2026-04-25,Gérald Darmanin,2.9,consensus
2026-04-26,Gérald Darmanin,2.88,consensus
2026-04-27,Gérald Darmanin,2.9,consensus
2026-04-28,Gérald Darmanin,2.9,consensus
2026-04-29,Gérald Darmanin,2.9,consensus
2026-04-30,Gérald Darmanin,2.9,consensus
2026-05-01,Gérald Darmanin,2.86,consensus
2026-05-02,Gérald Darmanin,2.86,consensus
2026-05-03,Gérald Darmanin,2.86,consensus
2026-05-04,Gérald Darmanin,2.86,consensus
2026-05-05,Gérald Darmanin,2.86,consensus
2026-05-06,Gérald Darmanin,2.82,consensus
2026-05-07,Gérald Darmanin,2.82,consensus
2026-05-08,Gérald Darmanin,2.78,consensus
2026-05-09,Gérald Darmanin,2.78,consensus
2026-05-10,Gérald Darmanin,2.78,consensus
2026-05-11,Gérald Darmanin,2.78,consensus
2026-05-12,Gérald Darmanin,2.78,consensus
2026-05-13,Gérald Darmanin,2.74,consensus
2026-05-14,Gérald Darmanin,2.74,consensus
2026-05-15,Gérald Darmanin,2.74,consensus
2026-05-16,Gérald Darmanin,2.74,consensus
2026-05-17,Gérald Darmanin,2.74,consensus
2026-05-18,Gérald Darmanin,2.74,consensus
2026-05-19,Gérald Darmanin,2.74,consensus
2026-05-20,Gérald Darmanin,2.74,consensus
2026-05-21,Gérald Darmanin,2.74,consensus
2026-05-22,Gérald Darmanin,2.74,consensus
2026-05-23,Gérald Darmanin,2.74,consensus
2026-05-24,Gérald Darmanin,2.74,consensus
2026-05-25,Gérald Darmanin,2.74,consensus
2026-05-26,Gérald Darmanin,2.74,consensus
2026-05-27,Gérald Darmanin,2.78,consensus
2026-05-28,Gérald Darmanin,2.78,consensus
2026-05-29,Gérald Darmanin,2.78,consensus
2026-05-30,Gérald Darmanin,2.78,consensus
2026-05-31,Gérald Darmanin,2.78,consensus
2026-06-01,Gérald Darmanin,2.74,consensus
2026-06-02,Gérald Darmanin,2.83,consensus
2026-06-03,Gérald Darmanin,2.83,consensus
2026-06-04,Gérald Darmanin,2.79,consensus
2026-06-05,Gérald Darmanin,2.79,consensus
2026-06-06,Gérald Darmanin,2.75,consensus
2026-06-07,Gérald Darmanin,2.79,consensus
2026-06-08,Gérald Darmanin,3.03,consensus
2026-06-09,Gérald Darmanin,3.03,consensus
2026-06-10,Gérald Darmanin,2.91,consensus
2026-06-11,Gérald Darmanin,2.87,consensus
2026-06-12,Gérald Darmanin,2.87,consensus
2026-06-13,Gérald Darmanin,2.83,consensus
2026-06-14,Gérald Darmanin,2.83,consensus
2026-06-15,Gérald Darmanin,2.83,consensus
2026-06-16,Gérald Darmanin,2.83,consensus
2026-06-17,Gérald Darmanin,2.83,consensus
2026-06-18,Gérald Darmanin,2.83,consensus
2026-06-19,Gérald Darmanin,2.83,consensus
2026-06-20,Gérald Darmanin,2.83,consensus
2026-06-21,Gérald Darmanin,2.83,consensus
2026-06-22,Gérald Darmanin,2.83,consensus
2026-06-23,Gérald Darmanin,2.83,consensus
2026-06-24,Gérald Darmanin,2.83,consensus
2026-06-25,Gérald Darmanin,2.83,consensus
2026-06-26,Gérald Darmanin,2.83,consensus
2026-06-27,Gérald Darmanin,2.83,consensus
2026-06-28,Gérald Darmanin,2.79,consensus
2026-06-29,Gérald Darmanin,2.79,consensus
2026-06-30,Gérald Darmanin,2.79,consensus
2026-07-01,Gérald Darmanin,2.79,consensus
2026-07-02,Gérald Darmanin,2.79,consensus
2026-07-03,Gérald Darmanin,2.79,consensus
2026-07-04,Gérald Darmanin,2.79,consensus
2026-07-05,Gérald Darmanin,2.79,consensus
2026-07-06,Gérald Darmanin,2.79,consensus
2026-07-07,Gérald Darmanin,2.79,consensus
2026-07-08,Gérald Darmanin,2.79,consensus
2026-07-09,Gérald Darmanin,2.79,consensus
2026-07-10,Gérald Darmanin,2.79,consensus
2026-07-11,Gérald Darmanin,2.75,consensus
2026-07-12,Gérald Darmanin,2.75,consensus
2026-07-13,Gérald Darmanin,2.75,consensus
2026-07-14,Gérald Darmanin,2.75,consensus
2026-07-15,Gérald Darmanin,2.67,consensus
2026-07-16,Gérald Darmanin,2.67,consensus
2026-07-17,Gérald Darmanin,2.67,consensus
2026-07-18,Gérald Darmanin,2.67,consensus
2026-07-19,Gérald Darmanin,2.67,consensus
2026-07-20,Gérald Darmanin,2.67,consensus
2025-11-02,Jean-Luc Mélenchon,3.0,consensus
2025-11-03,Jean-Luc Mélenchon,3.0,consensus
2025-11-04,Jean-Luc Mélenchon,3.0,consensus
2025-11-05,Jean-Luc Mélenchon,3.0,consensus
2025-11-06,Jean-Luc Mélenchon,3.0,consensus
2025-11-07,Jean-Luc Mélenchon,3.0,consensus
2025-11-08,Jean-Luc Mélenchon,3.0,consensus
2025-11-09,Jean-Luc Mélenchon,3.0,consensus
2025-11-10,Jean-Luc Mélenchon,3.0,consensus
2025-11-11,Jean-Luc Mélenchon,3.0,consensus
2025-11-12,Jean-Luc Mélenchon,3.0,consensus
2025-11-13,Jean-Luc Mélenchon,3.0,consensus
2025-11-14,Jean-Luc Mélenchon,12.67,consensus
2025-11-15,Jean-Luc Mélenchon,5.67,consensus
2025-11-16,Jean-Luc Mélenchon,5.67,consensus
2025-11-17,Jean-Luc Mélenchon,5.67,consensus
2025-11-18,Jean-Luc Mélenchon,5.67,consensus
2025-11-19,Jean-Luc Mélenchon,7.52,consensus
2025-11-20,Jean-Luc Mélenchon,7.86,consensus
2025-11-21,Jean-Luc Mélenchon,7.31,consensus
2025-11-22,Jean-Luc Mélenchon,6.91,consensus
2025-11-23,Jean-Luc Mélenchon,6.91,consensus
2025-11-24,Jean-Luc Mélenchon,7.11,consensus
2025-11-25,Jean-Luc Mélenchon,7.11,consensus
2025-11-26,Jean-Luc Mélenchon,6.71,consensus
2025-11-27,Jean-Luc Mélenchon,6.71,consensus
2025-11-28,Jean-Luc Mélenchon,7.11,consensus
2025-11-29,Jean-Luc Mélenchon,7.11,consensus
2025-11-30,Jean-Luc Mélenchon,7.11,consensus
2025-12-01,Jean-Luc Mélenchon,7.11,consensus
2025-12-02,Jean-Luc Mélenchon,7.11,consensus
2025-12-03,Jean-Luc Mélenchon,6.71,consensus
2025-12-04,Jean-Luc Mélenchon,6.91,consensus
2025-12-05,Jean-Luc Mélenchon,6.91,consensus
2025-12-06,Jean-Luc Mélenchon,6.91,consensus
2025-12-07,Jean-Luc Mélenchon,7.11,consensus
2025-12-08,Jean-Luc Mélenchon,7.11,consensus
2025-12-09,Jean-Luc Mélenchon,7.11,consensus
2025-12-10,Jean-Luc Mélenchon,7.11,consensus
2025-12-11,Jean-Luc Mélenchon,7.11,consensus
2025-12-12,Jean-Luc Mélenchon,7.11,consensus
2025-12-13,Jean-Luc Mélenchon,7.11,consensus
2025-12-14,Jean-Luc Mélenchon,7.11,consensus
2025-12-15,Jean-Luc Mélenchon,7.71,consensus
2025-12-16,Jean-Luc Mélenchon,7.51,consensus
2025-12-17,Jean-Luc Mélenchon,7.51,consensus
2025-12-18,Jean-Luc Mélenchon,7.51,consensus
2025-12-19,Jean-Luc Mélenchon,7.31,consensus
2025-12-20,Jean-Luc Mélenchon,4.91,consensus
2025-12-21,Jean-Luc Mélenchon,4.91,consensus
2025-12-22,Jean-Luc Mélenchon,4.71,consensus
2025-12-23,Jean-Luc Mélenchon,4.71,consensus
2025-12-24,Jean-Luc Mélenchon,4.71,consensus
2025-12-25,Jean-Luc Mélenchon,4.51,consensus
2025-12-26,Jean-Luc Mélenchon,4.51,consensus
2025-12-27,Jean-Luc Mélenchon,4.91,consensus
2025-12-28,Jean-Luc Mélenchon,5.31,consensus
2025-12-29,Jean-Luc Mélenchon,4.91,consensus
2025-12-30,Jean-Luc Mélenchon,5.31,consensus
2025-12-31,Jean-Luc Mélenchon,5.11,consensus
2026-01-01,Jean-Luc Mélenchon,6.07,consensus
2026-01-02,Jean-Luc Mélenchon,5.87,consensus
2026-01-03,Jean-Luc Mélenchon,5.87,consensus
2026-01-04,Jean-Luc Mélenchon,5.87,consensus
2026-01-05,Jean-Luc Mélenchon,6.41,consensus
2026-01-06,Jean-Luc Mélenchon,5.73,consensus
2026-01-07,Jean-Luc Mélenchon,5.73,consensus
2026-01-08,Jean-Luc Mélenchon,5.53,consensus
2026-01-09,Jean-Luc Mélenchon,7.73,consensus
2026-01-10,Jean-Luc Mélenchon,10.2,consensus
2026-01-11,Jean-Luc Mélenchon,7.78,consensus
2026-01-12,Jean-Luc Mélenchon,7.78,consensus
2026-01-13,Jean-Luc Mélenchon,7.98,consensus
2026-01-14,Jean-Luc Mélenchon,8.18,consensus
2026-01-15,Jean-Luc Mélenchon,8.38,consensus
2026-01-16,Jean-Luc Mélenchon,8.78,consensus
2026-01-17,Jean-Luc Mélenchon,8.38,consensus
2026-01-18,Jean-Luc Mélenchon,8.58,consensus
2026-01-19,Jean-Luc Mélenchon,8.18,consensus
2026-01-20,Jean-Luc Mélenchon,8.18,consensus
2026-01-21,Jean-Luc Mélenchon,8.18,consensus
2026-01-22,Jean-Luc Mélenchon,8.58,consensus
2026-01-23,Jean-Luc Mélenchon,8.58,consensus
2026-01-24,Jean-Luc Mélenchon,8.38,consensus
2026-01-25,Jean-Luc Mélenchon,9.78,consensus
2026-01-26,Jean-Luc Mélenchon,10.18,consensus
2026-01-27,Jean-Luc Mélenchon,10.78,consensus
2026-01-28,Jean-Luc Mélenchon,10.78,consensus
2026-01-29,Jean-Luc Mélenchon,10.78,consensus
2026-01-30,Jean-Luc Mélenchon,10.78,consensus
2026-01-31,Jean-Luc Mélenchon,10.78,consensus
2026-02-01,Jean-Luc Mélenchon,9.58,consensus
2026-02-02,Jean-Luc Mélenchon,9.58,consensus
2026-02-03,Jean-Luc Mélenchon,9.57,consensus
2026-02-04,Jean-Luc Mélenchon,9.77,consensus
2026-02-05,Jean-Luc Mélenchon,9.0,consensus
2026-02-06,Jean-Luc Mélenchon,9.49,consensus
2026-02-07,Jean-Luc Mélenchon,9.49,consensus
2026-02-08,Jean-Luc Mélenchon,9.49,consensus
2026-02-09,Jean-Luc Mélenchon,9.69,consensus
2026-02-10,Jean-Luc Mélenchon,10.29,consensus
2026-02-11,Jean-Luc Mélenchon,10.35,consensus
2026-02-12,Jean-Luc Mélenchon,12.55,consensus
2026-02-13,Jean-Luc Mélenchon,12.35,consensus
2026-02-14,Jean-Luc Mélenchon,11.95,consensus
2026-02-15,Jean-Luc Mélenchon,9.95,consensus
2026-02-16,Jean-Luc Mélenchon,9.95,consensus
2026-02-17,Jean-Luc Mélenchon,10.35,consensus
2026-02-18,Jean-Luc Mélenchon,10.33,consensus
2026-02-19,Jean-Luc Mélenchon,10.33,consensus
2026-02-20,Jean-Luc Mélenchon,9.92,consensus
2026-02-21,Jean-Luc Mélenchon,9.52,consensus
2026-02-22,Jean-Luc Mélenchon,9.92,consensus
2026-02-23,Jean-Luc Mélenchon,9.52,consensus
2026-02-24,Jean-Luc Mélenchon,9.92,consensus
2026-02-25,Jean-Luc Mélenchon,10.32,consensus
2026-02-26,Jean-Luc Mélenchon,9.92,consensus
2026-02-27,Jean-Luc Mélenchon,9.52,consensus
2026-02-28,Jean-Luc Mélenchon,9.52,consensus
2026-03-01,Jean-Luc Mélenchon,9.52,consensus
2026-03-02,Jean-Luc Mélenchon,9.52,consensus
2026-03-03,Jean-Luc Mélenchon,8.84,consensus
2026-03-04,Jean-Luc Mélenchon,8.84,consensus
2026-03-05,Jean-Luc Mélenchon,8.84,consensus
2026-03-06,Jean-Luc Mélenchon,9.24,consensus
2026-03-07,Jean-Luc Mélenchon,9.24,consensus
2026-03-08,Jean-Luc Mélenchon,10.04,consensus
2026-03-09,Jean-Luc Mélenchon,9.24,consensus
2026-03-10,Jean-Luc Mélenchon,9.24,consensus
2026-03-11,Jean-Luc Mélenchon,9.64,consensus
2026-03-12,Jean-Luc Mélenchon,9.59,consensus
2026-03-13,Jean-Luc Mélenchon,9.59,consensus
2026-03-14,Jean-Luc Mélenchon,9.19,consensus
2026-03-15,Jean-Luc Mélenchon,8.79,consensus
2026-03-16,Jean-Luc Mélenchon,8.79,consensus
2026-03-17,Jean-Luc Mélenchon,8.79,consensus
2026-03-18,Jean-Luc Mélenchon,8.79,consensus
2026-03-19,Jean-Luc Mélenchon,8.79,consensus
2026-03-20,Jean-Luc Mélenchon,8.79,consensus
2026-03-21,Jean-Luc Mélenchon,8.79,consensus
2026-03-22,Jean-Luc Mélenchon,8.79,consensus
2026-03-23,Jean-Luc Mélenchon,8.79,consensus
2026-03-24,Jean-Luc Mélenchon,9.31,consensus
2026-03-25,Jean-Luc Mélenchon,9.31,consensus
2026-03-26,Jean-Luc Mélenchon,9.31,consensus
2026-03-27,Jean-Luc Mélenchon,9.31,consensus
2026-03-28,Jean-Luc Mélenchon,9.31,consensus
2026-03-29,Jean-Luc Mélenchon,8.89,consensus
2026-03-30,Jean-Luc Mélenchon,8.89,consensus
2026-03-31,Jean-Luc Mélenchon,8.89,consensus
2026-04-01,Jean-Luc Mélenchon,8.09,consensus
2026-04-02,Jean-Luc Mélenchon,8.09,consensus
2026-04-03,Jean-Luc Mélenchon,8.09,consensus
2026-04-04,Jean-Luc Mélenchon,8.09,consensus
2026-04-05,Jean-Luc Mélenchon,8.09,consensus
2026-04-06,Jean-Luc Mélenchon,7.29,consensus
2026-04-07,Jean-Luc Mélenchon,7.29,consensus
2026-04-08,Jean-Luc Mélenchon,7.29,consensus
2026-04-09,Jean-Luc Mélenchon,7.29,consensus
2026-04-10,Jean-Luc Mélenchon,7.29,consensus
2026-04-11,Jean-Luc Mélenchon,7.29,consensus
2026-04-12,Jean-Luc Mélenchon,7.29,consensus
2026-04-13,Jean-Luc Mélenchon,7.29,consensus
2026-04-14,Jean-Luc Mélenchon,7.29,consensus
2026-04-15,Jean-Luc Mélenchon,7.29,consensus
2026-04-16,Jean-Luc Mélenchon,7.29,consensus
2026-04-17,Jean-Luc Mélenchon,7.29,consensus
2026-04-18,Jean-Luc Mélenchon,7.69,consensus
2026-04-19,Jean-Luc Mélenchon,7.69,consensus
2026-04-20,Jean-Luc Mélenchon,7.69,consensus
2026-04-21,Jean-Luc Mélenchon,7.69,consensus
2026-04-22,Jean-Luc Mélenchon,8.09,consensus
2026-04-23,Jean-Luc Mélenchon,7.4,consensus
2026-04-24,Jean-Luc Mélenchon,7.4,consensus
2026-04-25,Jean-Luc Mélenchon,8.4,consensus
2026-04-26,Jean-Luc Mélenchon,8.66,consensus
2026-04-27,Jean-Luc Mélenchon,8.66,consensus
2026-04-28,Jean-Luc Mélenchon,8.62,consensus
2026-04-29,Jean-Luc Mélenchon,8.62,consensus
2026-04-30,Jean-Luc Mélenchon,8.62,consensus
2026-05-01,Jean-Luc Mélenchon,8.62,consensus
2026-05-02,Jean-Luc Mélenchon,8.62,consensus
2026-05-03,Jean-Luc Mélenchon,8.62,consensus
2026-05-04,Jean-Luc Mélenchon,9.02,consensus
2026-05-05,Jean-Luc Mélenchon,8.62,consensus
2026-05-06,Jean-Luc Mélenchon,8.62,consensus
2026-05-07,Jean-Luc Mélenchon,8.62,consensus
2026-05-08,Jean-Luc Mélenchon,8.62,consensus
2026-05-09,Jean-Luc Mélenchon,8.62,consensus
2026-05-10,Jean-Luc Mélenchon,8.22,consensus
2026-05-11,Jean-Luc Mélenchon,8.22,consensus
2026-05-12,Jean-Luc Mélenchon,8.94,consensus
2026-05-13,Jean-Luc Mélenchon,8.94,consensus
2026-05-14,Jean-Luc Mélenchon,8.54,consensus
2026-05-15,Jean-Luc Mélenchon,8.54,consensus
2026-05-16,Jean-Luc Mélenchon,8.54,consensus
2026-05-17,Jean-Luc Mélenchon,9.4,consensus
2026-05-18,Jean-Luc Mélenchon,9.0,consensus
2026-05-19,Jean-Luc Mélenchon,9.0,consensus
2026-05-20,Jean-Luc Mélenchon,9.18,consensus
2026-05-21,Jean-Luc Mélenchon,10.06,consensus
2026-05-22,Jean-Luc Mélenchon,10.06,consensus
2026-05-23,Jean-Luc Mélenchon,9.72,consensus
2026-05-24,Jean-Luc Mélenchon,9.72,consensus
2026-05-25,Jean-Luc Mélenchon,9.72,consensus
2026-05-26,Jean-Luc Mélenchon,9.93,consensus
2026-05-27,Jean-Luc Mélenchon,11.01,consensus
2026-05-28,Jean-Luc Mélenchon,11.01,consensus
2026-05-29,Jean-Luc Mélenchon,11.01,consensus
2026-05-30,Jean-Luc Mélenchon,11.01,consensus
2026-05-31,Jean-Luc Mélenchon,11.01,consensus
2026-06-01,Jean-Luc Mélenchon,11.25,consensus
2026-06-02,Jean-Luc Mélenchon,11.2,consensus
2026-06-03,Jean-Luc Mélenchon,10.8,consensus
2026-06-04,Jean-Luc Mélenchon,11.2,consensus
2026-06-05,Jean-Luc Mélenchon,11.2,consensus
2026-06-06,Jean-Luc Mélenchon,11.2,consensus
2026-06-07,Jean-Luc Mélenchon,11.01,consensus
2026-06-08,Jean-Luc Mélenchon,11.01,consensus
2026-06-09,Jean-Luc Mélenchon,10.99,consensus
2026-06-10,Jean-Luc Mélenchon,10.99,consensus
2026-06-11,Jean-Luc Mélenchon,10.99,consensus
2026-06-12,Jean-Luc Mélenchon,10.83,consensus
2026-06-13,Jean-Luc Mélenchon,10.83,consensus
2026-06-14,Jean-Luc Mélenchon,10.83,consensus
2026-06-15,Jean-Luc Mélenchon,10.83,consensus
2026-06-16,Jean-Luc Mélenchon,10.79,consensus
2026-06-17,Jean-Luc Mélenchon,10.19,consensus
2026-06-18,Jean-Luc Mélenchon,9.79,consensus
2026-06-19,Jean-Luc Mélenchon,9.36,consensus
2026-06-20,Jean-Luc Mélenchon,10.4,consensus
2026-06-21,Jean-Luc Mélenchon,10.8,consensus
2026-06-22,Jean-Luc Mélenchon,10.85,consensus
2026-06-23,Jean-Luc Mélenchon,11.2,consensus
2026-06-24,Jean-Luc Mélenchon,11.2,consensus
2026-06-25,Jean-Luc Mélenchon,11.2,consensus
2026-06-26,Jean-Luc Mélenchon,11.29,consensus
2026-06-27,Jean-Luc Mélenchon,11.29,consensus
2026-06-28,Jean-Luc Mélenchon,10.81,consensus
2026-06-29,Jean-Luc Mélenchon,9.0,consensus
2026-06-30,Jean-Luc Mélenchon,9.84,consensus
2026-07-01,Jean-Luc Mélenchon,9.84,consensus
2026-07-02,Jean-Luc Mélenchon,9.84,consensus
2026-07-03,Jean-Luc Mélenchon,9.37,consensus
2026-07-04,Jean-Luc Mélenchon,9.72,consensus
2026-07-05,Jean-Luc Mélenchon,9.72,consensus
2026-07-06,Jean-Luc Mélenchon,9.18,consensus
2026-07-07,Jean-Luc Mélenchon,9.61,consensus
2026-07-08,Jean-Luc Mélenchon,8.93,consensus
2026-07-09,Jean-Luc Mélenchon,10.69,consensus
2026-07-10,Jean-Luc Mélenchon,10.77,consensus
2026-07-11,Jean-Luc Mélenchon,10.77,consensus
2026-07-12,Jean-Luc Mélenchon,10.77,consensus
2026-07-13,Jean-Luc Mélenchon,10.37,consensus
2026-07-14,Jean-Luc Mélenchon,10.67,consensus
2026-07-15,Jean-Luc Mélenchon,10.77,consensus
2026-07-16,Jean-Luc Mélenchon,11.12,consensus
2026-07-17,Jean-Luc Mélenchon,11.12,consensus
2026-07-18,Jean-Luc Mélenchon,11.12,consensus
2026-07-19,Jean-Luc Mélenchon,11.12,consensus
2026-07-20,Jean-Luc Mélenchon,11.6,consensus
2025-10-20,Jordan Bardella,27.27,consensus
2025-10-21,Jordan Bardella,27.27,consensus
2025-10-22,Jordan Bardella,27.27,consensus
2025-10-23,Jordan Bardella,27.27,consensus
2025-10-24,Jordan Bardella,27.27,consensus
2025-10-25,Jordan Bardella,27.27,consensus
2025-10-26,Jordan Bardella,27.27,consensus
2025-10-27,Jordan Bardella,27.27,consensus
2025-10-28,Jordan Bardella,27.27,consensus
2025-10-29,Jordan Bardella,27.27,consensus
2025-10-30,Jordan Bardella,27.27,consensus
2025-10-31,Jordan Bardella,27.27,consensus
2025-11-01,Jordan Bardella,27.27,consensus
2025-11-02,Jordan Bardella,27.27,consensus
2025-11-03,Jordan Bardella,28.59,consensus
2025-11-04,Jordan Bardella,20.0,consensus
2025-11-05,Jordan Bardella,20.0,consensus
2025-11-06,Jordan Bardella,20.0,consensus
2025-11-07,Jordan Bardella,20.0,consensus
2025-11-08,Jordan Bardella,20.0,consensus
2025-11-09,Jordan Bardella,20.0,consensus
2025-11-10,Jordan Bardella,25.0,consensus
2025-11-11,Jordan Bardella,25.0,consensus
2025-11-12,Jordan Bardella,25.0,consensus
2025-11-13,Jordan Bardella,25.0,consensus
2025-11-14,Jordan Bardella,31.0,consensus
2025-11-15,Jordan Bardella,26.0,consensus
2025-11-16,Jordan Bardella,27.0,consensus
2025-11-17,Jordan Bardella,27.0,consensus
2025-11-18,Jordan Bardella,27.67,consensus
2025-11-19,Jordan Bardella,26.33,consensus
2025-11-20,Jordan Bardella,26.0,consensus
2025-11-21,Jordan Bardella,26.33,consensus
2025-11-22,Jordan Bardella,25.33,consensus
2025-11-23,Jordan Bardella,25.67,consensus
2025-11-24,Jordan Bardella,25.0,consensus
2025-11-25,Jordan Bardella,27.2,consensus
2025-11-26,Jordan Bardella,29.6,consensus
2025-11-27,Jordan Bardella,32.0,consensus
2025-11-28,Jordan Bardella,31.2,consensus
2025-11-29,Jordan Bardella,32.0,consensus
2025-11-30,Jordan Bardella,32.2,consensus
2025-12-01,Jordan Bardella,32.4,consensus
2025-12-02,Jordan Bardella,32.8,consensus
2025-12-03,Jordan Bardella,33.0,consensus
2025-12-04,Jordan Bardella,33.2,consensus
2025-12-05,Jordan Bardella,36.2,consensus
2025-12-06,Jordan Bardella,36.6,consensus
2025-12-07,Jordan Bardella,36.6,consensus
2025-12-08,Jordan Bardella,36.0,consensus
2025-12-09,Jordan Bardella,35.8,consensus
2025-12-10,Jordan Bardella,35.6,consensus
2025-12-11,Jordan Bardella,36.0,consensus
2025-12-12,Jordan Bardella,36.2,consensus
2025-12-13,Jordan Bardella,35.8,consensus
2025-12-14,Jordan Bardella,35.8,consensus
2025-12-15,Jordan Bardella,36.6,consensus
2025-12-16,Jordan Bardella,36.6,consensus
2025-12-17,Jordan Bardella,36.6,consensus
2025-12-18,Jordan Bardella,36.4,consensus
2025-12-19,Jordan Bardella,36.8,consensus
2025-12-20,Jordan Bardella,36.8,consensus
2025-12-21,Jordan Bardella,36.6,consensus
2025-12-22,Jordan Bardella,35.4,consensus
2025-12-23,Jordan Bardella,36.0,consensus
2025-12-24,Jordan Bardella,36.0,consensus
2025-12-25,Jordan Bardella,35.4,consensus
2025-12-26,Jordan Bardella,35.6,consensus
2025-12-27,Jordan Bardella,35.2,consensus
2025-12-28,Jordan Bardella,35.6,consensus
2025-12-29,Jordan Bardella,32.0,consensus
2025-12-30,Jordan Bardella,32.2,consensus
2025-12-31,Jordan Bardella,32.6,consensus
2026-01-01,Jordan Bardella,32.61,consensus
2026-01-02,Jordan Bardella,32.81,consensus
2026-01-03,Jordan Bardella,32.61,consensus
2026-01-04,Jordan Bardella,36.83,consensus
2026-01-05,Jordan Bardella,39.74,consensus
2026-01-06,Jordan Bardella,36.4,consensus
2026-01-07,Jordan Bardella,34.8,consensus
2026-01-08,Jordan Bardella,35.51,consensus
2026-01-09,Jordan Bardella,32.11,consensus
2026-01-10,Jordan Bardella,33.0,consensus
2026-01-11,Jordan Bardella,33.36,consensus
2026-01-12,Jordan Bardella,33.75,consensus
2026-01-13,Jordan Bardella,29.8,consensus
2026-01-14,Jordan Bardella,28.8,consensus
2026-01-15,Jordan Bardella,27.6,consensus
2026-01-16,Jordan Bardella,26.4,consensus
2026-01-17,Jordan Bardella,27.4,consensus
2026-01-18,Jordan Bardella,26.4,consensus
2026-01-19,Jordan Bardella,28.28,consensus
2026-01-20,Jordan Bardella,28.08,consensus
2026-01-21,Jordan Bardella,26.19,consensus
2026-01-22,Jordan Bardella,29.41,consensus
2026-01-23,Jordan Bardella,32.8,consensus
2026-01-24,Jordan Bardella,32.75,consensus
2026-01-25,Jordan Bardella,30.75,consensus
2026-01-26,Jordan Bardella,30.8,consensus
2026-01-27,Jordan Bardella,31.2,consensus
2026-01-28,Jordan Bardella,31.4,consensus
2026-01-29,Jordan Bardella,31.2,consensus
2026-01-30,Jordan Bardella,30.2,consensus
2026-01-31,Jordan Bardella,30.0,consensus
2026-02-01,Jordan Bardella,30.0,consensus
2026-02-02,Jordan Bardella,30.8,consensus
2026-02-03,Jordan Bardella,32.0,consensus
2026-02-04,Jordan Bardella,31.4,consensus
2026-02-05,Jordan Bardella,29.84,consensus
2026-02-06,Jordan Bardella,30.67,consensus
2026-02-07,Jordan Bardella,31.07,consensus
2026-02-08,Jordan Bardella,30.67,consensus
2026-02-09,Jordan Bardella,33.07,consensus
2026-02-10,Jordan Bardella,30.75,consensus
2026-02-11,Jordan Bardella,31.55,consensus
2026-02-12,Jordan Bardella,32.35,consensus
2026-02-13,Jordan Bardella,30.75,consensus
2026-02-14,Jordan Bardella,31.15,consensus
2026-02-15,Jordan Bardella,31.15,consensus
2026-02-16,Jordan Bardella,30.75,consensus
2026-02-17,Jordan Bardella,30.75,consensus
2026-02-18,Jordan Bardella,30.35,consensus
2026-02-19,Jordan Bardella,33.15,consensus
2026-02-20,Jordan Bardella,33.6,consensus
2026-02-21,Jordan Bardella,33.6,consensus
2026-02-22,Jordan Bardella,33.6,consensus
2026-02-23,Jordan Bardella,34.0,consensus
2026-02-24,Jordan Bardella,35.2,consensus
2026-02-25,Jordan Bardella,33.2,consensus
2026-02-26,Jordan Bardella,32.0,consensus
2026-02-27,Jordan Bardella,31.2,consensus
2026-02-28,Jordan Bardella,30.8,consensus
2026-03-01,Jordan Bardella,30.8,consensus
2026-03-02,Jordan Bardella,29.66,consensus
2026-03-03,Jordan Bardella,29.81,consensus
2026-03-04,Jordan Bardella,29.14,consensus
2026-03-05,Jordan Bardella,29.14,consensus
2026-03-06,Jordan Bardella,29.54,consensus
2026-03-07,Jordan Bardella,29.14,consensus
2026-03-08,Jordan Bardella,28.74,consensus
2026-03-09,Jordan Bardella,28.74,consensus
2026-03-10,Jordan Bardella,28.94,consensus
2026-03-11,Jordan Bardella,30.2,consensus
2026-03-12,Jordan Bardella,29.08,consensus
2026-03-13,Jordan Bardella,29.48,consensus
2026-03-14,Jordan Bardella,29.08,consensus
2026-03-15,Jordan Bardella,29.08,consensus
2026-03-16,Jordan Bardella,29.08,consensus
2026-03-17,Jordan Bardella,27.66,consensus
2026-03-18,Jordan Bardella,27.66,consensus
2026-03-19,Jordan Bardella,28.25,consensus
2026-03-20,Jordan Bardella,28.45,consensus
2026-03-21,Jordan Bardella,28.45,consensus
2026-03-22,Jordan Bardella,28.45,consensus
2026-03-23,Jordan Bardella,27.26,consensus
2026-03-24,Jordan Bardella,26.98,consensus
2026-03-25,Jordan Bardella,26.79,consensus
2026-03-26,Jordan Bardella,26.79,consensus
2026-03-27,Jordan Bardella,26.79,consensus
2026-03-28,Jordan Bardella,26.64,consensus
2026-03-29,Jordan Bardella,26.13,consensus
2026-03-30,Jordan Bardella,26.13,consensus
2026-03-31,Jordan Bardella,26.13,consensus
2026-04-01,Jordan Bardella,24.53,consensus
2026-04-02,Jordan Bardella,24.53,consensus
2026-04-03,Jordan Bardella,24.13,consensus
2026-04-04,Jordan Bardella,24.53,consensus
2026-04-05,Jordan Bardella,22.73,consensus
2026-04-06,Jordan Bardella,22.33,consensus
2026-04-07,Jordan Bardella,22.33,consensus
2026-04-08,Jordan Bardella,22.33,consensus
2026-04-09,Jordan Bardella,21.73,consensus
2026-04-10,Jordan Bardella,22.53,consensus
2026-04-11,Jordan Bardella,22.53,consensus
2026-04-12,Jordan Bardella,22.73,consensus
2026-04-13,Jordan Bardella,22.73,consensus
2026-04-14,Jordan Bardella,22.33,consensus
2026-04-15,Jordan Bardella,22.73,consensus
2026-04-16,Jordan Bardella,22.83,consensus
2026-04-17,Jordan Bardella,23.06,consensus
2026-04-18,Jordan Bardella,23.06,consensus
2026-04-19,Jordan Bardella,23.06,consensus
2026-04-20,Jordan Bardella,23.06,consensus
2026-04-21,Jordan Bardella,23.46,consensus
2026-04-22,Jordan Bardella,24.86,consensus
2026-04-23,Jordan Bardella,23.98,consensus
2026-04-24,Jordan Bardella,23.18,consensus
2026-04-25,Jordan Bardella,22.78,consensus
2026-04-26,Jordan Bardella,23.07,consensus
2026-04-27,Jordan Bardella,23.07,consensus
2026-04-28,Jordan Bardella,22.96,consensus
2026-04-29,Jordan Bardella,23.36,consensus
2026-04-30,Jordan Bardella,22.96,consensus
2026-05-01,Jordan Bardella,24.05,consensus
2026-05-02,Jordan Bardella,23.87,consensus
2026-05-03,Jordan Bardella,24.07,consensus
2026-05-04,Jordan Bardella,24.87,consensus
2026-05-05,Jordan Bardella,25.24,consensus
2026-05-06,Jordan Bardella,25.24,consensus
2026-05-07,Jordan Bardella,25.24,consensus
2026-05-08,Jordan Bardella,25.24,consensus
2026-05-09,Jordan Bardella,25.24,consensus
2026-05-10,Jordan Bardella,27.24,consensus
2026-05-11,Jordan Bardella,26.84,consensus
2026-05-12,Jordan Bardella,26.44,consensus
2026-05-13,Jordan Bardella,26.44,consensus
2026-05-14,Jordan Bardella,25.98,consensus
2026-05-15,Jordan Bardella,25.76,consensus
2026-05-16,Jordan Bardella,26.56,consensus
2026-05-17,Jordan Bardella,26.31,consensus
2026-05-18,Jordan Bardella,26.37,consensus
2026-05-19,Jordan Bardella,27.51,consensus
2026-05-20,Jordan Bardella,26.41,consensus
2026-05-21,Jordan Bardella,26.81,consensus
2026-05-22,Jordan Bardella,26.81,consensus
2026-05-23,Jordan Bardella,26.71,consensus
2026-05-24,Jordan Bardella,27.11,consensus
2026-05-25,Jordan Bardella,25.93,consensus
2026-05-26,Jordan Bardella,25.8,consensus
2026-05-27,Jordan Bardella,26.0,consensus
2026-05-28,Jordan Bardella,26.4,consensus
2026-05-29,Jordan Bardella,28.8,consensus
2026-05-30,Jordan Bardella,28.4,consensus
2026-05-31,Jordan Bardella,26.8,consensus
2026-06-01,Jordan Bardella,26.81,consensus
2026-06-02,Jordan Bardella,26.35,consensus
2026-06-03,Jordan Bardella,26.75,consensus
2026-06-04,Jordan Bardella,28.53,consensus
2026-06-05,Jordan Bardella,28.53,consensus
2026-06-06,Jordan Bardella,28.13,consensus
2026-06-07,Jordan Bardella,28.44,consensus
2026-06-08,Jordan Bardella,28.84,consensus
2026-06-09,Jordan Bardella,29.24,consensus
2026-06-10,Jordan Bardella,29.85,consensus
2026-06-11,Jordan Bardella,30.25,consensus
2026-06-12,Jordan Bardella,29.33,consensus
2026-06-13,Jordan Bardella,28.93,consensus
2026-06-14,Jordan Bardella,28.93,consensus
2026-06-15,Jordan Bardella,29.01,consensus
2026-06-16,Jordan Bardella,28.61,consensus
2026-06-17,Jordan Bardella,29.01,consensus
2026-06-18,Jordan Bardella,29.01,consensus
2026-06-19,Jordan Bardella,29.27,consensus
2026-06-20,Jordan Bardella,29.27,consensus
2026-06-21,Jordan Bardella,29.27,consensus
2026-06-22,Jordan Bardella,29.06,consensus
2026-06-23,Jordan Bardella,28.81,consensus
2026-06-24,Jordan Bardella,29.56,consensus
2026-06-25,Jordan Bardella,28.67,consensus
2026-06-26,Jordan Bardella,28.94,consensus
2026-06-27,Jordan Bardella,29.77,consensus
2026-06-28,Jordan Bardella,30.02,consensus
2026-06-29,Jordan Bardella,29.55,consensus
2026-06-30,Jordan Bardella,30.36,consensus
2026-07-01,Jordan Bardella,28.76,consensus
2026-07-02,Jordan Bardella,28.36,consensus
2026-07-03,Jordan Bardella,29.85,consensus
2026-07-04,Jordan Bardella,30.2,consensus
2026-07-05,Jordan Bardella,30.41,consensus
2026-07-06,Jordan Bardella,28.21,consensus
2026-07-07,Jordan Bardella,34.08,consensus
2026-07-08,Jordan Bardella,6.23,consensus
2026-07-09,Jordan Bardella,7.2,consensus
2026-07-10,Jordan Bardella,6.97,consensus
2026-07-11,Jordan Bardella,5.91,consensus
2026-07-12,Jordan Bardella,5.89,consensus
2026-07-13,Jordan Bardella,4.61,consensus
2026-07-14,Jordan Bardella,6.34,consensus
2026-07-15,Jordan Bardella,6.42,consensus
2026-07-16,Jordan Bardella,5.38,consensus
2026-07-17,Jordan Bardella,5.46,consensus
2026-07-18,Jordan Bardella,5.52,consensus
2026-07-19,Jordan Bardella,5.52,consensus
2026-07-20,Jordan Bardella,5.42,consensus
2025-11-02,Marine Le Pen,11.0,consensus
2025-11-03,Marine Le Pen,8.27,consensus
2025-11-04,Marine Le Pen,9.74,consensus
2025-11-05,Marine Le Pen,11.91,consensus
2025-11-06,Marine Le Pen,11.91,consensus
2025-11-07,Marine Le Pen,11.91,consensus
2025-11-08,Marine Le Pen,11.91,consensus
2025-11-09,Marine Le Pen,11.91,consensus
2025-11-10,Marine Le Pen,11.91,consensus
2025-11-11,Marine Le Pen,11.91,consensus
2025-11-12,Marine Le Pen,11.91,consensus
2025-11-13,Marine Le Pen,11.91,consensus
2025-11-14,Marine Le Pen,13.35,consensus
2025-11-15,Marine Le Pen,12.15,consensus
2025-11-16,Marine Le Pen,11.55,consensus
2025-11-17,Marine Le Pen,11.35,consensus
2025-11-18,Marine Le Pen,11.96,consensus
2025-11-19,Marine Le Pen,11.76,consensus
2025-11-20,Marine Le Pen,11.16,consensus
2025-11-21,Marine Le Pen,12.76,consensus
2025-11-22,Marine Le Pen,10.96,consensus
2025-11-23,Marine Le Pen,11.56,consensus
2025-11-24,Marine Le Pen,11.16,consensus
2025-11-25,Marine Le Pen,11.36,consensus
2025-11-26,Marine Le Pen,11.36,consensus
2025-11-27,Marine Le Pen,10.96,consensus
2025-11-28,Marine Le Pen,11.16,consensus
2025-11-29,Marine Le Pen,11.16,consensus
2025-11-30,Marine Le Pen,11.16,consensus
2025-12-01,Marine Le Pen,9.56,consensus
2025-12-02,Marine Le Pen,9.56,consensus
2025-12-03,Marine Le Pen,9.36,consensus
2025-12-04,Marine Le Pen,9.16,consensus
2025-12-05,Marine Le Pen,9.56,consensus
2025-12-06,Marine Le Pen,9.36,consensus
2025-12-07,Marine Le Pen,9.76,consensus
2025-12-08,Marine Le Pen,9.36,consensus
2025-12-09,Marine Le Pen,9.36,consensus
2025-12-10,Marine Le Pen,9.36,consensus
2025-12-11,Marine Le Pen,9.36,consensus
2025-12-12,Marine Le Pen,9.16,consensus
2025-12-13,Marine Le Pen,8.64,consensus
2025-12-14,Marine Le Pen,8.64,consensus
2025-12-15,Marine Le Pen,8.64,consensus
2025-12-16,Marine Le Pen,8.64,consensus
2025-12-17,Marine Le Pen,8.64,consensus
2025-12-18,Marine Le Pen,8.64,consensus
2025-12-19,Marine Le Pen,8.64,consensus
2025-12-20,Marine Le Pen,8.64,consensus
2025-12-21,Marine Le Pen,8.64,consensus
2025-12-22,Marine Le Pen,8.64,consensus
2025-12-23,Marine Le Pen,8.64,consensus
2025-12-24,Marine Le Pen,8.64,consensus
2025-12-25,Marine Le Pen,8.24,consensus
2025-12-26,Marine Le Pen,8.44,consensus
2025-12-27,Marine Le Pen,8.44,consensus
2025-12-28,Marine Le Pen,8.24,consensus
2025-12-29,Marine Le Pen,8.24,consensus
2025-12-30,Marine Le Pen,8.24,consensus
2025-12-31,Marine Le Pen,8.04,consensus
2026-01-01,Marine Le Pen,7.71,consensus
2026-01-02,Marine Le Pen,7.11,consensus
2026-01-03,Marine Le Pen,7.51,consensus
2026-01-04,Marine Le Pen,7.71,consensus
2026-01-05,Marine Le Pen,7.71,consensus
2026-01-06,Marine Le Pen,7.91,consensus
2026-01-07,Marine Le Pen,7.32,consensus
2026-01-08,Marine Le Pen,7.92,consensus
2026-01-09,Marine Le Pen,4.72,consensus
2026-01-10,Marine Le Pen,5.2,consensus
2026-01-11,Marine Le Pen,6.49,consensus
2026-01-12,Marine Le Pen,4.98,consensus
2026-01-13,Marine Le Pen,9.78,consensus
2026-01-14,Marine Le Pen,11.18,consensus
2026-01-15,Marine Le Pen,13.58,consensus
2026-01-16,Marine Le Pen,15.58,consensus
2026-01-17,Marine Le Pen,17.18,consensus
2026-01-18,Marine Le Pen,15.58,consensus
2026-01-19,Marine Le Pen,13.58,consensus
2026-01-20,Marine Le Pen,14.78,consensus
2026-01-21,Marine Le Pen,12.98,consensus
2026-01-22,Marine Le Pen,12.98,consensus
2026-01-23,Marine Le Pen,12.58,consensus
2026-01-24,Marine Le Pen,12.18,consensus
2026-01-25,Marine Le Pen,12.98,consensus
2026-01-26,Marine Le Pen,12.18,consensus
2026-01-27,Marine Le Pen,12.18,consensus
2026-01-28,Marine Le Pen,11.38,consensus
2026-01-29,Marine Le Pen,10.18,consensus
2026-01-30,Marine Le Pen,10.98,consensus
2026-01-31,Marine Le Pen,11.38,consensus
2026-02-01,Marine Le Pen,11.78,consensus
2026-02-02,Marine Le Pen,11.58,consensus
2026-02-03,Marine Le Pen,11.71,consensus
2026-02-04,Marine Le Pen,11.51,consensus
2026-02-05,Marine Le Pen,10.15,consensus
2026-02-06,Marine Le Pen,10.55,consensus
2026-02-07,Marine Le Pen,9.75,consensus
2026-02-08,Marine Le Pen,7.95,consensus
2026-02-09,Marine Le Pen,7.95,consensus
2026-02-10,Marine Le Pen,8.95,consensus
2026-02-11,Marine Le Pen,9.75,consensus
2026-02-12,Marine Le Pen,8.15,consensus
2026-02-13,Marine Le Pen,8.15,consensus
2026-02-14,Marine Le Pen,9.35,consensus
2026-02-15,Marine Le Pen,9.75,consensus
2026-02-16,Marine Le Pen,9.75,consensus
2026-02-17,Marine Le Pen,9.75,consensus
2026-02-18,Marine Le Pen,10.15,consensus
2026-02-19,Marine Le Pen,10.15,consensus
2026-02-20,Marine Le Pen,10.15,consensus
2026-02-21,Marine Le Pen,10.95,consensus
2026-02-22,Marine Le Pen,10.55,consensus
2026-02-23,Marine Le Pen,10.55,consensus
2026-02-24,Marine Le Pen,11.35,consensus
2026-02-25,Marine Le Pen,11.35,consensus
2026-02-26,Marine Le Pen,11.35,consensus
2026-02-27,Marine Le Pen,11.35,consensus
2026-02-28,Marine Le Pen,12.95,consensus
2026-03-01,Marine Le Pen,11.75,consensus
2026-03-02,Marine Le Pen,12.15,consensus
2026-03-03,Marine Le Pen,12.62,consensus
2026-03-04,Marine Le Pen,12.62,consensus
2026-03-05,Marine Le Pen,12.62,consensus
2026-03-06,Marine Le Pen,11.82,consensus
2026-03-07,Marine Le Pen,11.82,consensus
2026-03-08,Marine Le Pen,10.22,consensus
2026-03-09,Marine Le Pen,9.82,consensus
2026-03-10,Marine Le Pen,12.22,consensus
2026-03-11,Marine Le Pen,12.22,consensus
2026-03-12,Marine Le Pen,10.18,consensus
2026-03-13,Marine Le Pen,8.98,consensus
2026-03-14,Marine Le Pen,11.38,consensus
2026-03-15,Marine Le Pen,8.98,consensus
2026-03-16,Marine Le Pen,9.38,consensus
2026-03-17,Marine Le Pen,11.58,consensus
2026-03-18,Marine Le Pen,11.99,consensus
2026-03-19,Marine Le Pen,12.19,consensus
2026-03-20,Marine Le Pen,11.79,consensus
2026-03-21,Marine Le Pen,11.99,consensus
2026-03-22,Marine Le Pen,11.99,consensus
2026-03-23,Marine Le Pen,11.19,consensus
2026-03-24,Marine Le Pen,12.3,consensus
2026-03-25,Marine Le Pen,12.1,consensus
2026-03-26,Marine Le Pen,10.1,consensus
2026-03-27,Marine Le Pen,9.7,consensus
2026-03-28,Marine Le Pen,9.79,consensus
2026-03-29,Marine Le Pen,8.84,consensus
2026-03-30,Marine Le Pen,8.44,consensus
2026-03-31,Marine Le Pen,8.84,consensus
2026-04-01,Marine Le Pen,8.44,consensus
2026-04-02,Marine Le Pen,8.04,consensus
2026-04-03,Marine Le Pen,8.44,consensus
2026-04-04,Marine Le Pen,8.44,consensus
2026-04-05,Marine Le Pen,8.44,consensus
2026-04-06,Marine Le Pen,8.84,consensus
2026-04-07,Marine Le Pen,8.84,consensus
2026-04-08,Marine Le Pen,8.84,consensus
2026-04-09,Marine Le Pen,8.04,consensus
2026-04-10,Marine Le Pen,8.0,consensus
2026-04-11,Marine Le Pen,8.0,consensus
2026-04-12,Marine Le Pen,8.0,consensus
2026-04-13,Marine Le Pen,8.48,consensus
2026-04-14,Marine Le Pen,8.48,consensus
2026-04-15,Marine Le Pen,7.04,consensus
2026-04-16,Marine Le Pen,7.04,consensus
2026-04-17,Marine Le Pen,7.04,consensus
2026-04-18,Marine Le Pen,6.24,consensus
2026-04-19,Marine Le Pen,8.52,consensus
2026-04-20,Marine Le Pen,8.52,consensus
2026-04-21,Marine Le Pen,8.52,consensus
2026-04-22,Marine Le Pen,8.52,consensus
2026-04-23,Marine Le Pen,7.43,consensus
2026-04-24,Marine Le Pen,7.43,consensus
2026-04-25,Marine Le Pen,7.43,consensus
2026-04-26,Marine Le Pen,7.55,consensus
2026-04-27,Marine Le Pen,7.55,consensus
2026-04-28,Marine Le Pen,7.61,consensus
2026-04-29,Marine Le Pen,7.61,consensus
2026-04-30,Marine Le Pen,6.61,consensus
2026-05-01,Marine Le Pen,7.01,consensus
2026-05-02,Marine Le Pen,7.01,consensus
2026-05-03,Marine Le Pen,7.01,consensus
2026-05-04,Marine Le Pen,7.01,consensus
2026-05-05,Marine Le Pen,6.95,consensus
2026-05-06,Marine Le Pen,6.95,consensus
2026-05-07,Marine Le Pen,6.95,consensus
2026-05-08,Marine Le Pen,6.55,consensus
2026-05-09,Marine Le Pen,6.55,consensus
2026-05-10,Marine Le Pen,6.55,consensus
2026-05-11,Marine Le Pen,6.81,consensus
2026-05-12,Marine Le Pen,6.81,consensus
2026-05-13,Marine Le Pen,6.81,consensus
2026-05-14,Marine Le Pen,6.45,consensus
2026-05-15,Marine Le Pen,6.68,consensus
2026-05-16,Marine Le Pen,6.68,consensus
2026-05-17,Marine Le Pen,6.68,consensus
2026-05-18,Marine Le Pen,6.68,consensus
2026-05-19,Marine Le Pen,6.35,consensus
2026-05-20,Marine Le Pen,6.35,consensus
2026-05-21,Marine Le Pen,6.35,consensus
2026-05-22,Marine Le Pen,6.35,consensus
2026-05-23,Marine Le Pen,6.35,consensus
2026-05-24,Marine Le Pen,6.35,consensus
2026-05-25,Marine Le Pen,6.35,consensus
2026-05-26,Marine Le Pen,6.37,consensus
2026-05-27,Marine Le Pen,6.37,consensus
2026-05-28,Marine Le Pen,6.45,consensus
2026-05-29,Marine Le Pen,6.45,consensus
2026-05-30,Marine Le Pen,6.45,consensus
2026-05-31,Marine Le Pen,6.17,consensus
2026-06-01,Marine Le Pen,6.69,consensus
2026-06-02,Marine Le Pen,6.33,consensus
2026-06-03,Marine Le Pen,5.93,consensus
2026-06-04,Marine Le Pen,6.29,consensus
2026-06-05,Marine Le Pen,6.29,consensus
2026-06-06,Marine Le Pen,6.29,consensus
2026-06-07,Marine Le Pen,6.29,consensus
2026-06-08,Marine Le Pen,6.29,consensus
2026-06-09,Marine Le Pen,6.29,consensus
2026-06-10,Marine Le Pen,6.3,consensus
2026-06-11,Marine Le Pen,6.7,consensus
2026-06-12,Marine Le Pen,6.53,consensus
2026-06-13,Marine Le Pen,6.73,consensus
2026-06-14,Marine Le Pen,6.73,consensus
2026-06-15,Marine Le Pen,6.73,consensus
2026-06-16,Marine Le Pen,6.73,consensus
2026-06-17,Marine Le Pen,6.65,consensus
2026-06-18,Marine Le Pen,6.65,consensus
2026-06-19,Marine Le Pen,6.6,consensus
2026-06-20,Marine Le Pen,6.6,consensus
2026-06-21,Marine Le Pen,6.6,consensus
2026-06-22,Marine Le Pen,6.61,consensus
2026-06-23,Marine Le Pen,6.21,consensus
2026-06-24,Marine Le Pen,6.21,consensus
2026-06-25,Marine Le Pen,6.21,consensus
2026-06-26,Marine Le Pen,6.24,consensus
2026-06-27,Marine Le Pen,7.56,consensus
2026-06-28,Marine Le Pen,9.04,consensus
2026-06-29,Marine Le Pen,9.04,consensus
2026-06-30,Marine Le Pen,9.04,consensus
2026-07-01,Marine Le Pen,7.6,consensus
2026-07-02,Marine Le Pen,7.6,consensus
2026-07-03,Marine Le Pen,7.84,consensus
2026-07-04,Marine Le Pen,7.65,consensus
2026-07-05,Marine Le Pen,7.65,consensus
2026-07-06,Marine Le Pen,8.35,consensus
2026-07-07,Marine Le Pen,12.55,consensus
2026-07-08,Marine Le Pen,30.67,consensus
2026-07-09,Marine Le Pen,27.18,consensus
2026-07-10,Marine Le Pen,30.6,consensus
2026-07-11,Marine Le Pen,30.64,consensus
2026-07-12,Marine Le Pen,28.73,consensus
2026-07-13,Marine Le Pen,30.09,consensus
2026-07-14,Marine Le Pen,31.11,consensus
2026-07-15,Marine Le Pen,32.06,consensus
2026-07-16,Marine Le Pen,33.1,consensus
2026-07-17,Marine Le Pen,33.02,consensus
2026-07-18,Marine Le Pen,33.16,consensus
2026-07-19,Marine Le Pen,32.61,consensus
2026-07-20,Marine Le Pen,34.53,consensus
2025-11-02,Raphaël Glucksmann,5.0,consensus
2025-11-03,Raphaël Glucksmann,9.3,consensus
2025-11-04,Raphaël Glucksmann,9.3,consensus
2025-11-05,Raphaël Glucksmann,9.3,consensus
2025-11-06,Raphaël Glucksmann,9.3,consensus
2025-11-07,Raphaël Glucksmann,9.3,consensus
2025-11-08,Raphaël Glucksmann,9.3,consensus
2025-11-09,Raphaël Glucksmann,9.3,consensus
2025-11-10,Raphaël Glucksmann,9.3,consensus
2025-11-11,Raphaël Glucksmann,9.3,consensus
2025-11-12,Raphaël Glucksmann,9.3,consensus
2025-11-13,Raphaël Glucksmann,9.3,consensus
2025-11-14,Raphaël Glucksmann,31.77,consensus
2025-11-15,Raphaël Glucksmann,8.43,consensus
2025-11-16,Raphaël Glucksmann,8.1,consensus
2025-11-17,Raphaël Glucksmann,8.1,consensus
2025-11-18,Raphaël Glucksmann,6.42,consensus
2025-11-19,Raphaël Glucksmann,6.42,consensus
2025-11-20,Raphaël Glucksmann,6.42,consensus
2025-11-21,Raphaël Glucksmann,6.09,consensus
2025-11-22,Raphaël Glucksmann,4.79,consensus
2025-11-23,Raphaël Glucksmann,4.82,consensus
2025-11-24,Raphaël Glucksmann,5.89,consensus
2025-11-25,Raphaël Glucksmann,5.42,consensus
2025-11-26,Raphaël Glucksmann,5.69,consensus
2025-11-27,Raphaël Glucksmann,4.95,consensus
2025-11-28,Raphaël Glucksmann,5.05,consensus
2025-11-29,Raphaël Glucksmann,4.25,consensus
2025-11-30,Raphaël Glucksmann,6.09,consensus
2025-12-01,Raphaël Glucksmann,6.12,consensus
2025-12-02,Raphaël Glucksmann,6.09,consensus
2025-12-03,Raphaël Glucksmann,7.19,consensus
2025-12-04,Raphaël Glucksmann,6.65,consensus
2025-12-05,Raphaël Glucksmann,6.95,consensus
2025-12-06,Raphaël Glucksmann,6.79,consensus
2025-12-07,Raphaël Glucksmann,7.02,consensus
2025-12-08,Raphaël Glucksmann,7.22,consensus
2025-12-09,Raphaël Glucksmann,6.69,consensus
2025-12-10,Raphaël Glucksmann,6.22,consensus
2025-12-11,Raphaël Glucksmann,5.89,consensus
2025-12-12,Raphaël Glucksmann,5.79,consensus
2025-12-13,Raphaël Glucksmann,5.75,consensus
2025-12-14,Raphaël Glucksmann,5.72,consensus
2025-12-15,Raphaël Glucksmann,5.72,consensus
2025-12-16,Raphaël Glucksmann,5.72,consensus
2025-12-17,Raphaël Glucksmann,5.62,consensus
2025-12-18,Raphaël Glucksmann,5.62,consensus
2025-12-19,Raphaël Glucksmann,5.55,consensus
2025-12-20,Raphaël Glucksmann,5.55,consensus
2025-12-21,Raphaël Glucksmann,5.55,consensus
2025-12-22,Raphaël Glucksmann,5.55,consensus
2025-12-23,Raphaël Glucksmann,5.85,consensus
2025-12-24,Raphaël Glucksmann,5.95,consensus
2025-12-25,Raphaël Glucksmann,5.82,consensus
2025-12-26,Raphaël Glucksmann,5.82,consensus
2025-12-27,Raphaël Glucksmann,5.82,consensus
2025-12-28,Raphaël Glucksmann,5.85,consensus
2025-12-29,Raphaël Glucksmann,6.12,consensus
2025-12-30,Raphaël Glucksmann,6.85,consensus
2025-12-31,Raphaël Glucksmann,6.12,consensus
2026-01-01,Raphaël Glucksmann,6.12,consensus
2026-01-02,Raphaël Glucksmann,6.12,consensus
2026-01-03,Raphaël Glucksmann,6.12,consensus
2026-01-04,Raphaël Glucksmann,6.09,consensus
2026-01-05,Raphaël Glucksmann,5.95,consensus
2026-01-06,Raphaël Glucksmann,5.89,consensus
2026-01-07,Raphaël Glucksmann,2.59,consensus
2026-01-08,Raphaël Glucksmann,2.69,consensus
2026-01-09,Raphaël Glucksmann,2.52,consensus
2026-01-10,Raphaël Glucksmann,2.52,consensus
2026-01-11,Raphaël Glucksmann,2.52,consensus
2026-01-12,Raphaël Glucksmann,2.62,consensus
2026-01-13,Raphaël Glucksmann,2.59,consensus
2026-01-14,Raphaël Glucksmann,2.39,consensus
2026-01-15,Raphaël Glucksmann,1.96,consensus
2026-01-16,Raphaël Glucksmann,2.46,consensus
2026-01-17,Raphaël Glucksmann,2.26,consensus
2026-01-18,Raphaël Glucksmann,2.09,consensus
2026-01-19,Raphaël Glucksmann,2.09,consensus
2026-01-20,Raphaël Glucksmann,2.12,consensus
2026-01-21,Raphaël Glucksmann,2.19,consensus
2026-01-22,Raphaël Glucksmann,2.12,consensus
2026-01-23,Raphaël Glucksmann,1.86,consensus
2026-01-24,Raphaël Glucksmann,2.39,consensus
2026-01-25,Raphaël Glucksmann,2.46,consensus
2026-01-26,Raphaël Glucksmann,2.46,consensus
2026-01-27,Raphaël Glucksmann,2.39,consensus
2026-01-28,Raphaël Glucksmann,2.39,consensus
2026-01-29,Raphaël Glucksmann,2.12,consensus
2026-01-30,Raphaël Glucksmann,2.09,consensus
2026-01-31,Raphaël Glucksmann,2.02,consensus
2026-02-01,Raphaël Glucksmann,2.16,consensus
2026-02-02,Raphaël Glucksmann,2.49,consensus
2026-02-03,Raphaël Glucksmann,2.26,consensus
2026-02-04,Raphaël Glucksmann,2.19,consensus
2026-02-05,Raphaël Glucksmann,2.16,consensus
2026-02-06,Raphaël Glucksmann,2.19,consensus
2026-02-07,Raphaël Glucksmann,2.12,consensus
2026-02-08,Raphaël Glucksmann,2.02,consensus
2026-02-09,Raphaël Glucksmann,2.02,consensus
2026-02-10,Raphaël Glucksmann,2.16,consensus
2026-02-11,Raphaël Glucksmann,2.46,consensus
2026-02-12,Raphaël Glucksmann,2.26,consensus
2026-02-13,Raphaël Glucksmann,2.26,consensus
2026-02-14,Raphaël Glucksmann,2.26,consensus
2026-02-15,Raphaël Glucksmann,2.29,consensus
2026-02-16,Raphaël Glucksmann,2.39,consensus
2026-02-17,Raphaël Glucksmann,2.56,consensus
2026-02-18,Raphaël Glucksmann,2.62,consensus
2026-02-19,Raphaël Glucksmann,2.49,consensus
2026-02-20,Raphaël Glucksmann,2.39,consensus
2026-02-21,Raphaël Glucksmann,2.26,consensus
2026-02-22,Raphaël Glucksmann,2.26,consensus
2026-02-23,Raphaël Glucksmann,2.29,consensus
2026-02-24,Raphaël Glucksmann,2.42,consensus
2026-02-25,Raphaël Glucksmann,2.39,consensus
2026-02-26,Raphaël Glucksmann,2.36,consensus
2026-02-27,Raphaël Glucksmann,2.26,consensus
2026-02-28,Raphaël Glucksmann,2.26,consensus
2026-03-01,Raphaël Glucksmann,2.26,consensus
2026-03-02,Raphaël Glucksmann,2.36,consensus
2026-03-03,Raphaël Glucksmann,2.29,consensus
2026-03-04,Raphaël Glucksmann,2.26,consensus
2026-03-05,Raphaël Glucksmann,2.39,consensus
2026-03-06,Raphaël Glucksmann,2.42,consensus
2026-03-07,Raphaël Glucksmann,2.46,consensus
2026-03-08,Raphaël Glucksmann,2.42,consensus
2026-03-09,Raphaël Glucksmann,2.32,consensus
2026-03-10,Raphaël Glucksmann,2.56,consensus
2026-03-11,Raphaël Glucksmann,2.29,consensus
2026-03-12,Raphaël Glucksmann,1.93,consensus
2026-03-13,Raphaël Glucksmann,1.93,consensus
2026-03-14,Raphaël Glucksmann,2.0,consensus
2026-03-15,Raphaël Glucksmann,2.0,consensus
2026-03-16,Raphaël Glucksmann,2.0,consensus
2026-03-17,Raphaël Glucksmann,3.33,consensus
2026-03-18,Raphaël Glucksmann,3.47,consensus
2026-03-19,Raphaël Glucksmann,3.47,consensus
2026-03-20,Raphaël Glucksmann,3.33,consensus
2026-03-21,Raphaël Glucksmann,3.53,consensus
2026-03-22,Raphaël Glucksmann,3.4,consensus
2026-03-23,Raphaël Glucksmann,3.85,consensus
2026-03-24,Raphaël Glucksmann,4.41,consensus
2026-03-25,Raphaël Glucksmann,4.27,consensus
2026-03-26,Raphaël Glucksmann,3.97,consensus
2026-03-27,Raphaël Glucksmann,3.84,consensus
2026-03-28,Raphaël Glucksmann,3.76,consensus
2026-03-29,Raphaël Glucksmann,3.93,consensus
2026-03-30,Raphaël Glucksmann,3.93,consensus
2026-03-31,Raphaël Glucksmann,3.93,consensus
2026-04-01,Raphaël Glucksmann,3.93,consensus
2026-04-02,Raphaël Glucksmann,3.93,consensus
2026-04-03,Raphaël Glucksmann,3.93,consensus
2026-04-04,Raphaël Glucksmann,3.93,consensus
2026-04-05,Raphaël Glucksmann,3.93,consensus
2026-04-06,Raphaël Glucksmann,3.93,consensus
2026-04-07,Raphaël Glucksmann,3.93,consensus
2026-04-08,Raphaël Glucksmann,3.93,consensus
2026-04-09,Raphaël Glucksmann,2.6,consensus
2026-04-10,Raphaël Glucksmann,2.6,consensus
2026-04-11,Raphaël Glucksmann,2.6,consensus
2026-04-12,Raphaël Glucksmann,2.6,consensus
2026-04-13,Raphaël Glucksmann,2.6,consensus
2026-04-14,Raphaël Glucksmann,2.6,consensus
2026-04-15,Raphaël Glucksmann,2.6,consensus
2026-04-16,Raphaël Glucksmann,2.6,consensus
2026-04-17,Raphaël Glucksmann,2.6,consensus
2026-04-18,Raphaël Glucksmann,2.27,consensus
2026-04-19,Raphaël Glucksmann,2.27,consensus
2026-04-20,Raphaël Glucksmann,2.27,consensus
2026-04-21,Raphaël Glucksmann,2.27,consensus
2026-04-22,Raphaël Glucksmann,2.3,consensus
2026-04-23,Raphaël Glucksmann,1.94,consensus
2026-04-24,Raphaël Glucksmann,2.14,consensus
2026-04-25,Raphaël Glucksmann,1.81,consensus
2026-04-26,Raphaël Glucksmann,1.83,consensus
2026-04-27,Raphaël Glucksmann,1.83,consensus
2026-04-28,Raphaël Glucksmann,2.03,consensus
2026-04-29,Raphaël Glucksmann,1.76,consensus
2026-04-30,Raphaël Glucksmann,1.76,consensus
2026-05-01,Raphaël Glucksmann,1.76,consensus
2026-05-02,Raphaël Glucksmann,1.76,consensus
2026-05-03,Raphaël Glucksmann,1.8,consensus
2026-05-04,Raphaël Glucksmann,1.83,consensus
2026-05-05,Raphaël Glucksmann,1.76,consensus
2026-05-06,Raphaël Glucksmann,1.76,consensus
2026-05-07,Raphaël Glucksmann,1.76,consensus
2026-05-08,Raphaël Glucksmann,1.83,consensus
2026-05-09,Raphaël Glucksmann,1.96,consensus
2026-05-10,Raphaël Glucksmann,1.96,consensus
2026-05-11,Raphaël Glucksmann,1.96,consensus
2026-05-12,Raphaël Glucksmann,2.43,consensus
2026-05-13,Raphaël Glucksmann,2.36,consensus
2026-05-14,Raphaël Glucksmann,2.1,consensus
2026-05-15,Raphaël Glucksmann,1.96,consensus
2026-05-16,Raphaël Glucksmann,2.0,consensus
2026-05-17,Raphaël Glucksmann,1.96,consensus
2026-05-18,Raphaël Glucksmann,1.9,consensus
2026-05-19,Raphaël Glucksmann,2.1,consensus
2026-05-20,Raphaël Glucksmann,2.04,consensus
2026-05-21,Raphaël Glucksmann,2.04,consensus
2026-05-22,Raphaël Glucksmann,2.04,consensus
2026-05-23,Raphaël Glucksmann,1.9,consensus
2026-05-24,Raphaël Glucksmann,1.9,consensus
2026-05-25,Raphaël Glucksmann,1.9,consensus
2026-05-26,Raphaël Glucksmann,2.5,consensus
2026-05-27,Raphaël Glucksmann,2.7,consensus
2026-05-28,Raphaël Glucksmann,2.7,consensus
2026-05-29,Raphaël Glucksmann,2.7,consensus
2026-05-30,Raphaël Glucksmann,2.7,consensus
2026-05-31,Raphaël Glucksmann,2.57,consensus
2026-06-01,Raphaël Glucksmann,2.57,consensus
2026-06-02,Raphaël Glucksmann,2.64,consensus
2026-06-03,Raphaël Glucksmann,2.74,consensus
2026-06-04,Raphaël Glucksmann,2.57,consensus
2026-06-05,Raphaël Glucksmann,2.5,consensus
2026-06-06,Raphaël Glucksmann,2.5,consensus
2026-06-07,Raphaël Glucksmann,2.3,consensus
2026-06-08,Raphaël Glucksmann,2.3,consensus
2026-06-09,Raphaël Glucksmann,2.24,consensus
2026-06-10,Raphaël Glucksmann,2.24,consensus
2026-06-11,Raphaël Glucksmann,1.97,consensus
2026-06-12,Raphaël Glucksmann,1.9,consensus
2026-06-13,Raphaël Glucksmann,1.77,consensus
2026-06-14,Raphaël Glucksmann,1.78,consensus
2026-06-15,Raphaël Glucksmann,2.05,consensus
2026-06-16,Raphaël Glucksmann,1.98,consensus
2026-06-17,Raphaël Glucksmann,2.02,consensus
2026-06-18,Raphaël Glucksmann,1.95,consensus
2026-06-19,Raphaël Glucksmann,1.92,consensus
2026-06-20,Raphaël Glucksmann,1.92,consensus
2026-06-21,Raphaël Glucksmann,1.92,consensus
2026-06-22,Raphaël Glucksmann,1.92,consensus
2026-06-23,Raphaël Glucksmann,1.92,consensus
2026-06-24,Raphaël Glucksmann,1.85,consensus
2026-06-25,Raphaël Glucksmann,1.72,consensus
2026-06-26,Raphaël Glucksmann,1.72,consensus
2026-06-27,Raphaël Glucksmann,1.85,consensus
2026-06-28,Raphaël Glucksmann,1.85,consensus
2026-06-29,Raphaël Glucksmann,1.85,consensus
2026-06-30,Raphaël Glucksmann,1.85,consensus
2026-07-01,Raphaël Glucksmann,1.85,consensus
2026-07-02,Raphaël Glucksmann,1.85,consensus
2026-07-03,Raphaël Glucksmann,1.85,consensus
2026-07-04,Raphaël Glucksmann,1.72,consensus
2026-07-05,Raphaël Glucksmann,1.75,consensus
2026-07-06,Raphaël Glucksmann,1.72,consensus
2026-07-07,Raphaël Glucksmann,1.68,consensus
2026-07-08,Raphaël Glucksmann,1.85,consensus
2026-07-09,Raphaël Glucksmann,1.85,consensus
2026-07-10,Raphaël Glucksmann,1.82,consensus
2026-07-11,Raphaël Glucksmann,1.85,consensus
2026-07-12,Raphaël Glucksmann,1.85,consensus
2026-07-13,Raphaël Glucksmann,1.85,consensus
2026-07-14,Raphaël Glucksmann,1.85,consensus
2026-07-15,Raphaël Glucksmann,1.82,consensus
2026-07-16,Raphaël Glucksmann,1.85,consensus
2026-07-17,Raphaël Glucksmann,1.85,consensus
2026-07-18,Raphaël Glucksmann,1.85,consensus
2026-07-19,Raphaël Glucksmann,1.85,consensus
2026-07-20,Raphaël Glucksmann,1.78,consensus
2025-12-09,Sarah Knafo,4.75,consensus
2025-12-10,Sarah Knafo,4.7,consensus
2025-12-11,Sarah Knafo,7.25,consensus
2025-12-12,Sarah Knafo,7.15,consensus
2025-12-13,Sarah Knafo,8.8,consensus
2025-12-14,Sarah Knafo,8.85,consensus
2025-12-15,Sarah Knafo,6.6,consensus
2025-12-16,Sarah Knafo,9.9,consensus
2025-12-17,Sarah Knafo,8.45,consensus
2025-12-18,Sarah Knafo,8.15,consensus
2025-12-19,Sarah Knafo,8.2,consensus
2025-12-20,Sarah Knafo,8.35,consensus
2025-12-21,Sarah Knafo,8.4,consensus
2025-12-22,Sarah Knafo,8.65,consensus
2025-12-23,Sarah Knafo,7.75,consensus
2025-12-24,Sarah Knafo,7.75,consensus
2025-12-25,Sarah Knafo,6.55,consensus
2025-12-26,Sarah Knafo,6.25,consensus
2025-12-27,Sarah Knafo,6.0,consensus
2025-12-28,Sarah Knafo,6.0,consensus
2025-12-29,Sarah Knafo,5.9,consensus
2025-12-30,Sarah Knafo,5.85,consensus
2025-12-31,Sarah Knafo,4.5,consensus
2026-01-01,Sarah Knafo,4.45,consensus
2026-01-02,Sarah Knafo,4.4,consensus
2026-01-03,Sarah Knafo,5.15,consensus
2026-01-04,Sarah Knafo,4.95,consensus
2026-01-05,Sarah Knafo,6.45,consensus
2026-01-06,Sarah Knafo,4.6,consensus
2026-01-07,Sarah Knafo,5.4,consensus
2026-01-08,Sarah Knafo,5.1,consensus
2026-01-09,Sarah Knafo,4.35,consensus
2026-01-10,Sarah Knafo,4.7,consensus
2026-01-11,Sarah Knafo,4.18,consensus
2026-01-12,Sarah Knafo,4.12,consensus
2026-01-13,Sarah Knafo,4.72,consensus
2026-01-14,Sarah Knafo,4.25,consensus
2026-01-15,Sarah Knafo,4.58,consensus
2026-01-16,Sarah Knafo,4.45,consensus
2026-01-17,Sarah Knafo,3.43,consensus
2026-01-18,Sarah Knafo,3.71,consensus
2026-01-19,Sarah Knafo,3.95,consensus
2026-01-20,Sarah Knafo,3.75,consensus
2026-01-21,Sarah Knafo,3.83,consensus
2026-01-22,Sarah Knafo,5.99,consensus
2026-01-23,Sarah Knafo,5.91,consensus
2026-01-24,Sarah Knafo,5.87,consensus
2026-01-25,Sarah Knafo,6.47,consensus
2026-01-26,Sarah Knafo,3.95,consensus
2026-01-27,Sarah Knafo,3.51,consensus
2026-01-28,Sarah Knafo,3.31,consensus
2026-01-29,Sarah Knafo,3.23,consensus
2026-01-30,Sarah Knafo,2.91,consensus
2026-01-31,Sarah Knafo,3.11,consensus
2026-02-01,Sarah Knafo,2.87,consensus
2026-02-02,Sarah Knafo,2.89,consensus
2026-02-03,Sarah Knafo,2.67,consensus
2026-02-04,Sarah Knafo,2.63,consensus
2026-02-05,Sarah Knafo,2.77,consensus
2026-02-06,Sarah Knafo,2.67,consensus
2026-02-07,Sarah Knafo,2.75,consensus
2026-02-08,Sarah Knafo,2.73,consensus
2026-02-09,Sarah Knafo,3.03,consensus
2026-02-10,Sarah Knafo,4.57,consensus
2026-02-11,Sarah Knafo,4.31,consensus
2026-02-12,Sarah Knafo,5.11,consensus
2026-02-13,Sarah Knafo,4.63,consensus
2026-02-14,Sarah Knafo,4.43,consensus
2026-02-15,Sarah Knafo,5.07,consensus
2026-02-16,Sarah Knafo,4.75,consensus
2026-02-17,Sarah Knafo,4.63,consensus
2026-02-18,Sarah Knafo,4.27,consensus
2026-02-19,Sarah Knafo,4.35,consensus
2026-02-20,Sarah Knafo,4.31,consensus
2026-02-21,Sarah Knafo,4.39,consensus
2026-02-22,Sarah Knafo,4.15,consensus
2026-02-23,Sarah Knafo,4.09,consensus
2026-02-24,Sarah Knafo,4.15,consensus
2026-02-25,Sarah Knafo,4.27,consensus
2026-02-26,Sarah Knafo,4.11,consensus
2026-02-27,Sarah Knafo,4.17,consensus
2026-02-28,Sarah Knafo,4.03,consensus
2026-03-01,Sarah Knafo,3.99,consensus
2026-03-02,Sarah Knafo,3.57,consensus
2026-03-03,Sarah Knafo,3.63,consensus
2026-03-04,Sarah Knafo,3.55,consensus
2026-03-05,Sarah Knafo,3.77,consensus
2026-03-06,Sarah Knafo,3.11,consensus
2026-03-07,Sarah Knafo,3.17,consensus
2026-03-08,Sarah Knafo,3.37,consensus
2026-03-09,Sarah Knafo,3.21,consensus
2026-03-10,Sarah Knafo,5.55,consensus
2026-03-11,Sarah Knafo,5.45,consensus
2026-03-12,Sarah Knafo,5.65,consensus
2026-03-13,Sarah Knafo,5.57,consensus
2026-03-14,Sarah Knafo,5.79,consensus
2026-03-15,Sarah Knafo,5.77,consensus
2026-03-16,Sarah Knafo,3.77,consensus
2026-03-17,Sarah Knafo,3.33,consensus
2026-03-18,Sarah Knafo,3.31,consensus
2026-03-19,Sarah Knafo,3.55,consensus
2026-03-20,Sarah Knafo,3.47,consensus
2026-03-21,Sarah Knafo,3.65,consensus
2026-03-22,Sarah Knafo,3.49,consensus
2026-03-23,Sarah Knafo,3.35,consensus
2026-03-24,Sarah Knafo,3.31,consensus
2026-03-25,Sarah Knafo,3.29,consensus
2026-03-26,Sarah Knafo,3.33,consensus
2026-03-27,Sarah Knafo,3.41,consensus
2026-03-28,Sarah Knafo,3.47,consensus
2026-03-29,Sarah Knafo,3.39,consensus
2026-03-30,Sarah Knafo,3.53,consensus
2026-03-31,Sarah Knafo,3.41,consensus
2026-04-01,Sarah Knafo,3.37,consensus
2026-04-02,Sarah Knafo,3.31,consensus
2026-04-03,Sarah Knafo,3.33,consensus
2026-04-04,Sarah Knafo,3.31,consensus
2026-04-05,Sarah Knafo,3.31,consensus
2026-04-06,Sarah Knafo,3.11,consensus
2026-04-07,Sarah Knafo,2.83,consensus
2026-04-08,Sarah Knafo,2.83,consensus
2026-04-09,Sarah Knafo,2.87,consensus
2026-04-10,Sarah Knafo,2.87,consensus
2026-04-11,Sarah Knafo,2.87,consensus
2026-04-12,Sarah Knafo,2.87,consensus
2026-04-13,Sarah Knafo,2.95,consensus
2026-04-14,Sarah Knafo,2.95,consensus
2026-04-15,Sarah Knafo,2.91,consensus
2026-04-16,Sarah Knafo,2.87,consensus
2026-04-17,Sarah Knafo,2.87,consensus
2026-04-18,Sarah Knafo,2.87,consensus
2026-04-19,Sarah Knafo,2.91,consensus
2026-04-20,Sarah Knafo,2.91,consensus
2026-04-21,Sarah Knafo,2.95,consensus
2026-04-22,Sarah Knafo,2.91,consensus
2026-04-23,Sarah Knafo,2.91,consensus
2026-04-24,Sarah Knafo,2.91,consensus
2026-04-25,Sarah Knafo,2.91,consensus
2026-04-26,Sarah Knafo,2.89,consensus
2026-04-27,Sarah Knafo,2.87,consensus
2026-04-28,Sarah Knafo,2.95,consensus
2026-04-29,Sarah Knafo,2.95,consensus
2026-04-30,Sarah Knafo,2.99,consensus
2026-05-01,Sarah Knafo,2.99,consensus
2026-05-02,Sarah Knafo,2.95,consensus
2026-05-03,Sarah Knafo,2.97,consensus
2026-05-04,Sarah Knafo,2.95,consensus
2026-05-05,Sarah Knafo,2.99,consensus
2026-05-06,Sarah Knafo,2.99,consensus
2026-05-07,Sarah Knafo,2.99,consensus
2026-05-08,Sarah Knafo,2.99,consensus
2026-05-09,Sarah Knafo,2.99,consensus
2026-05-10,Sarah Knafo,2.43,consensus
2026-05-11,Sarah Knafo,2.27,consensus
2026-05-12,Sarah Knafo,2.27,consensus
2026-05-13,Sarah Knafo,2.27,consensus
2026-05-14,Sarah Knafo,2.27,consensus
2026-05-15,Sarah Knafo,2.27,consensus
2026-05-16,Sarah Knafo,2.27,consensus
2026-05-17,Sarah Knafo,2.32,consensus
2026-05-18,Sarah Knafo,2.32,consensus
2026-05-19,Sarah Knafo,2.32,consensus
2026-05-20,Sarah Knafo,2.32,consensus
2026-05-21,Sarah Knafo,2.32,consensus
2026-05-22,Sarah Knafo,2.32,consensus
2026-05-23,Sarah Knafo,2.32,consensus
2026-05-24,Sarah Knafo,2.32,consensus
2026-05-25,Sarah Knafo,2.32,consensus
2026-05-26,Sarah Knafo,2.32,consensus
2026-05-27,Sarah Knafo,2.32,consensus
2026-05-28,Sarah Knafo,2.32,consensus
2026-05-29,Sarah Knafo,2.32,consensus
2026-05-30,Sarah Knafo,2.32,consensus
2026-05-31,Sarah Knafo,2.32,consensus
2026-06-01,Sarah Knafo,2.32,consensus
2026-06-02,Sarah Knafo,2.37,consensus
2026-06-03,Sarah Knafo,2.37,consensus
2026-06-04,Sarah Knafo,2.37,consensus
2026-06-05,Sarah Knafo,2.37,consensus
2026-06-06,Sarah Knafo,2.37,consensus
2026-06-07,Sarah Knafo,2.37,consensus
2026-06-08,Sarah Knafo,2.37,consensus
2026-06-09,Sarah Knafo,2.37,consensus
2026-06-10,Sarah Knafo,2.37,consensus
2026-06-11,Sarah Knafo,2.37,consensus
2026-06-12,Sarah Knafo,2.25,consensus
2026-06-13,Sarah Knafo,2.21,consensus
2026-06-14,Sarah Knafo,2.13,consensus
2026-06-15,Sarah Knafo,2.05,consensus
2026-06-16,Sarah Knafo,1.85,consensus
2026-06-17,Sarah Knafo,1.85,consensus
2026-06-18,Sarah Knafo,1.81,consensus
2026-06-19,Sarah Knafo,1.73,consensus
2026-06-20,Sarah Knafo,1.73,consensus
2026-06-21,Sarah Knafo,1.73,consensus
2026-06-22,Sarah Knafo,1.73,consensus
2026-06-23,Sarah Knafo,2.21,consensus
2026-06-24,Sarah Knafo,2.23,consensus
2026-06-25,Sarah Knafo,2.21,consensus
2026-06-26,Sarah Knafo,2.17,consensus
2026-06-27,Sarah Knafo,2.09,consensus
2026-06-28,Sarah Knafo,2.09,consensus
2026-06-29,Sarah Knafo,2.09,consensus
2026-06-30,Sarah Knafo,2.05,consensus
2026-07-01,Sarah Knafo,1.97,consensus
2026-07-02,Sarah Knafo,1.93,consensus
2026-07-03,Sarah Knafo,1.93,consensus
2026-07-04,Sarah Knafo,1.93,consensus
2026-07-05,Sarah Knafo,1.89,consensus
2026-07-06,Sarah Knafo,1.49,consensus
2026-07-07,Sarah Knafo,1.49,consensus
2026-07-08,Sarah Knafo,1.45,consensus
2026-07-09,Sarah Knafo,2.41,consensus
2026-07-10,Sarah Knafo,2.41,consensus
2026-07-11,Sarah Knafo,2.37,consensus
2026-07-12,Sarah Knafo,2.37,consensus
2026-07-13,Sarah Knafo,2.37,consensus
2026-07-14,Sarah Knafo,2.37,consensus
2026-07-15,Sarah Knafo,2.37,consensus
2026-07-16,Sarah Knafo,2.37,consensus
2026-07-17,Sarah Knafo,2.37,consensus
2026-07-18,Sarah Knafo,2.37,consensus
2026-07-19,Sarah Knafo,2.37,consensus
2026-07-20,Sarah Knafo,2.37,consensus
2026-01-09,Sébastien Lecornu,5.5,consensus
2026-01-10,Sébastien Lecornu,5.5,consensus
2026-01-11,Sébastien Lecornu,4.78,consensus
2026-01-12,Sébastien Lecornu,4.78,consensus
2026-01-13,Sébastien Lecornu,4.78,consensus
2026-01-14,Sébastien Lecornu,4.45,consensus
2026-01-15,Sébastien Lecornu,4.45,consensus
2026-01-16,Sébastien Lecornu,4.45,consensus
2026-01-17,Sébastien Lecornu,4.12,consensus
2026-01-18,Sébastien Lecornu,3.98,consensus
2026-01-19,Sébastien Lecornu,3.98,consensus
2026-01-20,Sébastien Lecornu,3.92,consensus
2026-01-21,Sébastien Lecornu,4.32,consensus
2026-01-22,Sébastien Lecornu,5.37,consensus
2026-01-23,Sébastien Lecornu,5.31,consensus
2026-01-24,Sébastien Lecornu,4.77,consensus
2026-01-25,Sébastien Lecornu,4.24,consensus
2026-01-26,Sébastien Lecornu,4.17,consensus
2026-01-27,Sébastien Lecornu,4.27,consensus
2026-01-28,Sébastien Lecornu,4.37,consensus
2026-01-29,Sébastien Lecornu,4.44,consensus
2026-01-30,Sébastien Lecornu,4.17,consensus
2026-01-31,Sébastien Lecornu,4.71,consensus
2026-02-01,Sébastien Lecornu,4.11,consensus
2026-02-02,Sébastien Lecornu,4.24,consensus
2026-02-03,Sébastien Lecornu,4.11,consensus
2026-02-04,Sébastien Lecornu,4.44,consensus
2026-02-05,Sébastien Lecornu,4.64,consensus
2026-02-06,Sébastien Lecornu,4.51,consensus
2026-02-07,Sébastien Lecornu,5.17,consensus
2026-02-08,Sébastien Lecornu,4.91,consensus
2026-02-09,Sébastien Lecornu,4.97,consensus
2026-02-10,Sébastien Lecornu,4.88,consensus
2026-02-11,Sébastien Lecornu,4.88,consensus
2026-02-12,Sébastien Lecornu,4.74,consensus
2026-02-13,Sébastien Lecornu,4.7,consensus
2026-02-14,Sébastien Lecornu,4.6,consensus
2026-02-15,Sébastien Lecornu,4.74,consensus
2026-02-16,Sébastien Lecornu,4.54,consensus
2026-02-17,Sébastien Lecornu,4.4,consensus
2026-02-18,Sébastien Lecornu,4.38,consensus
2026-02-19,Sébastien Lecornu,4.3,consensus
2026-02-20,Sébastien Lecornu,4.3,consensus
2026-02-21,Sébastien Lecornu,4.34,consensus
2026-02-22,Sébastien Lecornu,4.34,consensus
2026-02-23,Sébastien Lecornu,4.3,consensus
2026-02-24,Sébastien Lecornu,4.26,consensus
2026-02-25,Sébastien Lecornu,4.22,consensus
2026-02-26,Sébastien Lecornu,4.22,consensus
2026-02-27,Sébastien Lecornu,4.36,consensus
2026-02-28,Sébastien Lecornu,4.54,consensus
2026-03-01,Sébastien Lecornu,4.56,consensus
2026-03-02,Sébastien Lecornu,3.59,consensus
2026-03-03,Sébastien Lecornu,3.39,consensus
2026-03-04,Sébastien Lecornu,3.25,consensus
2026-03-05,Sébastien Lecornu,3.13,consensus
2026-03-06,Sébastien Lecornu,2.25,consensus
2026-03-07,Sébastien Lecornu,2.77,consensus
2026-03-08,Sébastien Lecornu,2.47,consensus
2026-03-09,Sébastien Lecornu,2.53,consensus
2026-03-10,Sébastien Lecornu,4.51,consensus
2026-03-11,Sébastien Lecornu,4.97,consensus
2026-03-12,Sébastien Lecornu,5.2,consensus
2026-03-13,Sébastien Lecornu,5.16,consensus
2026-03-14,Sébastien Lecornu,5.06,consensus
2026-03-15,Sébastien Lecornu,4.92,consensus
2026-03-16,Sébastien Lecornu,2.92,consensus
2026-03-17,Sébastien Lecornu,2.78,consensus
2026-03-18,Sébastien Lecornu,2.66,consensus
2026-03-19,Sébastien Lecornu,2.66,consensus
2026-03-20,Sébastien Lecornu,2.62,consensus
2026-03-21,Sébastien Lecornu,2.8,consensus
2026-03-22,Sébastien Lecornu,2.82,consensus
2026-03-23,Sébastien Lecornu,2.64,consensus
2026-03-24,Sébastien Lecornu,2.6,consensus
2026-03-25,Sébastien Lecornu,2.54,consensus
2026-03-26,Sébastien Lecornu,2.54,consensus
2026-03-27,Sébastien Lecornu,2.54,consensus
2026-03-28,Sébastien Lecornu,2.54,consensus
2026-03-29,Sébastien Lecornu,2.54,consensus
2026-03-30,Sébastien Lecornu,2.54,consensus
2026-03-31,Sébastien Lecornu,2.34,consensus
2026-04-01,Sébastien Lecornu,3.14,consensus
2026-04-02,Sébastien Lecornu,2.9,consensus
2026-04-03,Sébastien Lecornu,2.9,consensus
2026-04-04,Sébastien Lecornu,2.9,consensus
2026-04-05,Sébastien Lecornu,2.9,consensus
2026-04-06,Sébastien Lecornu,2.9,consensus
2026-04-07,Sébastien Lecornu,2.9,consensus
2026-04-08,Sébastien Lecornu,2.9,consensus
2026-04-09,Sébastien Lecornu,3.06,consensus
2026-04-10,Sébastien Lecornu,3.06,consensus
2026-04-11,Sébastien Lecornu,3.06,consensus
2026-04-12,Sébastien Lecornu,3.06,consensus
2026-04-13,Sébastien Lecornu,3.06,consensus
2026-04-14,Sébastien Lecornu,3.06,consensus
2026-04-15,Sébastien Lecornu,3.06,consensus
2026-04-16,Sébastien Lecornu,3.06,consensus
2026-04-17,Sébastien Lecornu,3.06,consensus
2026-04-18,Sébastien Lecornu,3.14,consensus
2026-04-19,Sébastien Lecornu,3.14,consensus
2026-04-20,Sébastien Lecornu,3.14,consensus
2026-04-21,Sébastien Lecornu,3.14,consensus
2026-04-22,Sébastien Lecornu,3.14,consensus
2026-04-23,Sébastien Lecornu,3.14,consensus
2026-04-24,Sébastien Lecornu,3.14,consensus
2026-04-25,Sébastien Lecornu,3.16,consensus
2026-04-26,Sébastien Lecornu,3.18,consensus
2026-04-27,Sébastien Lecornu,3.14,consensus
2026-04-28,Sébastien Lecornu,3.14,consensus
2026-04-29,Sébastien Lecornu,3.26,consensus
2026-04-30,Sébastien Lecornu,3.18,consensus
2026-05-01,Sébastien Lecornu,3.18,consensus
2026-05-02,Sébastien Lecornu,3.18,consensus
2026-05-03,Sébastien Lecornu,3.2,consensus
2026-05-04,Sébastien Lecornu,3.1,consensus
2026-05-05,Sébastien Lecornu,3.12,consensus
2026-05-06,Sébastien Lecornu,3.1,consensus
2026-05-07,Sébastien Lecornu,3.1,consensus
2026-05-08,Sébastien Lecornu,3.1,consensus
2026-05-09,Sébastien Lecornu,3.1,consensus
2026-05-10,Sébastien Lecornu,3.1,consensus
2026-05-11,Sébastien Lecornu,3.1,consensus
2026-05-12,Sébastien Lecornu,3.1,consensus
2026-05-13,Sébastien Lecornu,3.08,consensus
2026-05-14,Sébastien Lecornu,3.06,consensus
2026-05-15,Sébastien Lecornu,3.06,consensus
2026-05-16,Sébastien Lecornu,3.06,consensus
2026-05-17,Sébastien Lecornu,3.06,consensus
2026-05-18,Sébastien Lecornu,3.04,consensus
2026-05-19,Sébastien Lecornu,3.1,consensus
2026-05-20,Sébastien Lecornu,3.1,consensus
2026-05-21,Sébastien Lecornu,3.08,consensus
2026-05-22,Sébastien Lecornu,3.1,consensus
2026-05-23,Sébastien Lecornu,3.36,consensus
2026-05-24,Sébastien Lecornu,3.24,consensus
2026-05-25,Sébastien Lecornu,3.24,consensus
2026-05-26,Sébastien Lecornu,3.56,consensus
2026-05-27,Sébastien Lecornu,3.48,consensus
2026-05-28,Sébastien Lecornu,3.32,consensus
2026-05-29,Sébastien Lecornu,3.24,consensus
2026-05-30,Sébastien Lecornu,3.12,consensus
2026-05-31,Sébastien Lecornu,3.12,consensus
2026-06-01,Sébastien Lecornu,3.08,consensus
2026-06-02,Sébastien Lecornu,3.08,consensus
2026-06-03,Sébastien Lecornu,3.08,consensus
2026-06-04,Sébastien Lecornu,3.04,consensus
2026-06-05,Sébastien Lecornu,3.04,consensus
2026-06-06,Sébastien Lecornu,3.04,consensus
2026-06-07,Sébastien Lecornu,3.04,consensus
2026-06-08,Sébastien Lecornu,3.0,consensus
2026-06-09,Sébastien Lecornu,3.0,consensus
2026-06-10,Sébastien Lecornu,3.0,consensus
2026-06-11,Sébastien Lecornu,3.0,consensus
2026-06-12,Sébastien Lecornu,3.0,consensus
2026-06-13,Sébastien Lecornu,2.96,consensus
2026-06-14,Sébastien Lecornu,2.91,consensus
2026-06-15,Sébastien Lecornu,2.87,consensus
2026-06-16,Sébastien Lecornu,2.87,consensus
2026-06-17,Sébastien Lecornu,2.83,consensus
2026-06-18,Sébastien Lecornu,2.83,consensus
2026-06-19,Sébastien Lecornu,2.83,consensus
2026-06-20,Sébastien Lecornu,2.87,consensus
2026-06-21,Sébastien Lecornu,2.87,consensus
2026-06-22,Sébastien Lecornu,2.87,consensus
2026-06-23,Sébastien Lecornu,2.87,consensus
2026-06-24,Sébastien Lecornu,2.87,consensus
2026-06-25,Sébastien Lecornu,2.83,consensus
2026-06-26,Sébastien Lecornu,2.83,consensus
2026-06-27,Sébastien Lecornu,2.87,consensus
2026-06-28,Sébastien Lecornu,2.87,consensus
2026-06-29,Sébastien Lecornu,2.87,consensus
2026-06-30,Sébastien Lecornu,2.87,consensus
2026-07-01,Sébastien Lecornu,2.87,consensus
2026-07-02,Sébastien Lecornu,2.87,consensus
2026-07-03,Sébastien Lecornu,2.87,consensus
2026-07-04,Sébastien Lecornu,2.87,consensus
2026-07-05,Sébastien Lecornu,2.87,consensus
2026-07-06,Sébastien Lecornu,2.87,consensus
2026-07-07,Sébastien Lecornu,2.87,consensus
2026-07-08,Sébastien Lecornu,2.87,consensus
2026-07-09,Sébastien Lecornu,2.87,consensus
2026-07-10,Sébastien Lecornu,2.87,consensus
2026-07-11,Sébastien Lecornu,1.23,consensus
2026-07-12,Sébastien Lecornu,1.23,consensus
2026-07-13,Sébastien Lecornu,1.23,consensus
2026-07-14,Sébastien Lecornu,1.23,consensus
2026-07-15,Sébastien Lecornu,1.23,consensus
2026-07-16,Sébastien Lecornu,1.23,consensus
2026-07-17,Sébastien Lecornu,1.45,consensus
2026-07-18,Sébastien Lecornu,1.35,consensus
2026-07-19,Sébastien Lecornu,1.59,consensus
2026-07-20,Sébastien Lecornu,1.59,consensus
2025-10-15,Édouard Philippe,20.0,consensus
2025-10-16,Édouard Philippe,20.0,consensus
2025-10-17,Édouard Philippe,20.0,consensus
2025-10-18,Édouard Philippe,20.0,consensus
2025-10-19,Édouard Philippe,20.0,consensus
2025-10-20,Édouard Philippe,20.0,consensus
2025-10-21,Édouard Philippe,20.0,consensus
2025-10-22,Édouard Philippe,20.0,consensus
2025-10-23,Édouard Philippe,20.0,consensus
2025-10-24,Édouard Philippe,20.0,consensus
2025-10-25,Édouard Philippe,20.0,consensus
2025-10-26,Édouard Philippe,20.0,consensus
2025-10-27,Édouard Philippe,20.0,consensus
2025-10-28,Édouard Philippe,16.78,consensus
2025-10-29,Édouard Philippe,16.78,consensus
2025-10-30,Édouard Philippe,16.78,consensus
2025-10-31,Édouard Philippe,16.78,consensus
2025-11-01,Édouard Philippe,16.78,consensus
2025-11-02,Édouard Philippe,16.78,consensus
2025-11-03,Édouard Philippe,29.0,consensus
2025-11-04,Édouard Philippe,10.0,consensus
2025-11-05,Édouard Philippe,21.67,consensus
2025-11-06,Édouard Philippe,18.81,consensus
2025-11-07,Édouard Philippe,18.81,consensus
2025-11-08,Édouard Philippe,18.81,consensus
2025-11-09,Édouard Philippe,18.81,consensus
2025-11-10,Édouard Philippe,21.67,consensus
2025-11-11,Édouard Philippe,21.67,consensus
2025-11-12,Édouard Philippe,21.67,consensus
2025-11-13,Édouard Philippe,21.67,consensus
2025-11-14,Édouard Philippe,21.2,consensus
2025-11-15,Édouard Philippe,22.2,consensus
2025-11-16,Édouard Philippe,22.4,consensus
2025-11-17,Édouard Philippe,22.4,consensus
2025-11-18,Édouard Philippe,23.2,consensus
2025-11-19,Édouard Philippe,21.71,consensus
2025-11-20,Édouard Philippe,21.51,consensus
2025-11-21,Édouard Philippe,22.31,consensus
2025-11-22,Édouard Philippe,20.91,consensus
2025-11-23,Édouard Philippe,20.91,consensus
2025-11-24,Édouard Philippe,20.91,consensus
2025-11-25,Édouard Philippe,22.6,consensus
2025-11-26,Édouard Philippe,19.01,consensus
2025-11-27,Édouard Philippe,20.21,consensus
2025-11-28,Édouard Philippe,19.61,consensus
2025-11-29,Édouard Philippe,18.1,consensus
2025-11-30,Édouard Philippe,20.05,consensus
2025-12-01,Édouard Philippe,18.46,consensus
2025-12-02,Édouard Philippe,19.8,consensus
2025-12-03,Édouard Philippe,19.8,consensus
2025-12-04,Édouard Philippe,19.8,consensus
2025-12-05,Édouard Philippe,20.4,consensus
2025-12-06,Édouard Philippe,20.4,consensus
2025-12-07,Édouard Philippe,20.4,consensus
2025-12-08,Édouard Philippe,20.2,consensus
2025-12-09,Édouard Philippe,19.6,consensus
2025-12-10,Édouard Philippe,19.6,consensus
2025-12-11,Édouard Philippe,19.4,consensus
2025-12-12,Édouard Philippe,19.0,consensus
2025-12-13,Édouard Philippe,18.6,consensus
2025-12-14,Édouard Philippe,19.2,consensus
2025-12-15,Édouard Philippe,19.0,consensus
2025-12-16,Édouard Philippe,19.6,consensus
2025-12-17,Édouard Philippe,18.8,consensus
2025-12-18,Édouard Philippe,19.0,consensus
2025-12-19,Édouard Philippe,19.0,consensus
2025-12-20,Édouard Philippe,19.0,consensus
2025-12-21,Édouard Philippe,19.0,consensus
2025-12-22,Édouard Philippe,18.82,consensus
2025-12-23,Édouard Philippe,18.22,consensus
2025-12-24,Édouard Philippe,18.22,consensus
2025-12-25,Édouard Philippe,18.02,consensus
2025-12-26,Édouard Philippe,18.02,consensus
2025-12-27,Édouard Philippe,17.82,consensus
2025-12-28,Édouard Philippe,17.62,consensus
2025-12-29,Édouard Philippe,15.82,consensus
2025-12-30,Édouard Philippe,16.22,consensus
2025-12-31,Édouard Philippe,16.22,consensus
2026-01-01,Édouard Philippe,16.22,consensus
2026-01-02,Édouard Philippe,17.42,consensus
2026-01-03,Édouard Philippe,17.42,consensus
2026-01-04,Édouard Philippe,16.82,consensus
2026-01-05,Édouard Philippe,15.67,consensus
2026-01-06,Édouard Philippe,16.27,consensus
2026-01-07,Édouard Philippe,17.35,consensus
2026-01-08,Édouard Philippe,17.35,consensus
2026-01-09,Édouard Philippe,18.55,consensus
2026-01-10,Édouard Philippe,18.08,consensus
2026-01-11,Édouard Philippe,18.74,consensus
2026-01-12,Édouard Philippe,18.74,consensus
2026-01-13,Édouard Philippe,18.67,consensus
2026-01-14,Édouard Philippe,15.09,consensus
2026-01-15,Édouard Philippe,14.89,consensus
2026-01-16,Édouard Philippe,14.89,consensus
2026-01-17,Édouard Philippe,14.69,consensus
2026-01-18,Édouard Philippe,14.29,consensus
2026-01-19,Édouard Philippe,13.89,consensus
2026-01-20,Édouard Philippe,14.29,consensus
2026-01-21,Édouard Philippe,13.65,consensus
2026-01-22,Édouard Philippe,17.15,consensus
2026-01-23,Édouard Philippe,14.91,consensus
2026-01-24,Édouard Philippe,14.35,consensus
2026-01-25,Édouard Philippe,14.55,consensus
2026-01-26,Édouard Philippe,14.35,consensus
2026-01-27,Édouard Philippe,14.55,consensus
2026-01-28,Édouard Philippe,14.95,consensus
2026-01-29,Édouard Philippe,15.55,consensus
2026-01-30,Édouard Philippe,15.15,consensus
2026-01-31,Édouard Philippe,14.15,consensus
2026-02-01,Édouard Philippe,14.75,consensus
2026-02-02,Édouard Philippe,12.75,consensus
2026-02-03,Édouard Philippe,12.95,consensus
2026-02-04,Édouard Philippe,12.55,consensus
2026-02-05,Édouard Philippe,13.15,consensus
2026-02-06,Édouard Philippe,12.55,consensus
2026-02-07,Édouard Philippe,12.75,consensus
2026-02-08,Édouard Philippe,13.35,consensus
2026-02-09,Édouard Philippe,13.15,consensus
2026-02-10,Édouard Philippe,13.06,consensus
2026-02-11,Édouard Philippe,12.86,consensus
2026-02-12,Édouard Philippe,12.86,consensus
2026-02-13,Édouard Philippe,13.86,consensus
2026-02-14,Édouard Philippe,14.66,consensus
2026-02-15,Édouard Philippe,13.66,consensus
2026-02-16,Édouard Philippe,14.06,consensus
2026-02-17,Édouard Philippe,14.06,consensus
2026-02-18,Édouard Philippe,14.2,consensus
2026-02-19,Édouard Philippe,15.0,consensus
2026-02-20,Édouard Philippe,14.6,consensus
2026-02-21,Édouard Philippe,14.2,consensus
2026-02-22,Édouard Philippe,14.8,consensus
2026-02-23,Édouard Philippe,14.6,consensus
2026-02-24,Édouard Philippe,14.2,consensus
2026-02-25,Édouard Philippe,14.2,consensus
2026-02-26,Édouard Philippe,15.0,consensus
2026-02-27,Édouard Philippe,15.4,consensus
2026-02-28,Édouard Philippe,15.0,consensus
2026-03-01,Édouard Philippe,15.2,consensus
2026-03-02,Édouard Philippe,18.3,consensus
2026-03-03,Édouard Philippe,15.16,consensus
2026-03-04,Édouard Philippe,15.57,consensus
2026-03-05,Édouard Philippe,14.36,consensus
2026-03-06,Édouard Philippe,14.6,consensus
2026-03-07,Édouard Philippe,14.6,consensus
2026-03-08,Édouard Philippe,14.6,consensus
2026-03-09,Édouard Philippe,14.2,consensus
2026-03-10,Édouard Philippe,14.2,consensus
2026-03-11,Édouard Philippe,14.2,consensus
2026-03-12,Édouard Philippe,15.19,consensus
2026-03-13,Édouard Philippe,15.19,consensus
2026-03-14,Édouard Philippe,16.79,consensus
2026-03-15,Édouard Philippe,16.79,consensus
2026-03-16,Édouard Philippe,16.79,consensus
2026-03-17,Édouard Philippe,17.99,consensus
2026-03-18,Édouard Philippe,16.79,consensus
2026-03-19,Édouard Philippe,16.79,consensus
2026-03-20,Édouard Philippe,15.99,consensus
2026-03-21,Édouard Philippe,16.99,consensus
2026-03-22,Édouard Philippe,17.59,consensus
2026-03-23,Édouard Philippe,18.39,consensus
2026-03-24,Édouard Philippe,18.49,consensus
2026-03-25,Édouard Philippe,19.09,consensus
2026-03-26,Édouard Philippe,18.89,consensus
2026-03-27,Édouard Philippe,18.89,consensus
2026-03-28,Édouard Philippe,20.09,consensus
2026-03-29,Édouard Philippe,20.84,consensus
2026-03-30,Édouard Philippe,22.04,consensus
2026-03-31,Édouard Philippe,23.64,consensus
2026-04-01,Édouard Philippe,29.24,consensus
2026-04-02,Édouard Philippe,26.44,consensus
2026-04-03,Édouard Philippe,26.44,consensus
2026-04-04,Édouard Philippe,25.64,consensus
2026-04-05,Édouard Philippe,24.44,consensus
2026-04-06,Édouard Philippe,25.64,consensus
2026-04-07,Édouard Philippe,25.24,consensus
2026-04-08,Édouard Philippe,25.24,consensus
2026-04-09,Édouard Philippe,22.64,consensus
2026-04-10,Édouard Philippe,22.24,consensus
2026-04-11,Édouard Philippe,22.24,consensus
2026-04-12,Édouard Philippe,22.64,consensus
2026-04-13,Édouard Philippe,21.24,consensus
2026-04-14,Édouard Philippe,21.24,consensus
2026-04-15,Édouard Philippe,22.24,consensus
2026-04-16,Édouard Philippe,22.24,consensus
2026-04-17,Édouard Philippe,22.04,consensus
2026-04-18,Édouard Philippe,22.04,consensus
2026-04-19,Édouard Philippe,22.44,consensus
2026-04-20,Édouard Philippe,22.04,consensus
2026-04-21,Édouard Philippe,22.04,consensus
2026-04-22,Édouard Philippe,21.64,consensus
2026-04-23,Édouard Philippe,20.84,consensus
2026-04-24,Édouard Philippe,20.84,consensus
2026-04-25,Édouard Philippe,20.84,consensus
2026-04-26,Édouard Philippe,20.37,consensus
2026-04-27,Édouard Philippe,20.37,consensus
2026-04-28,Édouard Philippe,20.46,consensus
2026-04-29,Édouard Philippe,20.86,consensus
2026-04-30,Édouard Philippe,20.46,consensus
2026-05-01,Édouard Philippe,20.46,consensus
2026-05-02,Édouard Philippe,21.03,consensus
2026-05-03,Édouard Philippe,20.23,consensus
2026-05-04,Édouard Philippe,20.63,consensus
2026-05-05,Édouard Philippe,19.64,consensus
2026-05-06,Édouard Philippe,20.04,consensus
2026-05-07,Édouard Philippe,20.44,consensus
2026-05-08,Édouard Philippe,20.44,consensus
2026-05-09,Édouard Philippe,19.64,consensus
2026-05-10,Édouard Philippe,20.04,consensus
2026-05-11,Édouard Philippe,20.04,consensus
2026-05-12,Édouard Philippe,20.04,consensus
2026-05-13,Édouard Philippe,20.04,consensus
2026-05-14,Édouard Philippe,20.04,consensus
2026-05-15,Édouard Philippe,20.04,consensus
2026-05-16,Édouard Philippe,19.24,consensus
2026-05-17,Édouard Philippe,19.49,consensus
2026-05-18,Édouard Philippe,20.29,consensus
2026-05-19,Édouard Philippe,20.68,consensus
2026-05-20,Édouard Philippe,20.6,consensus
2026-05-21,Édouard Philippe,20.6,consensus
2026-05-22,Édouard Philippe,20.6,consensus
2026-05-23,Édouard Philippe,20.7,consensus
2026-05-24,Édouard Philippe,18.3,consensus
2026-05-25,Édouard Philippe,18.35,consensus
2026-05-26,Édouard Philippe,17.17,consensus
2026-05-27,Édouard Philippe,15.96,consensus
2026-05-28,Édouard Philippe,15.56,consensus
2026-05-29,Édouard Philippe,15.16,consensus
2026-05-30,Édouard Philippe,15.16,consensus
2026-05-31,Édouard Philippe,15.96,consensus
2026-06-01,Édouard Philippe,15.96,consensus
2026-06-02,Édouard Philippe,15.72,consensus
2026-06-03,Édouard Philippe,15.72,consensus
2026-06-04,Édouard Philippe,15.72,consensus
2026-06-05,Édouard Philippe,15.72,consensus
2026-06-06,Édouard Philippe,18.52,consensus
2026-06-07,Édouard Philippe,18.52,consensus
2026-06-08,Édouard Philippe,18.52,consensus
2026-06-09,Édouard Philippe,18.92,consensus
2026-06-10,Édouard Philippe,18.92,consensus
2026-06-11,Édouard Philippe,19.3,consensus
2026-06-12,Édouard Philippe,19.61,consensus
2026-06-13,Édouard Philippe,20.41,consensus
2026-06-14,Édouard Philippe,20.01,consensus
2026-06-15,Édouard Philippe,20.81,consensus
2026-06-16,Édouard Philippe,20.81,consensus
2026-06-17,Édouard Philippe,20.41,consensus
2026-06-18,Édouard Philippe,20.01,consensus
2026-06-19,Édouard Philippe,20.27,consensus
2026-06-20,Édouard Philippe,20.27,consensus
2026-06-21,Édouard Philippe,20.27,consensus
2026-06-22,Édouard Philippe,20.13,consensus
2026-06-23,Édouard Philippe,20.97,consensus
2026-06-24,Édouard Philippe,20.89,consensus
2026-06-25,Édouard Philippe,20.02,consensus
2026-06-26,Édouard Philippe,20.45,consensus
2026-06-27,Édouard Philippe,20.45,consensus
2026-06-28,Édouard Philippe,20.87,consensus
2026-06-29,Édouard Philippe,20.78,consensus
2026-06-30,Édouard Philippe,20.72,consensus
2026-07-01,Édouard Philippe,20.72,consensus
2026-07-02,Édouard Philippe,21.12,consensus
2026-07-03,Édouard Philippe,21.12,consensus
2026-07-04,Édouard Philippe,21.1,consensus
2026-07-05,Édouard Philippe,21.79,consensus
2026-07-06,Édouard Philippe,22.99,consensus
2026-07-07,Édouard Philippe,23.49,consensus
2026-07-08,Édouard Philippe,24.25,consensus
2026-07-09,Édouard Philippe,25.59,consensus
2026-07-10,Édouard Philippe,26.39,consensus
2026-07-11,Édouard Philippe,27.83,consensus
2026-07-12,Édouard Philippe,28.28,consensus
2026-07-13,Édouard Philippe,25.48,consensus
2026-07-14,Édouard Philippe,25.51,consensus
2026-07-15,Édouard Philippe,26.81,consensus
2026-07-16,Édouard Philippe,26.41,consensus
2026-07-17,Édouard Philippe,26.41,consensus
2026-07-18,Édouard Philippe,38.81,consensus
2026-07-19,Édouard Philippe,38.73,consensus
2026-07-20,Édouard Philippe,38.73,consensus
2025-11-14,Éric Zemmour,21.5,consensus
2025-11-15,Éric Zemmour,1.2,consensus
2025-11-16,Éric Zemmour,1.85,consensus
2025-11-17,Éric Zemmour,4.75,consensus
2025-11-18,Éric Zemmour,4.65,consensus
2025-11-19,Éric Zemmour,4.35,consensus
2025-11-20,Éric Zemmour,4.0,consensus
2025-11-21,Éric Zemmour,3.25,consensus
2025-11-22,Éric Zemmour,3.6,consensus
2025-11-23,Éric Zemmour,1.95,consensus
2025-11-24,Éric Zemmour,3.45,consensus
2025-11-25,Éric Zemmour,2.7,consensus
2025-11-26,Éric Zemmour,2.6,consensus
2025-11-27,Éric Zemmour,3.6,consensus
2025-11-28,Éric Zemmour,3.65,consensus
2025-11-29,Éric Zemmour,2.4,consensus
2025-11-30,Éric Zemmour,3.2,consensus
2025-12-01,Éric Zemmour,2.95,consensus
2025-12-02,Éric Zemmour,2.45,consensus
2025-12-03,Éric Zemmour,3.1,consensus
2025-12-04,Éric Zemmour,2.75,consensus
2025-12-05,Éric Zemmour,2.75,consensus
2025-12-06,Éric Zemmour,3.1,consensus
2025-12-07,Éric Zemmour,2.5,consensus
2025-12-08,Éric Zemmour,2.75,consensus
2025-12-09,Éric Zemmour,1.9,consensus
2025-12-10,Éric Zemmour,1.25,consensus
2025-12-11,Éric Zemmour,1.1,consensus
2025-12-12,Éric Zemmour,0.6,consensus
2025-12-13,Éric Zemmour,0.6,consensus
2025-12-14,Éric Zemmour,0.65,consensus
2025-12-15,Éric Zemmour,1.25,consensus
2025-12-16,Éric Zemmour,1.2,consensus
2025-12-17,Éric Zemmour,1.15,consensus
2025-12-18,Éric Zemmour,1.1,consensus
2025-12-19,Éric Zemmour,0.95,consensus
2025-12-20,Éric Zemmour,1.05,consensus
2025-12-21,Éric Zemmour,1.05,consensus
2025-12-22,Éric Zemmour,0.9,consensus
2025-12-23,Éric Zemmour,0.4,consensus
2025-12-24,Éric Zemmour,0.4,consensus
2025-12-25,Éric Zemmour,0.3,consensus
2025-12-26,Éric Zemmour,0.3,consensus
2025-12-27,Éric Zemmour,0.4,consensus
2025-12-28,Éric Zemmour,0.4,consensus
2025-12-29,Éric Zemmour,0.4,consensus
2025-12-30,Éric Zemmour,0.4,consensus
2025-12-31,Éric Zemmour,1.5,consensus
2026-01-01,Éric Zemmour,0.55,consensus
2026-01-02,Éric Zemmour,0.35,consensus
2026-01-03,Éric Zemmour,0.4,consensus
2026-01-04,Éric Zemmour,0.35,consensus
2026-01-05,Éric Zemmour,0.35,consensus
2026-01-06,Éric Zemmour,1.1,consensus
2026-01-07,Éric Zemmour,0.45,consensus
2026-01-08,Éric Zemmour,0.9,consensus
2026-01-09,Éric Zemmour,1.05,consensus
2026-01-10,Éric Zemmour,2.17,consensus
2026-01-11,Éric Zemmour,1.96,consensus
2026-01-12,Éric Zemmour,1.96,consensus
2026-01-13,Éric Zemmour,2.46,consensus
2026-01-14,Éric Zemmour,2.38,consensus
2026-01-15,Éric Zemmour,2.62,consensus
2026-01-16,Éric Zemmour,2.76,consensus
2026-01-17,Éric Zemmour,2.62,consensus
2026-01-18,Éric Zemmour,2.66,consensus
2026-01-19,Éric Zemmour,2.58,consensus
2026-01-20,Éric Zemmour,2.58,consensus
2026-01-21,Éric Zemmour,2.5,consensus
2026-01-22,Éric Zemmour,2.5,consensus
2026-01-23,Éric Zemmour,2.46,consensus
2026-01-24,Éric Zemmour,2.44,consensus
2026-01-25,Éric Zemmour,2.48,consensus
2026-01-26,Éric Zemmour,2.66,consensus
2026-01-27,Éric Zemmour,2.68,consensus
2026-01-28,Éric Zemmour,2.62,consensus
2026-01-29,Éric Zemmour,2.66,consensus
2026-01-30,Éric Zemmour,2.62,consensus
2026-01-31,Éric Zemmour,2.6,consensus
2026-02-01,Éric Zemmour,2.56,consensus
2026-02-02,Éric Zemmour,2.58,consensus
2026-02-03,Éric Zemmour,2.6,consensus
2026-02-04,Éric Zemmour,2.54,consensus
2026-02-05,Éric Zemmour,2.58,consensus
2026-02-06,Éric Zemmour,2.58,consensus
2026-02-07,Éric Zemmour,2.52,consensus
2026-02-08,Éric Zemmour,2.5,consensus
2026-02-09,Éric Zemmour,2.5,consensus
2026-02-10,Éric Zemmour,2.5,consensus
2026-02-11,Éric Zemmour,2.48,consensus
2026-02-12,Éric Zemmour,2.48,consensus
2026-02-13,Éric Zemmour,2.48,consensus
2026-02-14,Éric Zemmour,2.48,consensus
2026-02-15,Éric Zemmour,2.48,consensus
2026-02-16,Éric Zemmour,2.4,consensus
2026-02-17,Éric Zemmour,2.44,consensus
2026-02-18,Éric Zemmour,2.48,consensus
2026-02-19,Éric Zemmour,2.44,consensus
2026-02-20,Éric Zemmour,2.42,consensus
2026-02-21,Éric Zemmour,2.38,consensus
2026-02-22,Éric Zemmour,2.4,consensus
2026-02-23,Éric Zemmour,2.32,consensus
2026-02-24,Éric Zemmour,2.4,consensus
2026-02-25,Éric Zemmour,2.4,consensus
2026-02-26,Éric Zemmour,2.4,consensus
2026-02-27,Éric Zemmour,2.34,consensus
2026-02-28,Éric Zemmour,2.4,consensus
2026-03-01,Éric Zemmour,2.4,consensus
2026-03-02,Éric Zemmour,1.64,consensus
2026-03-03,Éric Zemmour,1.62,consensus
2026-03-04,Éric Zemmour,1.62,consensus
2026-03-05,Éric Zemmour,1.6,consensus
2026-03-06,Éric Zemmour,1.62,consensus
2026-03-07,Éric Zemmour,1.6,consensus
2026-03-08,Éric Zemmour,1.56,consensus
2026-03-09,Éric Zemmour,1.62,consensus
2026-03-10,Éric Zemmour,1.6,consensus
2026-03-11,Éric Zemmour,1.58,consensus
2026-03-12,Éric Zemmour,1.56,consensus
2026-03-13,Éric Zemmour,1.56,consensus
2026-03-14,Éric Zemmour,1.6,consensus
2026-03-15,Éric Zemmour,1.6,consensus
2026-03-16,Éric Zemmour,0.8,consensus
2026-03-17,Éric Zemmour,0.82,consensus
2026-03-18,Éric Zemmour,0.84,consensus
2026-03-19,Éric Zemmour,0.84,consensus
2026-03-20,Éric Zemmour,0.84,consensus
2026-03-21,Éric Zemmour,0.84,consensus
2026-03-22,Éric Zemmour,0.84,consensus
2026-03-23,Éric Zemmour,0.8,consensus
2026-03-24,Éric Zemmour,0.88,consensus
2026-03-25,Éric Zemmour,0.88,consensus
2026-03-26,Éric Zemmour,0.84,consensus
2026-03-27,Éric Zemmour,0.84,consensus
2026-03-28,Éric Zemmour,0.84,consensus
2026-03-29,Éric Zemmour,0.88,consensus
2026-03-30,Éric Zemmour,0.88,consensus
2026-03-31,Éric Zemmour,0.88,consensus
2026-04-01,Éric Zemmour,0.88,consensus
2026-04-02,Éric Zemmour,0.88,consensus
2026-04-03,Éric Zemmour,0.88,consensus
2026-04-04,Éric Zemmour,0.88,consensus
2026-04-05,Éric Zemmour,0.84,consensus
2026-04-06,Éric Zemmour,0.84,consensus
2026-04-07,Éric Zemmour,0.84,consensus
2026-04-08,Éric Zemmour,0.84,consensus
2026-04-09,Éric Zemmour,0.84,consensus
2026-04-10,Éric Zemmour,0.84,consensus
2026-04-11,Éric Zemmour,0.84,consensus
2026-04-12,Éric Zemmour,0.84,consensus
2026-04-13,Éric Zemmour,0.84,consensus
2026-04-14,Éric Zemmour,0.84,consensus
2026-04-15,Éric Zemmour,0.84,consensus
2026-04-16,Éric Zemmour,0.84,consensus
2026-04-17,Éric Zemmour,0.84,consensus
2026-04-18,Éric Zemmour,0.88,consensus
2026-04-19,Éric Zemmour,0.88,consensus
2026-04-20,Éric Zemmour,0.88,consensus
2026-04-21,Éric Zemmour,0.88,consensus
2026-04-22,Éric Zemmour,0.88,consensus
2026-04-23,Éric Zemmour,0.88,consensus
2026-04-24,Éric Zemmour,0.88,consensus
2026-04-25,Éric Zemmour,0.88,consensus
2026-04-26,Éric Zemmour,0.88,consensus
2026-04-27,Éric Zemmour,0.88,consensus
2026-04-28,Éric Zemmour,0.88,consensus
2026-04-29,Éric Zemmour,0.98,consensus
2026-04-30,Éric Zemmour,0.96,consensus
2026-05-01,Éric Zemmour,0.92,consensus
2026-05-02,Éric Zemmour,0.96,consensus
2026-05-03,Éric Zemmour,0.96,consensus
2026-05-04,Éric Zemmour,1.0,consensus
2026-05-05,Éric Zemmour,0.88,consensus
2026-05-06,Éric Zemmour,0.88,consensus
2026-05-07,Éric Zemmour,0.88,consensus
2026-05-08,Éric Zemmour,0.92,consensus
2026-05-09,Éric Zemmour,0.92,consensus
2026-05-10,Éric Zemmour,0.92,consensus
2026-05-11,Éric Zemmour,1.04,consensus
2026-05-12,Éric Zemmour,0.92,consensus
2026-05-13,Éric Zemmour,0.92,consensus
2026-05-14,Éric Zemmour,0.92,consensus
2026-05-15,Éric Zemmour,0.92,consensus
2026-05-16,Éric Zemmour,0.92,consensus
2026-05-17,Éric Zemmour,0.92,consensus
2026-05-18,Éric Zemmour,0.92,consensus
2026-05-19,Éric Zemmour,0.88,consensus
2026-05-20,Éric Zemmour,0.88,consensus
2026-05-21,Éric Zemmour,0.88,consensus
2026-05-22,Éric Zemmour,0.88,consensus
2026-05-23,Éric Zemmour,0.88,consensus
2026-05-24,Éric Zemmour,0.88,consensus
2026-05-25,Éric Zemmour,0.88,consensus
2026-05-26,Éric Zemmour,0.88,consensus
2026-05-27,Éric Zemmour,0.88,consensus
2026-05-28,Éric Zemmour,0.92,consensus
2026-05-29,Éric Zemmour,0.92,consensus
2026-05-30,Éric Zemmour,0.92,consensus
2026-05-31,Éric Zemmour,0.92,consensus
2026-06-01,Éric Zemmour,0.92,consensus
2026-06-02,Éric Zemmour,0.87,consensus
2026-06-03,Éric Zemmour,0.91,consensus
2026-06-04,Éric Zemmour,0.89,consensus
2026-06-05,Éric Zemmour,0.89,consensus
2026-06-06,Éric Zemmour,0.85,consensus
2026-06-07,Éric Zemmour,0.85,consensus
2026-06-08,Éric Zemmour,0.85,consensus
2026-06-09,Éric Zemmour,0.85,consensus
2026-06-10,Éric Zemmour,0.85,consensus
2026-06-11,Éric Zemmour,0.85,consensus
2026-06-12,Éric Zemmour,0.85,consensus
2026-06-13,Éric Zemmour,0.85,consensus
2026-06-14,Éric Zemmour,0.85,consensus
2026-06-15,Éric Zemmour,0.81,consensus
2026-06-16,Éric Zemmour,0.81,consensus
2026-06-17,Éric Zemmour,0.77,consensus
2026-06-18,Éric Zemmour,0.77,consensus
2026-06-19,Éric Zemmour,1.13,consensus
2026-06-20,Éric Zemmour,1.13,consensus
2026-06-21,Éric Zemmour,1.13,consensus
2026-06-22,Éric Zemmour,1.13,consensus
2026-06-23,Éric Zemmour,1.13,consensus
2026-06-24,Éric Zemmour,1.13,consensus
2026-06-25,Éric Zemmour,1.13,consensus
2026-06-26,Éric Zemmour,1.13,consensus
2026-06-27,Éric Zemmour,1.13,consensus
2026-06-28,Éric Zemmour,1.13,consensus
2026-06-29,Éric Zemmour,1.13,consensus
2026-06-30,Éric Zemmour,1.13,consensus
2026-07-01,Éric Zemmour,1.13,consensus
2026-07-02,Éric Zemmour,1.13,consensus
2026-07-03,Éric Zemmour,1.13,consensus
2026-07-04,Éric Zemmour,1.13,consensus
2026-07-05,Éric Zemmour,1.13,consensus
2026-07-06,Éric Zemmour,1.13,consensus
2026-07-07,Éric Zemmour,1.17,consensus
2026-07-08,Éric Zemmour,1.17,consensus
2026-07-09,Éric Zemmour,1.17,consensus
2026-07-10,Éric Zemmour,1.17,consensus
2026-07-11,Éric Zemmour,1.17,consensus
2026-07-12,Éric Zemmour,1.17,consensus
2026-07-13,Éric Zemmour,1.17,consensus
2026-07-14,Éric Zemmour,1.17,consensus
2026-07-15,Éric Zemmour,1.17,consensus
2026-07-16,Éric Zemmour,1.17,consensus
2026-07-17,Éric Zemmour,1.13,consensus
2026-07-18,Éric Zemmour,1.13,consensus
2026-07-19,Éric Zemmour,1.13,consensus
2026-07-20,Éric Zemmour,1.13,consensus
