date,candidate,prob_pct,source
2025-11-14,Bernard Cazeneuve,12.5,polymarket
2025-11-15,Bernard Cazeneuve,0.3,polymarket
2025-11-16,Bernard Cazeneuve,0.3,polymarket
2025-11-17,Bernard Cazeneuve,0.3,polymarket
2025-11-18,Bernard Cazeneuve,0.6,polymarket
2025-11-19,Bernard Cazeneuve,0.65,polymarket
2025-11-20,Bernard Cazeneuve,0.65,polymarket
2025-11-21,Bernard Cazeneuve,2.45,polymarket
2025-11-22,Bernard Cazeneuve,0.55,polymarket
2025-11-23,Bernard Cazeneuve,0.3,polymarket
2025-11-24,Bernard Cazeneuve,0.35,polymarket
2025-11-25,Bernard Cazeneuve,0.45,polymarket
2025-11-26,Bernard Cazeneuve,0.5,polymarket
2025-11-27,Bernard Cazeneuve,0.55,polymarket
2025-11-28,Bernard Cazeneuve,0.55,polymarket
2025-11-29,Bernard Cazeneuve,0.55,polymarket
2025-11-30,Bernard Cazeneuve,1.55,polymarket
2025-12-01,Bernard Cazeneuve,1.35,polymarket
2025-12-02,Bernard Cazeneuve,1.25,polymarket
2025-12-03,Bernard Cazeneuve,1.25,polymarket
2025-12-04,Bernard Cazeneuve,0.6,polymarket
2025-12-05,Bernard Cazeneuve,0.6,polymarket
2025-12-06,Bernard Cazeneuve,0.55,polymarket
2025-12-07,Bernard Cazeneuve,0.5,polymarket
2025-12-08,Bernard Cazeneuve,0.5,polymarket
2025-12-09,Bernard Cazeneuve,0.5,polymarket
2025-12-10,Bernard Cazeneuve,0.5,polymarket
2025-12-11,Bernard Cazeneuve,0.5,polymarket
2025-12-12,Bernard Cazeneuve,0.5,polymarket
2025-12-13,Bernard Cazeneuve,0.5,polymarket
2025-12-14,Bernard Cazeneuve,0.5,polymarket
2025-12-15,Bernard Cazeneuve,0.5,polymarket
2025-12-16,Bernard Cazeneuve,0.5,polymarket
2025-12-17,Bernard Cazeneuve,0.5,polymarket
2025-12-18,Bernard Cazeneuve,0.5,polymarket
2025-12-19,Bernard Cazeneuve,0.45,polymarket
2025-12-20,Bernard Cazeneuve,0.35,polymarket
2025-12-21,Bernard Cazeneuve,0.3,polymarket
2025-12-22,Bernard Cazeneuve,0.35,polymarket
2025-12-23,Bernard Cazeneuve,0.35,polymarket
2025-12-24,Bernard Cazeneuve,0.35,polymarket
2025-12-25,Bernard Cazeneuve,0.35,polymarket
2025-12-26,Bernard Cazeneuve,0.35,polymarket
2025-12-27,Bernard Cazeneuve,0.3,polymarket
2025-12-28,Bernard Cazeneuve,0.35,polymarket
2025-12-29,Bernard Cazeneuve,0.35,polymarket
2025-12-30,Bernard Cazeneuve,0.35,polymarket
2025-12-31,Bernard Cazeneuve,0.35,polymarket
2026-01-01,Bernard Cazeneuve,0.35,polymarket
2026-01-02,Bernard Cazeneuve,0.3,polymarket
2026-01-03,Bernard Cazeneuve,0.25,polymarket
2026-01-04,Bernard Cazeneuve,0.35,polymarket
2026-01-05,Bernard Cazeneuve,0.35,polymarket
2026-01-06,Bernard Cazeneuve,0.35,polymarket
2026-01-07,Bernard Cazeneuve,0.35,polymarket
2026-01-08,Bernard Cazeneuve,0.35,polymarket
2026-01-09,Bernard Cazeneuve,0.25,polymarket
2026-01-10,Bernard Cazeneuve,0.25,polymarket
2026-01-11,Bernard Cazeneuve,0.25,polymarket
2026-01-12,Bernard Cazeneuve,0.25,polymarket
2026-01-13,Bernard Cazeneuve,0.25,polymarket
2026-01-14,Bernard Cazeneuve,0.25,polymarket
2026-01-15,Bernard Cazeneuve,0.25,polymarket
2026-01-16,Bernard Cazeneuve,0.25,polymarket
2026-01-17,Bernard Cazeneuve,0.25,polymarket
2026-01-18,Bernard Cazeneuve,0.25,polymarket
2026-01-19,Bernard Cazeneuve,1.8,polymarket
2026-01-20,Bernard Cazeneuve,1.1,polymarket
2026-01-21,Bernard Cazeneuve,1.45,polymarket
2026-01-22,Bernard Cazeneuve,0.8,polymarket
2026-01-23,Bernard Cazeneuve,0.6,polymarket
2026-01-24,Bernard Cazeneuve,0.4,polymarket
2026-01-25,Bernard Cazeneuve,0.45,polymarket
2026-01-26,Bernard Cazeneuve,0.45,polymarket
2026-01-27,Bernard Cazeneuve,0.4,polymarket
2026-01-28,Bernard Cazeneuve,0.3,polymarket
2026-01-29,Bernard Cazeneuve,0.3,polymarket
2026-01-30,Bernard Cazeneuve,0.35,polymarket
2026-01-31,Bernard Cazeneuve,0.7,polymarket
2026-02-01,Bernard Cazeneuve,0.75,polymarket
2026-02-02,Bernard Cazeneuve,0.45,polymarket
2026-02-03,Bernard Cazeneuve,0.45,polymarket
2026-02-04,Bernard Cazeneuve,0.7,polymarket
2026-02-05,Bernard Cazeneuve,0.6,polymarket
2026-02-06,Bernard Cazeneuve,0.55,polymarket
2026-02-07,Bernard Cazeneuve,0.55,polymarket
2026-02-08,Bernard Cazeneuve,0.5,polymarket
2026-02-09,Bernard Cazeneuve,0.5,polymarket
2026-02-10,Bernard Cazeneuve,0.55,polymarket
2026-02-11,Bernard Cazeneuve,0.55,polymarket
2026-02-12,Bernard Cazeneuve,0.55,polymarket
2026-02-13,Bernard Cazeneuve,0.55,polymarket
2026-02-14,Bernard Cazeneuve,0.55,polymarket
2026-02-15,Bernard Cazeneuve,0.55,polymarket
2026-02-16,Bernard Cazeneuve,0.55,polymarket
2026-02-17,Bernard Cazeneuve,0.55,polymarket
2026-02-18,Bernard Cazeneuve,0.55,polymarket
2026-02-19,Bernard Cazeneuve,0.55,polymarket
2026-02-20,Bernard Cazeneuve,0.55,polymarket
2026-02-21,Bernard Cazeneuve,0.55,polymarket
2026-02-22,Bernard Cazeneuve,0.55,polymarket
2026-02-23,Bernard Cazeneuve,0.65,polymarket
2026-02-24,Bernard Cazeneuve,1.0,polymarket
2026-02-25,Bernard Cazeneuve,1.15,polymarket
2026-02-26,Bernard Cazeneuve,0.95,polymarket
2026-02-27,Bernard Cazeneuve,0.85,polymarket
2026-02-28,Bernard Cazeneuve,0.65,polymarket
2026-03-01,Bernard Cazeneuve,0.7,polymarket
2026-03-02,Bernard Cazeneuve,0.65,polymarket
2026-03-03,Bernard Cazeneuve,0.65,polymarket
2026-03-04,Bernard Cazeneuve,0.65,polymarket
2026-03-05,Bernard Cazeneuve,0.65,polymarket
2026-03-06,Bernard Cazeneuve,0.65,polymarket
2026-03-07,Bernard Cazeneuve,0.65,polymarket
2026-03-08,Bernard Cazeneuve,0.75,polymarket
2026-03-09,Bernard Cazeneuve,1.85,polymarket
2026-03-10,Bernard Cazeneuve,1.9,polymarket
2026-03-11,Bernard Cazeneuve,1.55,polymarket
2026-03-12,Bernard Cazeneuve,1.35,polymarket
2026-03-14,Bernard Cazeneuve,0.65,polymarket
2026-03-15,Bernard Cazeneuve,0.85,polymarket
2026-03-16,Bernard Cazeneuve,0.8,polymarket
2026-03-17,Bernard Cazeneuve,0.75,polymarket
2026-03-18,Bernard Cazeneuve,0.75,polymarket
2026-03-19,Bernard Cazeneuve,0.75,polymarket
2026-03-20,Bernard Cazeneuve,0.75,polymarket
2026-03-21,Bernard Cazeneuve,0.75,polymarket
2026-03-22,Bernard Cazeneuve,0.75,polymarket
2026-03-23,Bernard Cazeneuve,0.75,polymarket
2026-03-24,Bernard Cazeneuve,0.65,polymarket
2026-03-25,Bernard Cazeneuve,0.65,polymarket
2026-03-26,Bernard Cazeneuve,0.65,polymarket
2026-03-27,Bernard Cazeneuve,0.65,polymarket
2026-03-28,Bernard Cazeneuve,0.65,polymarket
2026-04-05,Bernard Cazeneuve,0.45,polymarket
2026-04-09,Bernard Cazeneuve,0.45,polymarket
2026-04-12,Bernard Cazeneuve,0.45,polymarket
2026-04-22,Bernard Cazeneuve,0.85,polymarket
2026-04-23,Bernard Cazeneuve,0.85,polymarket
2026-04-24,Bernard Cazeneuve,0.85,polymarket
2026-04-25,Bernard Cazeneuve,0.9,polymarket
2026-04-26,Bernard Cazeneuve,0.9,polymarket
2026-04-27,Bernard Cazeneuve,0.85,polymarket
2026-04-28,Bernard Cazeneuve,0.85,polymarket
2026-04-29,Bernard Cazeneuve,1.1,polymarket
2026-04-30,Bernard Cazeneuve,1.15,polymarket
2026-05-01,Bernard Cazeneuve,1.3,polymarket
2026-05-02,Bernard Cazeneuve,1.15,polymarket
2026-05-03,Bernard Cazeneuve,1.15,polymarket
2026-05-04,Bernard Cazeneuve,0.95,polymarket
2026-05-05,Bernard Cazeneuve,0.85,polymarket
2026-05-06,Bernard Cazeneuve,0.85,polymarket
2026-05-07,Bernard Cazeneuve,0.85,polymarket
2026-05-08,Bernard Cazeneuve,0.85,polymarket
2026-05-09,Bernard Cazeneuve,0.85,polymarket
2026-05-10,Bernard Cazeneuve,0.85,polymarket
2026-05-11,Bernard Cazeneuve,0.85,polymarket
2026-05-12,Bernard Cazeneuve,0.85,polymarket
2026-05-13,Bernard Cazeneuve,0.85,polymarket
2026-05-14,Bernard Cazeneuve,0.85,polymarket
2026-05-15,Bernard Cazeneuve,0.85,polymarket
2026-05-16,Bernard Cazeneuve,0.85,polymarket
2026-05-17,Bernard Cazeneuve,0.85,polymarket
2026-05-18,Bernard Cazeneuve,0.85,polymarket
2026-05-19,Bernard Cazeneuve,0.75,polymarket
2026-05-20,Bernard Cazeneuve,0.75,polymarket
2026-05-21,Bernard Cazeneuve,0.75,polymarket
2026-05-22,Bernard Cazeneuve,0.75,polymarket
2026-05-23,Bernard Cazeneuve,0.75,polymarket
2026-05-24,Bernard Cazeneuve,0.75,polymarket
2026-05-25,Bernard Cazeneuve,0.75,polymarket
2026-05-26,Bernard Cazeneuve,0.75,polymarket
2026-05-27,Bernard Cazeneuve,0.75,polymarket
2026-05-28,Bernard Cazeneuve,0.75,polymarket
2026-05-29,Bernard Cazeneuve,0.85,polymarket
2026-05-30,Bernard Cazeneuve,0.75,polymarket
2026-05-31,Bernard Cazeneuve,0.75,polymarket
2026-06-01,Bernard Cazeneuve,0.75,polymarket
2026-06-02,Bernard Cazeneuve,0.75,polymarket
2026-06-03,Bernard Cazeneuve,0.75,polymarket
2026-06-04,Bernard Cazeneuve,0.75,polymarket
2026-06-05,Bernard Cazeneuve,0.75,polymarket
2026-06-06,Bernard Cazeneuve,0.75,polymarket
2026-06-07,Bernard Cazeneuve,0.75,polymarket
2026-06-08,Bernard Cazeneuve,0.75,polymarket
2026-06-09,Bernard Cazeneuve,0.75,polymarket
2026-06-10,Bernard Cazeneuve,0.75,polymarket
2026-06-11,Bernard Cazeneuve,0.65,polymarket
2026-06-12,Bernard Cazeneuve,0.65,polymarket
2026-06-13,Bernard Cazeneuve,0.65,polymarket
2026-06-14,Bernard Cazeneuve,0.65,polymarket
2026-06-15,Bernard Cazeneuve,0.65,polymarket
2026-06-16,Bernard Cazeneuve,0.75,polymarket
2026-06-17,Bernard Cazeneuve,0.75,polymarket
2026-06-18,Bernard Cazeneuve,0.75,polymarket
2026-06-19,Bernard Cazeneuve,0.75,polymarket
2026-06-20,Bernard Cazeneuve,0.75,polymarket
2026-06-21,Bernard Cazeneuve,0.75,polymarket
2026-06-22,Bernard Cazeneuve,0.75,polymarket
2026-06-23,Bernard Cazeneuve,0.75,polymarket
2026-06-24,Bernard Cazeneuve,0.75,polymarket
2026-06-25,Bernard Cazeneuve,0.75,polymarket
2026-06-26,Bernard Cazeneuve,0.75,polymarket
2026-06-27,Bernard Cazeneuve,0.75,polymarket
2026-06-28,Bernard Cazeneuve,0.75,polymarket
2026-06-29,Bernard Cazeneuve,0.75,polymarket
2026-06-30,Bernard Cazeneuve,0.75,polymarket
2026-07-01,Bernard Cazeneuve,0.75,polymarket
2026-07-02,Bernard Cazeneuve,0.75,polymarket
2026-07-03,Bernard Cazeneuve,0.75,polymarket
2026-07-04,Bernard Cazeneuve,0.75,polymarket
2026-07-05,Bernard Cazeneuve,0.75,polymarket
2026-07-06,Bernard Cazeneuve,0.75,polymarket
2026-07-07,Bernard Cazeneuve,0.75,polymarket
2026-07-08,Bernard Cazeneuve,0.75,polymarket
2026-07-09,Bernard Cazeneuve,0.75,polymarket
2025-11-14,Bruno Retailleau,28.0,polymarket
2025-11-15,Bruno Retailleau,7.0,polymarket
2025-11-16,Bruno Retailleau,7.5,polymarket
2025-11-17,Bruno Retailleau,7.5,polymarket
2025-11-18,Bruno Retailleau,6.0,polymarket
2025-11-19,Bruno Retailleau,6.0,polymarket
2025-11-20,Bruno Retailleau,9.5,polymarket
2025-11-21,Bruno Retailleau,7.5,polymarket
2025-11-22,Bruno Retailleau,5.0,polymarket
2025-11-23,Bruno Retailleau,4.5,polymarket
2025-11-24,Bruno Retailleau,4.5,polymarket
2025-11-25,Bruno Retailleau,6.0,polymarket
2025-11-26,Bruno Retailleau,5.0,polymarket
2025-11-27,Bruno Retailleau,5.0,polymarket
2025-11-28,Bruno Retailleau,5.0,polymarket
2025-11-29,Bruno Retailleau,5.5,polymarket
2025-11-30,Bruno Retailleau,5.5,polymarket
2025-12-01,Bruno Retailleau,5.5,polymarket
2025-12-02,Bruno Retailleau,5.0,polymarket
2025-12-03,Bruno Retailleau,5.5,polymarket
2025-12-04,Bruno Retailleau,5.0,polymarket
2025-12-05,Bruno Retailleau,5.0,polymarket
2025-12-06,Bruno Retailleau,6.0,polymarket
2025-12-07,Bruno Retailleau,4.5,polymarket
2025-12-08,Bruno Retailleau,5.5,polymarket
2025-12-09,Bruno Retailleau,5.5,polymarket
2025-12-10,Bruno Retailleau,5.5,polymarket
2025-12-11,Bruno Retailleau,6.0,polymarket
2025-12-12,Bruno Retailleau,5.0,polymarket
2025-12-13,Bruno Retailleau,5.0,polymarket
2025-12-14,Bruno Retailleau,5.0,polymarket
2025-12-15,Bruno Retailleau,4.5,polymarket
2025-12-16,Bruno Retailleau,4.5,polymarket
2025-12-17,Bruno Retailleau,4.5,polymarket
2025-12-18,Bruno Retailleau,4.5,polymarket
2025-12-19,Bruno Retailleau,4.5,polymarket
2025-12-20,Bruno Retailleau,4.05,polymarket
2025-12-21,Bruno Retailleau,4.0,polymarket
2025-12-22,Bruno Retailleau,3.9,polymarket
2025-12-23,Bruno Retailleau,2.35,polymarket
2025-12-24,Bruno Retailleau,2.55,polymarket
2025-12-25,Bruno Retailleau,2.35,polymarket
2025-12-26,Bruno Retailleau,2.35,polymarket
2025-12-27,Bruno Retailleau,2.35,polymarket
2025-12-28,Bruno Retailleau,2.4,polymarket
2025-12-29,Bruno Retailleau,2.35,polymarket
2025-12-30,Bruno Retailleau,2.45,polymarket
2025-12-31,Bruno Retailleau,2.65,polymarket
2026-01-01,Bruno Retailleau,3.15,polymarket
2026-01-02,Bruno Retailleau,3.1,polymarket
2026-01-03,Bruno Retailleau,3.05,polymarket
2026-01-04,Bruno Retailleau,3.0,polymarket
2026-01-05,Bruno Retailleau,3.3,polymarket
2026-01-06,Bruno Retailleau,3.15,polymarket
2026-01-07,Bruno Retailleau,2.9,polymarket
2026-01-08,Bruno Retailleau,2.9,polymarket
2026-01-09,Bruno Retailleau,2.9,polymarket
2026-01-10,Bruno Retailleau,2.9,polymarket
2026-01-11,Bruno Retailleau,2.95,polymarket
2026-01-12,Bruno Retailleau,3.05,polymarket
2026-01-13,Bruno Retailleau,3.55,polymarket
2026-01-14,Bruno Retailleau,3.45,polymarket
2026-01-15,Bruno Retailleau,3.2,polymarket
2026-01-16,Bruno Retailleau,3.4,polymarket
2026-01-17,Bruno Retailleau,3.3,polymarket
2026-01-18,Bruno Retailleau,3.2,polymarket
2026-01-19,Bruno Retailleau,3.25,polymarket
2026-01-20,Bruno Retailleau,3.3,polymarket
2026-01-21,Bruno Retailleau,3.7,polymarket
2026-01-22,Bruno Retailleau,3.3,polymarket
2026-01-23,Bruno Retailleau,3.35,polymarket
2026-01-24,Bruno Retailleau,3.3,polymarket
2026-01-25,Bruno Retailleau,3.2,polymarket
2026-01-26,Bruno Retailleau,3.15,polymarket
2026-01-27,Bruno Retailleau,3.25,polymarket
2026-01-28,Bruno Retailleau,3.25,polymarket
2026-01-29,Bruno Retailleau,3.25,polymarket
2026-01-30,Bruno Retailleau,2.85,polymarket
2026-01-31,Bruno Retailleau,6.1,polymarket
2026-02-01,Bruno Retailleau,3.35,polymarket
2026-02-02,Bruno Retailleau,3.45,polymarket
2026-02-03,Bruno Retailleau,3.45,polymarket
2026-02-04,Bruno Retailleau,3.45,polymarket
2026-02-05,Bruno Retailleau,3.75,polymarket
2026-02-06,Bruno Retailleau,3.55,polymarket
2026-02-07,Bruno Retailleau,3.6,polymarket
2026-02-08,Bruno Retailleau,3.65,polymarket
2026-02-09,Bruno Retailleau,3.55,polymarket
2026-02-10,Bruno Retailleau,4.55,polymarket
2026-02-11,Bruno Retailleau,3.95,polymarket
2026-02-12,Bruno Retailleau,4.25,polymarket
2026-02-13,Bruno Retailleau,4.55,polymarket
2026-02-14,Bruno Retailleau,6.25,polymarket
2026-02-15,Bruno Retailleau,6.55,polymarket
2026-02-16,Bruno Retailleau,7.45,polymarket
2026-02-17,Bruno Retailleau,6.25,polymarket
2026-02-18,Bruno Retailleau,5.5,polymarket
2026-02-19,Bruno Retailleau,5.05,polymarket
2026-02-20,Bruno Retailleau,4.9,polymarket
2026-02-21,Bruno Retailleau,5.85,polymarket
2026-02-22,Bruno Retailleau,4.95,polymarket
2026-02-23,Bruno Retailleau,4.35,polymarket
2026-02-24,Bruno Retailleau,4.35,polymarket
2026-02-25,Bruno Retailleau,4.3,polymarket
2026-02-26,Bruno Retailleau,5.65,polymarket
2026-02-27,Bruno Retailleau,6.35,polymarket
2026-02-28,Bruno Retailleau,5.9,polymarket
2026-03-01,Bruno Retailleau,5.0,polymarket
2026-03-02,Bruno Retailleau,4.4,polymarket
2026-03-03,Bruno Retailleau,4.5,polymarket
2026-03-04,Bruno Retailleau,6.9,polymarket
2026-03-05,Bruno Retailleau,6.65,polymarket
2026-03-06,Bruno Retailleau,6.85,polymarket
2026-03-07,Bruno Retailleau,4.2,polymarket
2026-03-08,Bruno Retailleau,5.35,polymarket
2026-03-09,Bruno Retailleau,6.6,polymarket
2026-03-10,Bruno Retailleau,4.85,polymarket
2026-03-11,Bruno Retailleau,4.5,polymarket
2026-03-12,Bruno Retailleau,7.2,polymarket
2026-03-14,Bruno Retailleau,4.65,polymarket
2026-03-17,Bruno Retailleau,3.7,polymarket
2026-03-18,Bruno Retailleau,4.55,polymarket
2026-03-20,Bruno Retailleau,4.7,polymarket
2026-03-21,Bruno Retailleau,4.35,polymarket
2026-03-22,Bruno Retailleau,4.75,polymarket
2026-03-23,Bruno Retailleau,4.05,polymarket
2026-03-24,Bruno Retailleau,4.1,polymarket
2026-03-25,Bruno Retailleau,3.8,polymarket
2026-03-26,Bruno Retailleau,4.3,polymarket
2026-03-27,Bruno Retailleau,4.05,polymarket
2026-03-28,Bruno Retailleau,4.05,polymarket
2026-03-29,Bruno Retailleau,3.6,polymarket
2026-03-30,Bruno Retailleau,3.45,polymarket
2026-03-31,Bruno Retailleau,3.35,polymarket
2026-04-01,Bruno Retailleau,3.1,polymarket
2026-04-02,Bruno Retailleau,3.15,polymarket
2026-04-03,Bruno Retailleau,2.75,polymarket
2026-04-04,Bruno Retailleau,2.35,polymarket
2026-04-07,Bruno Retailleau,3.1,polymarket
2026-04-09,Bruno Retailleau,2.8,polymarket
2026-04-13,Bruno Retailleau,3.15,polymarket
2026-04-15,Bruno Retailleau,2.65,polymarket
2026-04-17,Bruno Retailleau,3.2,polymarket
2026-04-19,Bruno Retailleau,3.55,polymarket
2026-04-20,Bruno Retailleau,3.05,polymarket
2026-04-21,Bruno Retailleau,3.25,polymarket
2026-04-22,Bruno Retailleau,2.95,polymarket
2026-04-23,Bruno Retailleau,3.0,polymarket
2026-04-24,Bruno Retailleau,3.05,polymarket
2026-04-25,Bruno Retailleau,3.15,polymarket
2026-04-26,Bruno Retailleau,3.55,polymarket
2026-04-27,Bruno Retailleau,3.55,polymarket
2026-04-28,Bruno Retailleau,3.95,polymarket
2026-04-29,Bruno Retailleau,3.75,polymarket
2026-04-30,Bruno Retailleau,3.75,polymarket
2026-05-01,Bruno Retailleau,3.65,polymarket
2026-05-02,Bruno Retailleau,3.65,polymarket
2026-05-03,Bruno Retailleau,3.65,polymarket
2026-05-04,Bruno Retailleau,3.15,polymarket
2026-05-05,Bruno Retailleau,3.35,polymarket
2026-05-06,Bruno Retailleau,3.35,polymarket
2026-05-07,Bruno Retailleau,3.25,polymarket
2026-05-08,Bruno Retailleau,3.25,polymarket
2026-05-09,Bruno Retailleau,3.25,polymarket
2026-05-10,Bruno Retailleau,3.25,polymarket
2026-05-11,Bruno Retailleau,3.25,polymarket
2026-05-12,Bruno Retailleau,3.25,polymarket
2026-05-13,Bruno Retailleau,3.25,polymarket
2026-05-14,Bruno Retailleau,3.25,polymarket
2026-05-15,Bruno Retailleau,3.15,polymarket
2026-05-16,Bruno Retailleau,3.2,polymarket
2026-05-17,Bruno Retailleau,3.15,polymarket
2026-05-18,Bruno Retailleau,3.2,polymarket
2026-05-19,Bruno Retailleau,3.15,polymarket
2026-05-20,Bruno Retailleau,3.2,polymarket
2026-05-21,Bruno Retailleau,3.15,polymarket
2026-05-22,Bruno Retailleau,3.15,polymarket
2026-05-23,Bruno Retailleau,3.2,polymarket
2026-05-24,Bruno Retailleau,3.15,polymarket
2026-05-25,Bruno Retailleau,3.1,polymarket
2026-05-26,Bruno Retailleau,3.05,polymarket
2026-05-27,Bruno Retailleau,3.05,polymarket
2026-05-28,Bruno Retailleau,3.05,polymarket
2026-05-29,Bruno Retailleau,3.05,polymarket
2026-05-30,Bruno Retailleau,3.05,polymarket
2026-05-31,Bruno Retailleau,3.15,polymarket
2026-06-01,Bruno Retailleau,3.1,polymarket
2026-06-02,Bruno Retailleau,3.05,polymarket
2026-06-03,Bruno Retailleau,3.05,polymarket
2026-06-04,Bruno Retailleau,3.05,polymarket
2026-06-05,Bruno Retailleau,3.05,polymarket
2026-06-06,Bruno Retailleau,3.15,polymarket
2026-06-07,Bruno Retailleau,3.15,polymarket
2026-06-08,Bruno Retailleau,3.05,polymarket
2026-06-09,Bruno Retailleau,3.05,polymarket
2026-06-10,Bruno Retailleau,3.05,polymarket
2026-06-11,Bruno Retailleau,2.35,polymarket
2026-06-12,Bruno Retailleau,2.25,polymarket
2026-06-13,Bruno Retailleau,2.15,polymarket
2026-06-14,Bruno Retailleau,2.05,polymarket
2026-06-15,Bruno Retailleau,1.95,polymarket
2026-06-16,Bruno Retailleau,1.85,polymarket
2026-06-17,Bruno Retailleau,1.75,polymarket
2026-06-18,Bruno Retailleau,1.75,polymarket
2026-06-19,Bruno Retailleau,1.75,polymarket
2026-06-20,Bruno Retailleau,1.9,polymarket
2026-06-21,Bruno Retailleau,2.1,polymarket
2026-06-22,Bruno Retailleau,2.45,polymarket
2026-06-23,Bruno Retailleau,2.35,polymarket
2026-06-24,Bruno Retailleau,2.45,polymarket
2026-06-25,Bruno Retailleau,2.45,polymarket
2026-06-26,Bruno Retailleau,2.45,polymarket
2026-06-27,Bruno Retailleau,2.85,polymarket
2026-06-28,Bruno Retailleau,2.85,polymarket
2026-06-29,Bruno Retailleau,2.85,polymarket
2026-06-30,Bruno Retailleau,2.95,polymarket
2026-07-01,Bruno Retailleau,2.9,polymarket
2026-07-02,Bruno Retailleau,2.7,polymarket
2026-07-03,Bruno Retailleau,2.65,polymarket
2026-07-04,Bruno Retailleau,2.65,polymarket
2026-07-05,Bruno Retailleau,2.7,polymarket
2026-07-06,Bruno Retailleau,2.65,polymarket
2026-07-07,Bruno Retailleau,2.65,polymarket
2026-07-08,Bruno Retailleau,3.45,polymarket
2026-07-09,Bruno Retailleau,3.85,polymarket
2025-11-14,Carole Delga,19.5,polymarket
2025-11-15,Carole Delga,0.9,polymarket
2025-11-16,Carole Delga,0.85,polymarket
2025-11-17,Carole Delga,0.8,polymarket
2025-11-18,Carole Delga,0.7,polymarket
2025-11-19,Carole Delga,0.65,polymarket
2025-11-20,Carole Delga,0.7,polymarket
2025-11-21,Carole Delga,0.7,polymarket
2025-11-22,Carole Delga,0.35,polymarket
2025-11-23,Carole Delga,0.45,polymarket
2025-11-24,Carole Delga,0.45,polymarket
2025-11-25,Carole Delga,0.4,polymarket
2025-11-26,Carole Delga,0.4,polymarket
2025-11-27,Carole Delga,0.35,polymarket
2025-11-28,Carole Delga,0.35,polymarket
2025-11-29,Carole Delga,0.25,polymarket
2025-11-30,Carole Delga,0.2,polymarket
2025-12-01,Carole Delga,0.2,polymarket
2025-12-02,Carole Delga,0.2,polymarket
2025-12-03,Carole Delga,0.2,polymarket
2025-12-04,Carole Delga,0.2,polymarket
2025-12-05,Carole Delga,0.2,polymarket
2025-12-06,Carole Delga,0.15,polymarket
2025-12-07,Carole Delga,0.15,polymarket
2025-12-08,Carole Delga,0.15,polymarket
2025-12-09,Carole Delga,0.15,polymarket
2025-12-10,Carole Delga,0.15,polymarket
2025-12-11,Carole Delga,0.2,polymarket
2025-12-12,Carole Delga,0.2,polymarket
2025-12-13,Carole Delga,0.15,polymarket
2025-12-14,Carole Delga,0.15,polymarket
2025-12-15,Carole Delga,0.15,polymarket
2025-12-16,Carole Delga,0.15,polymarket
2025-12-17,Carole Delga,0.15,polymarket
2025-12-18,Carole Delga,0.15,polymarket
2025-12-19,Carole Delga,0.15,polymarket
2025-12-20,Carole Delga,0.15,polymarket
2025-12-21,Carole Delga,0.15,polymarket
2025-12-22,Carole Delga,0.15,polymarket
2025-12-23,Carole Delga,0.15,polymarket
2025-12-24,Carole Delga,0.15,polymarket
2025-12-25,Carole Delga,0.2,polymarket
2025-12-26,Carole Delga,0.2,polymarket
2025-12-27,Carole Delga,0.2,polymarket
2025-12-28,Carole Delga,0.2,polymarket
2025-12-29,Carole Delga,0.2,polymarket
2025-12-30,Carole Delga,0.2,polymarket
2025-12-31,Carole Delga,0.2,polymarket
2026-01-01,Carole Delga,0.15,polymarket
2026-01-02,Carole Delga,0.15,polymarket
2026-01-03,Carole Delga,0.15,polymarket
2026-01-04,Carole Delga,0.15,polymarket
2026-01-05,Carole Delga,0.15,polymarket
2026-01-06,Carole Delga,0.15,polymarket
2026-01-07,Carole Delga,0.15,polymarket
2026-01-08,Carole Delga,0.2,polymarket
2026-01-09,Carole Delga,0.15,polymarket
2026-01-10,Carole Delga,0.15,polymarket
2026-01-11,Carole Delga,0.15,polymarket
2026-01-12,Carole Delga,0.15,polymarket
2026-01-13,Carole Delga,0.15,polymarket
2026-01-14,Carole Delga,0.15,polymarket
2026-01-15,Carole Delga,0.15,polymarket
2026-01-16,Carole Delga,0.15,polymarket
2026-01-17,Carole Delga,0.15,polymarket
2026-01-18,Carole Delga,0.15,polymarket
2026-01-19,Carole Delga,0.15,polymarket
2026-01-20,Carole Delga,0.15,polymarket
2026-01-21,Carole Delga,0.15,polymarket
2026-01-22,Carole Delga,0.15,polymarket
2026-01-23,Carole Delga,0.15,polymarket
2026-01-24,Carole Delga,0.15,polymarket
2026-01-25,Carole Delga,0.15,polymarket
2026-01-26,Carole Delga,0.15,polymarket
2026-01-27,Carole Delga,0.15,polymarket
2026-01-28,Carole Delga,0.15,polymarket
2026-01-29,Carole Delga,0.15,polymarket
2026-01-30,Carole Delga,0.15,polymarket
2026-01-31,Carole Delga,0.15,polymarket
2026-02-01,Carole Delga,0.15,polymarket
2026-02-02,Carole Delga,0.15,polymarket
2026-02-03,Carole Delga,0.15,polymarket
2026-02-04,Carole Delga,0.15,polymarket
2026-02-05,Carole Delga,0.15,polymarket
2026-02-06,Carole Delga,0.15,polymarket
2026-02-07,Carole Delga,0.15,polymarket
2026-02-08,Carole Delga,0.15,polymarket
2026-02-09,Carole Delga,0.15,polymarket
2026-02-10,Carole Delga,0.15,polymarket
2026-02-11,Carole Delga,0.15,polymarket
2026-02-12,Carole Delga,0.15,polymarket
2026-02-13,Carole Delga,0.15,polymarket
2026-02-14,Carole Delga,0.15,polymarket
2026-02-15,Carole Delga,0.15,polymarket
2026-02-16,Carole Delga,0.15,polymarket
2026-02-17,Carole Delga,0.15,polymarket
2026-02-18,Carole Delga,0.15,polymarket
2026-02-19,Carole Delga,0.15,polymarket
2026-02-20,Carole Delga,0.15,polymarket
2026-02-21,Carole Delga,0.15,polymarket
2026-02-22,Carole Delga,0.15,polymarket
2026-02-23,Carole Delga,0.15,polymarket
2026-02-24,Carole Delga,0.15,polymarket
2026-02-25,Carole Delga,0.15,polymarket
2026-02-26,Carole Delga,0.15,polymarket
2026-02-27,Carole Delga,0.15,polymarket
2026-02-28,Carole Delga,0.15,polymarket
2026-03-01,Carole Delga,0.15,polymarket
2026-03-02,Carole Delga,0.15,polymarket
2026-03-03,Carole Delga,0.15,polymarket
2026-03-04,Carole Delga,0.15,polymarket
2026-03-05,Carole Delga,0.15,polymarket
2026-03-06,Carole Delga,0.15,polymarket
2026-03-07,Carole Delga,0.15,polymarket
2026-03-08,Carole Delga,0.15,polymarket
2026-03-09,Carole Delga,0.15,polymarket
2026-03-10,Carole Delga,0.15,polymarket
2026-03-11,Carole Delga,0.15,polymarket
2026-03-12,Carole Delga,0.15,polymarket
2026-03-13,Carole Delga,0.15,polymarket
2026-03-14,Carole Delga,0.15,polymarket
2026-03-15,Carole Delga,0.15,polymarket
2026-03-17,Carole Delga,0.15,polymarket
2026-03-18,Carole Delga,0.2,polymarket
2026-03-19,Carole Delga,0.15,polymarket
2026-03-20,Carole Delga,0.15,polymarket
2026-03-21,Carole Delga,0.2,polymarket
2026-03-22,Carole Delga,0.2,polymarket
2026-03-23,Carole Delga,0.15,polymarket
2026-03-24,Carole Delga,0.15,polymarket
2026-03-25,Carole Delga,0.15,polymarket
2026-03-26,Carole Delga,0.15,polymarket
2026-03-27,Carole Delga,0.25,polymarket
2026-03-28,Carole Delga,0.15,polymarket
2026-04-05,Carole Delga,0.25,polymarket
2026-04-09,Carole Delga,0.35,polymarket
2026-04-12,Carole Delga,0.35,polymarket
2026-04-18,Carole Delga,0.55,polymarket
2026-04-22,Carole Delga,0.65,polymarket
2026-04-23,Carole Delga,0.65,polymarket
2026-04-24,Carole Delga,0.65,polymarket
2026-04-25,Carole Delga,0.65,polymarket
2026-04-26,Carole Delga,0.65,polymarket
2026-04-27,Carole Delga,0.65,polymarket
2026-04-28,Carole Delga,0.65,polymarket
2026-04-29,Carole Delga,0.65,polymarket
2026-04-30,Carole Delga,0.65,polymarket
2026-05-01,Carole Delga,0.65,polymarket
2026-05-02,Carole Delga,0.55,polymarket
2026-05-03,Carole Delga,0.65,polymarket
2026-05-04,Carole Delga,0.65,polymarket
2026-05-05,Carole Delga,0.65,polymarket
2026-05-06,Carole Delga,0.65,polymarket
2026-05-07,Carole Delga,0.65,polymarket
2026-05-08,Carole Delga,0.65,polymarket
2026-05-09,Carole Delga,0.65,polymarket
2026-05-10,Carole Delga,0.65,polymarket
2026-05-11,Carole Delga,0.65,polymarket
2026-05-12,Carole Delga,0.65,polymarket
2026-05-13,Carole Delga,0.55,polymarket
2026-05-14,Carole Delga,0.55,polymarket
2026-05-15,Carole Delga,0.55,polymarket
2026-05-16,Carole Delga,0.55,polymarket
2026-05-17,Carole Delga,0.55,polymarket
2026-05-18,Carole Delga,0.55,polymarket
2026-05-19,Carole Delga,0.65,polymarket
2026-05-20,Carole Delga,0.65,polymarket
2026-05-21,Carole Delga,0.65,polymarket
2026-05-22,Carole Delga,0.65,polymarket
2026-05-23,Carole Delga,0.65,polymarket
2026-05-24,Carole Delga,0.65,polymarket
2026-05-25,Carole Delga,0.65,polymarket
2026-05-26,Carole Delga,0.65,polymarket
2026-05-27,Carole Delga,0.65,polymarket
2026-05-28,Carole Delga,0.65,polymarket
2026-05-29,Carole Delga,0.65,polymarket
2026-05-30,Carole Delga,0.65,polymarket
2026-05-31,Carole Delga,0.65,polymarket
2026-06-01,Carole Delga,0.65,polymarket
2026-06-02,Carole Delga,0.65,polymarket
2026-06-03,Carole Delga,0.65,polymarket
2026-06-04,Carole Delga,0.65,polymarket
2026-06-05,Carole Delga,0.65,polymarket
2026-06-06,Carole Delga,0.65,polymarket
2026-06-07,Carole Delga,0.65,polymarket
2026-06-08,Carole Delga,0.65,polymarket
2026-06-09,Carole Delga,0.65,polymarket
2026-06-10,Carole Delga,0.65,polymarket
2026-06-11,Carole Delga,0.65,polymarket
2026-06-12,Carole Delga,0.65,polymarket
2026-06-13,Carole Delga,0.65,polymarket
2026-06-14,Carole Delga,0.65,polymarket
2026-06-15,Carole Delga,0.65,polymarket
2026-06-16,Carole Delga,0.65,polymarket
2026-06-17,Carole Delga,0.65,polymarket
2026-06-18,Carole Delga,0.65,polymarket
2026-06-19,Carole Delga,0.65,polymarket
2026-06-20,Carole Delga,0.65,polymarket
2026-06-21,Carole Delga,0.65,polymarket
2026-06-22,Carole Delga,0.65,polymarket
2026-06-23,Carole Delga,0.65,polymarket
2026-06-24,Carole Delga,0.65,polymarket
2026-06-25,Carole Delga,0.65,polymarket
2026-06-26,Carole Delga,0.65,polymarket
2026-06-27,Carole Delga,0.65,polymarket
2026-06-28,Carole Delga,0.65,polymarket
2026-06-29,Carole Delga,0.65,polymarket
2026-06-30,Carole Delga,0.65,polymarket
2026-07-01,Carole Delga,0.65,polymarket
2026-07-02,Carole Delga,0.65,polymarket
2026-07-03,Carole Delga,0.65,polymarket
2026-07-04,Carole Delga,0.65,polymarket
2026-07-05,Carole Delga,0.65,polymarket
2026-07-06,Carole Delga,0.65,polymarket
2026-07-07,Carole Delga,0.65,polymarket
2026-07-08,Carole Delga,0.65,polymarket
2026-07-09,Carole Delga,0.65,polymarket
2026-01-06,Clémence Guetté,0.6,polymarket
2026-01-07,Clémence Guetté,0.45,polymarket
2026-01-08,Clémence Guetté,0.45,polymarket
2026-01-09,Clémence Guetté,0.5,polymarket
2026-01-10,Clémence Guetté,0.5,polymarket
2026-01-11,Clémence Guetté,0.9,polymarket
2026-01-12,Clémence Guetté,0.85,polymarket
2026-01-13,Clémence Guetté,0.6,polymarket
2026-01-14,Clémence Guetté,0.5,polymarket
2026-01-15,Clémence Guetté,0.45,polymarket
2026-01-16,Clémence Guetté,0.45,polymarket
2026-01-17,Clémence Guetté,0.4,polymarket
2026-01-18,Clémence Guetté,0.4,polymarket
2026-01-19,Clémence Guetté,0.4,polymarket
2026-01-20,Clémence Guetté,0.4,polymarket
2026-01-21,Clémence Guetté,0.35,polymarket
2026-01-22,Clémence Guetté,0.35,polymarket
2026-01-23,Clémence Guetté,0.35,polymarket
2026-01-24,Clémence Guetté,0.3,polymarket
2026-01-25,Clémence Guetté,0.3,polymarket
2026-01-26,Clémence Guetté,0.3,polymarket
2026-01-27,Clémence Guetté,0.3,polymarket
2026-01-28,Clémence Guetté,0.3,polymarket
2026-01-29,Clémence Guetté,0.3,polymarket
2026-01-30,Clémence Guetté,0.3,polymarket
2026-01-31,Clémence Guetté,0.55,polymarket
2026-02-01,Clémence Guetté,0.65,polymarket
2026-02-02,Clémence Guetté,0.6,polymarket
2026-02-03,Clémence Guetté,0.4,polymarket
2026-02-04,Clémence Guetté,0.4,polymarket
2026-02-05,Clémence Guetté,0.35,polymarket
2026-02-06,Clémence Guetté,0.3,polymarket
2026-02-07,Clémence Guetté,0.3,polymarket
2026-02-08,Clémence Guetté,0.3,polymarket
2026-02-09,Clémence Guetté,0.3,polymarket
2026-02-10,Clémence Guetté,0.35,polymarket
2026-02-11,Clémence Guetté,0.35,polymarket
2026-02-12,Clémence Guetté,0.25,polymarket
2026-02-13,Clémence Guetté,0.25,polymarket
2026-02-14,Clémence Guetté,0.25,polymarket
2026-02-15,Clémence Guetté,0.25,polymarket
2026-02-16,Clémence Guetté,0.25,polymarket
2026-02-17,Clémence Guetté,0.25,polymarket
2026-02-18,Clémence Guetté,0.25,polymarket
2026-02-19,Clémence Guetté,0.25,polymarket
2026-02-20,Clémence Guetté,0.25,polymarket
2026-02-21,Clémence Guetté,0.25,polymarket
2026-02-22,Clémence Guetté,0.25,polymarket
2026-02-23,Clémence Guetté,0.25,polymarket
2026-02-24,Clémence Guetté,0.25,polymarket
2026-02-25,Clémence Guetté,0.25,polymarket
2026-02-26,Clémence Guetté,0.25,polymarket
2026-02-27,Clémence Guetté,0.25,polymarket
2026-02-28,Clémence Guetté,0.25,polymarket
2026-03-01,Clémence Guetté,0.25,polymarket
2026-03-02,Clémence Guetté,0.25,polymarket
2026-03-03,Clémence Guetté,0.25,polymarket
2026-03-04,Clémence Guetté,0.25,polymarket
2026-03-05,Clémence Guetté,0.25,polymarket
2026-03-06,Clémence Guetté,0.15,polymarket
2026-03-07,Clémence Guetté,0.15,polymarket
2026-03-08,Clémence Guetté,0.15,polymarket
2026-03-09,Clémence Guetté,0.15,polymarket
2026-03-10,Clémence Guetté,0.15,polymarket
2026-03-11,Clémence Guetté,0.15,polymarket
2026-03-12,Clémence Guetté,0.15,polymarket
2026-03-13,Clémence Guetté,0.2,polymarket
2026-03-14,Clémence Guetté,0.15,polymarket
2026-03-15,Clémence Guetté,0.15,polymarket
2026-03-17,Clémence Guetté,0.15,polymarket
2026-03-18,Clémence Guetté,0.15,polymarket
2026-03-19,Clémence Guetté,0.15,polymarket
2026-03-20,Clémence Guetté,0.15,polymarket
2026-03-21,Clémence Guetté,0.15,polymarket
2026-03-22,Clémence Guetté,0.15,polymarket
2026-03-23,Clémence Guetté,0.25,polymarket
2026-03-24,Clémence Guetté,0.15,polymarket
2026-03-25,Clémence Guetté,0.15,polymarket
2026-03-26,Clémence Guetté,0.15,polymarket
2026-03-27,Clémence Guetté,0.25,polymarket
2026-03-28,Clémence Guetté,0.25,polymarket
2026-04-05,Clémence Guetté,0.65,polymarket
2026-04-09,Clémence Guetté,0.65,polymarket
2026-04-12,Clémence Guetté,0.65,polymarket
2026-04-18,Clémence Guetté,0.65,polymarket
2026-04-22,Clémence Guetté,0.65,polymarket
2026-04-23,Clémence Guetté,0.65,polymarket
2026-04-24,Clémence Guetté,0.65,polymarket
2026-04-25,Clémence Guetté,0.65,polymarket
2026-04-26,Clémence Guetté,0.65,polymarket
2026-04-27,Clémence Guetté,0.65,polymarket
2026-04-28,Clémence Guetté,0.65,polymarket
2026-04-29,Clémence Guetté,0.75,polymarket
2026-04-30,Clémence Guetté,0.75,polymarket
2026-05-01,Clémence Guetté,0.75,polymarket
2026-05-02,Clémence Guetté,0.75,polymarket
2026-05-03,Clémence Guetté,0.75,polymarket
2026-05-04,Clémence Guetté,0.75,polymarket
2026-05-05,Clémence Guetté,0.75,polymarket
2026-05-06,Clémence Guetté,0.75,polymarket
2026-05-07,Clémence Guetté,0.75,polymarket
2026-05-08,Clémence Guetté,0.75,polymarket
2026-05-09,Clémence Guetté,0.75,polymarket
2026-05-10,Clémence Guetté,0.75,polymarket
2026-05-11,Clémence Guetté,0.75,polymarket
2026-05-12,Clémence Guetté,0.75,polymarket
2026-05-13,Clémence Guetté,0.75,polymarket
2026-05-14,Clémence Guetté,0.75,polymarket
2026-05-15,Clémence Guetté,0.75,polymarket
2026-05-16,Clémence Guetté,0.75,polymarket
2026-05-17,Clémence Guetté,0.75,polymarket
2026-05-18,Clémence Guetté,0.75,polymarket
2026-05-19,Clémence Guetté,0.75,polymarket
2026-05-20,Clémence Guetté,0.75,polymarket
2026-05-21,Clémence Guetté,0.75,polymarket
2026-05-22,Clémence Guetté,0.75,polymarket
2026-05-23,Clémence Guetté,0.75,polymarket
2026-05-24,Clémence Guetté,0.75,polymarket
2026-05-25,Clémence Guetté,0.75,polymarket
2026-05-26,Clémence Guetté,0.75,polymarket
2026-05-27,Clémence Guetté,0.75,polymarket
2026-05-28,Clémence Guetté,0.75,polymarket
2026-05-29,Clémence Guetté,0.75,polymarket
2026-05-30,Clémence Guetté,0.75,polymarket
2026-05-31,Clémence Guetté,0.75,polymarket
2026-06-01,Clémence Guetté,0.65,polymarket
2026-06-02,Clémence Guetté,0.65,polymarket
2026-06-03,Clémence Guetté,0.65,polymarket
2026-06-04,Clémence Guetté,0.65,polymarket
2026-06-05,Clémence Guetté,0.55,polymarket
2026-06-06,Clémence Guetté,0.55,polymarket
2026-06-07,Clémence Guetté,0.55,polymarket
2026-06-08,Clémence Guetté,0.55,polymarket
2026-06-09,Clémence Guetté,0.55,polymarket
2026-06-10,Clémence Guetté,0.55,polymarket
2026-06-11,Clémence Guetté,0.55,polymarket
2026-06-12,Clémence Guetté,0.55,polymarket
2026-06-13,Clémence Guetté,0.55,polymarket
2026-06-14,Clémence Guetté,0.55,polymarket
2026-06-15,Clémence Guetté,0.55,polymarket
2026-06-16,Clémence Guetté,0.55,polymarket
2026-06-17,Clémence Guetté,0.55,polymarket
2026-06-18,Clémence Guetté,0.55,polymarket
2026-06-19,Clémence Guetté,0.55,polymarket
2026-06-20,Clémence Guetté,0.55,polymarket
2026-06-21,Clémence Guetté,0.55,polymarket
2026-06-22,Clémence Guetté,0.55,polymarket
2026-06-23,Clémence Guetté,0.55,polymarket
2026-06-24,Clémence Guetté,0.55,polymarket
2026-06-25,Clémence Guetté,0.6,polymarket
2026-06-26,Clémence Guetté,0.55,polymarket
2026-06-27,Clémence Guetté,0.55,polymarket
2026-06-28,Clémence Guetté,0.55,polymarket
2026-06-29,Clémence Guetté,0.55,polymarket
2026-06-30,Clémence Guetté,0.55,polymarket
2026-07-01,Clémence Guetté,0.6,polymarket
2026-07-02,Clémence Guetté,0.6,polymarket
2026-07-03,Clémence Guetté,0.6,polymarket
2026-07-04,Clémence Guetté,0.6,polymarket
2026-07-05,Clémence Guetté,0.6,polymarket
2026-07-06,Clémence Guetté,0.6,polymarket
2026-07-07,Clémence Guetté,0.55,polymarket
2026-07-08,Clémence Guetté,0.55,polymarket
2026-07-09,Clémence Guetté,0.55,polymarket
2025-11-14,Clémentine Autain,38.0,polymarket
2025-11-15,Clémentine Autain,1.65,polymarket
2025-11-16,Clémentine Autain,1.75,polymarket
2025-11-17,Clémentine Autain,1.75,polymarket
2025-11-18,Clémentine Autain,0.9,polymarket
2025-11-19,Clémentine Autain,0.85,polymarket
2025-11-20,Clémentine Autain,0.9,polymarket
2025-11-21,Clémentine Autain,0.9,polymarket
2025-11-22,Clémentine Autain,0.9,polymarket
2025-11-23,Clémentine Autain,0.8,polymarket
2025-11-24,Clémentine Autain,0.8,polymarket
2025-11-25,Clémentine Autain,0.75,polymarket
2025-11-26,Clémentine Autain,0.65,polymarket
2025-11-27,Clémentine Autain,0.45,polymarket
2025-11-28,Clémentine Autain,0.35,polymarket
2025-11-29,Clémentine Autain,0.4,polymarket
2025-11-30,Clémentine Autain,0.2,polymarket
2025-12-01,Clémentine Autain,0.25,polymarket
2025-12-02,Clémentine Autain,0.2,polymarket
2025-12-03,Clémentine Autain,0.2,polymarket
2025-12-04,Clémentine Autain,0.25,polymarket
2025-12-05,Clémentine Autain,0.25,polymarket
2025-12-06,Clémentine Autain,0.25,polymarket
2025-12-07,Clémentine Autain,0.25,polymarket
2025-12-08,Clémentine Autain,0.25,polymarket
2025-12-09,Clémentine Autain,0.2,polymarket
2025-12-10,Clémentine Autain,0.25,polymarket
2025-12-11,Clémentine Autain,0.25,polymarket
2025-12-12,Clémentine Autain,0.25,polymarket
2025-12-13,Clémentine Autain,0.2,polymarket
2025-12-14,Clémentine Autain,0.2,polymarket
2025-12-15,Clémentine Autain,0.2,polymarket
2025-12-16,Clémentine Autain,0.2,polymarket
2025-12-17,Clémentine Autain,0.2,polymarket
2025-12-18,Clémentine Autain,0.2,polymarket
2025-12-19,Clémentine Autain,0.2,polymarket
2025-12-20,Clémentine Autain,0.2,polymarket
2025-12-21,Clémentine Autain,0.2,polymarket
2025-12-22,Clémentine Autain,0.25,polymarket
2025-12-23,Clémentine Autain,0.2,polymarket
2025-12-24,Clémentine Autain,0.2,polymarket
2025-12-25,Clémentine Autain,0.15,polymarket
2025-12-26,Clémentine Autain,0.2,polymarket
2025-12-27,Clémentine Autain,0.25,polymarket
2025-12-28,Clémentine Autain,0.25,polymarket
2025-12-29,Clémentine Autain,0.25,polymarket
2025-12-30,Clémentine Autain,0.25,polymarket
2025-12-31,Clémentine Autain,0.2,polymarket
2026-01-01,Clémentine Autain,0.15,polymarket
2026-01-02,Clémentine Autain,0.15,polymarket
2026-01-03,Clémentine Autain,0.15,polymarket
2026-01-04,Clémentine Autain,0.15,polymarket
2026-01-05,Clémentine Autain,0.15,polymarket
2026-01-06,Clémentine Autain,0.15,polymarket
2026-01-07,Clémentine Autain,0.15,polymarket
2026-01-08,Clémentine Autain,0.15,polymarket
2026-01-09,Clémentine Autain,0.15,polymarket
2026-01-10,Clémentine Autain,0.15,polymarket
2026-01-11,Clémentine Autain,0.15,polymarket
2026-01-12,Clémentine Autain,0.15,polymarket
2026-01-13,Clémentine Autain,0.15,polymarket
2026-01-14,Clémentine Autain,0.15,polymarket
2026-01-15,Clémentine Autain,0.15,polymarket
2026-01-16,Clémentine Autain,0.15,polymarket
2026-01-17,Clémentine Autain,0.15,polymarket
2026-01-18,Clémentine Autain,0.15,polymarket
2026-01-19,Clémentine Autain,0.15,polymarket
2026-01-20,Clémentine Autain,0.15,polymarket
2026-01-21,Clémentine Autain,0.25,polymarket
2026-01-22,Clémentine Autain,0.2,polymarket
2026-01-23,Clémentine Autain,0.2,polymarket
2026-01-24,Clémentine Autain,0.2,polymarket
2026-01-25,Clémentine Autain,0.2,polymarket
2026-01-26,Clémentine Autain,0.2,polymarket
2026-01-27,Clémentine Autain,0.2,polymarket
2026-01-28,Clémentine Autain,0.2,polymarket
2026-01-29,Clémentine Autain,0.2,polymarket
2026-01-30,Clémentine Autain,0.2,polymarket
2026-01-31,Clémentine Autain,0.2,polymarket
2026-02-01,Clémentine Autain,0.2,polymarket
2026-02-02,Clémentine Autain,0.2,polymarket
2026-02-03,Clémentine Autain,0.2,polymarket
2026-02-04,Clémentine Autain,0.2,polymarket
2026-02-05,Clémentine Autain,0.2,polymarket
2026-02-06,Clémentine Autain,0.2,polymarket
2026-02-07,Clémentine Autain,0.15,polymarket
2026-02-08,Clémentine Autain,0.15,polymarket
2026-02-09,Clémentine Autain,0.15,polymarket
2026-02-10,Clémentine Autain,0.15,polymarket
2026-02-11,Clémentine Autain,0.15,polymarket
2026-02-12,Clémentine Autain,0.15,polymarket
2026-02-13,Clémentine Autain,0.15,polymarket
2026-02-14,Clémentine Autain,0.15,polymarket
2026-02-15,Clémentine Autain,0.15,polymarket
2026-02-16,Clémentine Autain,0.15,polymarket
2026-02-17,Clémentine Autain,0.15,polymarket
2026-02-18,Clémentine Autain,0.25,polymarket
2026-02-19,Clémentine Autain,0.15,polymarket
2026-02-20,Clémentine Autain,0.2,polymarket
2026-02-21,Clémentine Autain,0.15,polymarket
2026-02-22,Clémentine Autain,0.15,polymarket
2026-02-23,Clémentine Autain,0.15,polymarket
2026-02-24,Clémentine Autain,0.15,polymarket
2026-02-25,Clémentine Autain,0.15,polymarket
2026-02-26,Clémentine Autain,0.15,polymarket
2026-02-27,Clémentine Autain,0.15,polymarket
2026-02-28,Clémentine Autain,0.15,polymarket
2026-03-01,Clémentine Autain,0.15,polymarket
2026-03-02,Clémentine Autain,0.15,polymarket
2026-03-03,Clémentine Autain,0.15,polymarket
2026-03-04,Clémentine Autain,0.15,polymarket
2026-03-05,Clémentine Autain,0.15,polymarket
2026-03-06,Clémentine Autain,0.15,polymarket
2026-03-07,Clémentine Autain,0.15,polymarket
2026-03-08,Clémentine Autain,0.15,polymarket
2026-03-09,Clémentine Autain,0.15,polymarket
2026-03-10,Clémentine Autain,0.15,polymarket
2026-03-11,Clémentine Autain,0.15,polymarket
2026-03-12,Clémentine Autain,0.15,polymarket
2026-03-13,Clémentine Autain,0.15,polymarket
2026-03-14,Clémentine Autain,0.15,polymarket
2026-03-17,Clémentine Autain,0.15,polymarket
2026-03-18,Clémentine Autain,0.15,polymarket
2026-03-20,Clémentine Autain,0.15,polymarket
2026-03-21,Clémentine Autain,0.15,polymarket
2026-03-22,Clémentine Autain,0.15,polymarket
2026-03-23,Clémentine Autain,0.15,polymarket
2026-03-24,Clémentine Autain,0.15,polymarket
2026-03-25,Clémentine Autain,0.15,polymarket
2026-03-26,Clémentine Autain,0.25,polymarket
2026-03-27,Clémentine Autain,0.25,polymarket
2026-04-05,Clémentine Autain,0.65,polymarket
2026-04-09,Clémentine Autain,0.65,polymarket
2026-04-12,Clémentine Autain,0.65,polymarket
2026-04-18,Clémentine Autain,0.65,polymarket
2026-04-22,Clémentine Autain,0.65,polymarket
2026-04-23,Clémentine Autain,0.65,polymarket
2026-04-24,Clémentine Autain,0.65,polymarket
2026-04-25,Clémentine Autain,0.65,polymarket
2026-04-26,Clémentine Autain,0.65,polymarket
2026-04-27,Clémentine Autain,0.65,polymarket
2026-04-28,Clémentine Autain,0.65,polymarket
2026-04-29,Clémentine Autain,0.75,polymarket
2026-04-30,Clémentine Autain,0.75,polymarket
2026-05-01,Clémentine Autain,0.75,polymarket
2026-05-02,Clémentine Autain,0.75,polymarket
2026-05-03,Clémentine Autain,0.45,polymarket
2026-05-04,Clémentine Autain,0.65,polymarket
2026-05-05,Clémentine Autain,0.65,polymarket
2026-05-06,Clémentine Autain,0.65,polymarket
2026-05-07,Clémentine Autain,0.65,polymarket
2026-05-08,Clémentine Autain,0.65,polymarket
2026-05-09,Clémentine Autain,0.65,polymarket
2026-05-10,Clémentine Autain,0.65,polymarket
2026-05-11,Clémentine Autain,0.65,polymarket
2026-05-12,Clémentine Autain,0.65,polymarket
2026-05-13,Clémentine Autain,0.65,polymarket
2026-05-14,Clémentine Autain,0.65,polymarket
2026-05-15,Clémentine Autain,0.65,polymarket
2026-05-16,Clémentine Autain,0.65,polymarket
2026-05-17,Clémentine Autain,0.65,polymarket
2026-05-18,Clémentine Autain,0.65,polymarket
2026-05-19,Clémentine Autain,0.65,polymarket
2026-05-20,Clémentine Autain,0.65,polymarket
2026-05-21,Clémentine Autain,0.65,polymarket
2026-05-22,Clémentine Autain,0.65,polymarket
2026-05-23,Clémentine Autain,0.65,polymarket
2026-05-24,Clémentine Autain,0.65,polymarket
2026-05-25,Clémentine Autain,0.65,polymarket
2026-05-26,Clémentine Autain,0.65,polymarket
2026-05-27,Clémentine Autain,0.65,polymarket
2026-05-28,Clémentine Autain,0.65,polymarket
2026-05-29,Clémentine Autain,0.65,polymarket
2026-05-30,Clémentine Autain,0.65,polymarket
2026-05-31,Clémentine Autain,0.65,polymarket
2026-06-01,Clémentine Autain,0.65,polymarket
2026-06-02,Clémentine Autain,0.65,polymarket
2026-06-03,Clémentine Autain,0.65,polymarket
2026-06-04,Clémentine Autain,0.65,polymarket
2026-06-05,Clémentine Autain,0.65,polymarket
2026-06-06,Clémentine Autain,0.65,polymarket
2026-06-07,Clémentine Autain,0.65,polymarket
2026-06-08,Clémentine Autain,0.65,polymarket
2026-06-09,Clémentine Autain,0.65,polymarket
2026-06-10,Clémentine Autain,0.65,polymarket
2026-06-11,Clémentine Autain,0.65,polymarket
2026-06-12,Clémentine Autain,0.65,polymarket
2026-06-13,Clémentine Autain,0.65,polymarket
2026-06-14,Clémentine Autain,0.65,polymarket
2026-06-15,Clémentine Autain,0.65,polymarket
2026-06-16,Clémentine Autain,0.65,polymarket
2026-06-17,Clémentine Autain,0.65,polymarket
2026-06-18,Clémentine Autain,0.65,polymarket
2026-06-19,Clémentine Autain,0.65,polymarket
2026-06-20,Clémentine Autain,0.65,polymarket
2026-06-21,Clémentine Autain,0.65,polymarket
2026-06-22,Clémentine Autain,0.65,polymarket
2026-06-23,Clémentine Autain,0.65,polymarket
2026-06-24,Clémentine Autain,0.65,polymarket
2026-06-25,Clémentine Autain,0.65,polymarket
2026-06-26,Clémentine Autain,0.65,polymarket
2026-06-27,Clémentine Autain,0.65,polymarket
2026-06-28,Clémentine Autain,0.65,polymarket
2026-06-29,Clémentine Autain,0.65,polymarket
2026-06-30,Clémentine Autain,0.65,polymarket
2026-07-01,Clémentine Autain,0.65,polymarket
2026-07-02,Clémentine Autain,0.65,polymarket
2026-07-03,Clémentine Autain,0.65,polymarket
2026-07-04,Clémentine Autain,0.65,polymarket
2026-07-05,Clémentine Autain,0.65,polymarket
2026-07-06,Clémentine Autain,0.65,polymarket
2026-07-07,Clémentine Autain,0.65,polymarket
2026-07-08,Clémentine Autain,0.65,polymarket
2026-07-09,Clémentine Autain,0.65,polymarket
2025-11-14,David Lisnard,16.5,polymarket
2025-11-15,David Lisnard,4.5,polymarket
2025-11-16,David Lisnard,5.55,polymarket
2025-11-17,David Lisnard,5.6,polymarket
2025-11-18,David Lisnard,5.25,polymarket
2025-11-19,David Lisnard,5.3,polymarket
2025-11-20,David Lisnard,5.3,polymarket
2025-11-21,David Lisnard,5.1,polymarket
2025-11-22,David Lisnard,4.05,polymarket
2025-11-23,David Lisnard,4.1,polymarket
2025-11-24,David Lisnard,4.4,polymarket
2025-11-25,David Lisnard,4.45,polymarket
2025-11-26,David Lisnard,4.95,polymarket
2025-11-27,David Lisnard,4.15,polymarket
2025-11-28,David Lisnard,4.2,polymarket
2025-11-29,David Lisnard,3.7,polymarket
2025-11-30,David Lisnard,4.35,polymarket
2025-12-01,David Lisnard,4.3,polymarket
2025-12-02,David Lisnard,4.15,polymarket
2025-12-03,David Lisnard,4.75,polymarket
2025-12-04,David Lisnard,4.8,polymarket
2025-12-05,David Lisnard,4.7,polymarket
2025-12-06,David Lisnard,4.65,polymarket
2025-12-07,David Lisnard,4.3,polymarket
2025-12-08,David Lisnard,3.95,polymarket
2025-12-09,David Lisnard,3.5,polymarket
2025-12-10,David Lisnard,3.5,polymarket
2025-12-11,David Lisnard,3.15,polymarket
2025-12-12,David Lisnard,3.1,polymarket
2025-12-13,David Lisnard,3.35,polymarket
2025-12-14,David Lisnard,3.35,polymarket
2025-12-15,David Lisnard,3.3,polymarket
2025-12-16,David Lisnard,3.15,polymarket
2025-12-17,David Lisnard,3.05,polymarket
2025-12-18,David Lisnard,3.05,polymarket
2025-12-19,David Lisnard,3.05,polymarket
2025-12-20,David Lisnard,2.8,polymarket
2025-12-21,David Lisnard,2.8,polymarket
2025-12-22,David Lisnard,2.8,polymarket
2025-12-23,David Lisnard,2.8,polymarket
2025-12-24,David Lisnard,2.75,polymarket
2025-12-25,David Lisnard,2.7,polymarket
2025-12-26,David Lisnard,2.7,polymarket
2025-12-27,David Lisnard,2.75,polymarket
2025-12-28,David Lisnard,2.8,polymarket
2025-12-29,David Lisnard,2.8,polymarket
2025-12-30,David Lisnard,2.8,polymarket
2025-12-31,David Lisnard,2.8,polymarket
2026-01-01,David Lisnard,3.05,polymarket
2026-01-02,David Lisnard,3.2,polymarket
2026-01-03,David Lisnard,3.35,polymarket
2026-01-04,David Lisnard,3.35,polymarket
2026-01-05,David Lisnard,2.85,polymarket
2026-01-06,David Lisnard,2.7,polymarket
2026-01-07,David Lisnard,3.3,polymarket
2026-01-08,David Lisnard,2.95,polymarket
2026-01-09,David Lisnard,2.65,polymarket
2026-01-10,David Lisnard,2.7,polymarket
2026-01-11,David Lisnard,2.05,polymarket
2026-01-12,David Lisnard,2.1,polymarket
2026-01-13,David Lisnard,1.95,polymarket
2026-01-14,David Lisnard,1.95,polymarket
2026-01-15,David Lisnard,1.8,polymarket
2026-01-16,David Lisnard,2.8,polymarket
2026-01-17,David Lisnard,3.7,polymarket
2026-01-18,David Lisnard,2.55,polymarket
2026-01-19,David Lisnard,1.8,polymarket
2026-01-20,David Lisnard,1.75,polymarket
2026-01-21,David Lisnard,1.8,polymarket
2026-01-22,David Lisnard,2.7,polymarket
2026-01-23,David Lisnard,3.3,polymarket
2026-01-24,David Lisnard,3.05,polymarket
2026-01-25,David Lisnard,2.55,polymarket
2026-01-26,David Lisnard,2.9,polymarket
2026-01-27,David Lisnard,2.55,polymarket
2026-01-28,David Lisnard,2.6,polymarket
2026-01-29,David Lisnard,3.95,polymarket
2026-01-30,David Lisnard,3.45,polymarket
2026-01-31,David Lisnard,4.35,polymarket
2026-02-01,David Lisnard,3.6,polymarket
2026-02-02,David Lisnard,3.65,polymarket
2026-02-03,David Lisnard,3.65,polymarket
2026-02-04,David Lisnard,3.65,polymarket
2026-02-05,David Lisnard,4.8,polymarket
2026-02-06,David Lisnard,3.65,polymarket
2026-02-07,David Lisnard,3.9,polymarket
2026-02-08,David Lisnard,4.65,polymarket
2026-02-09,David Lisnard,3.8,polymarket
2026-02-10,David Lisnard,3.25,polymarket
2026-02-11,David Lisnard,3.2,polymarket
2026-02-12,David Lisnard,2.95,polymarket
2026-02-13,David Lisnard,2.45,polymarket
2026-02-14,David Lisnard,2.35,polymarket
2026-02-15,David Lisnard,1.85,polymarket
2026-02-16,David Lisnard,2.25,polymarket
2026-02-17,David Lisnard,2.85,polymarket
2026-02-18,David Lisnard,2.7,polymarket
2026-02-19,David Lisnard,2.25,polymarket
2026-02-20,David Lisnard,2.1,polymarket
2026-02-21,David Lisnard,1.95,polymarket
2026-02-22,David Lisnard,2.05,polymarket
2026-02-23,David Lisnard,2.25,polymarket
2026-02-24,David Lisnard,2.35,polymarket
2026-02-25,David Lisnard,2.15,polymarket
2026-02-26,David Lisnard,2.35,polymarket
2026-02-27,David Lisnard,1.85,polymarket
2026-02-28,David Lisnard,2.3,polymarket
2026-03-01,David Lisnard,2.25,polymarket
2026-03-02,David Lisnard,2.05,polymarket
2026-03-03,David Lisnard,2.2,polymarket
2026-03-04,David Lisnard,1.95,polymarket
2026-03-05,David Lisnard,2.45,polymarket
2026-03-06,David Lisnard,2.4,polymarket
2026-03-07,David Lisnard,1.95,polymarket
2026-03-08,David Lisnard,1.95,polymarket
2026-03-09,David Lisnard,2.3,polymarket
2026-03-10,David Lisnard,1.85,polymarket
2026-03-11,David Lisnard,1.7,polymarket
2026-03-12,David Lisnard,1.45,polymarket
2026-03-14,David Lisnard,1.7,polymarket
2026-03-15,David Lisnard,1.65,polymarket
2026-03-16,David Lisnard,1.7,polymarket
2026-03-17,David Lisnard,1.7,polymarket
2026-03-18,David Lisnard,1.65,polymarket
2026-03-19,David Lisnard,1.65,polymarket
2026-03-20,David Lisnard,1.55,polymarket
2026-03-21,David Lisnard,1.8,polymarket
2026-03-22,David Lisnard,1.85,polymarket
2026-03-23,David Lisnard,1.6,polymarket
2026-03-24,David Lisnard,1.75,polymarket
2026-03-25,David Lisnard,1.95,polymarket
2026-03-26,David Lisnard,3.75,polymarket
2026-03-27,David Lisnard,3.8,polymarket
2026-03-28,David Lisnard,2.95,polymarket
2026-03-29,David Lisnard,2.8,polymarket
2026-03-30,David Lisnard,2.75,polymarket
2026-03-31,David Lisnard,2.7,polymarket
2026-04-01,David Lisnard,4.3,polymarket
2026-04-02,David Lisnard,4.95,polymarket
2026-04-09,David Lisnard,5.95,polymarket
2026-04-19,David Lisnard,3.55,polymarket
2026-04-20,David Lisnard,4.35,polymarket
2026-04-22,David Lisnard,3.85,polymarket
2026-04-23,David Lisnard,3.85,polymarket
2026-04-24,David Lisnard,3.95,polymarket
2026-04-25,David Lisnard,3.75,polymarket
2026-04-26,David Lisnard,3.9,polymarket
2026-04-27,David Lisnard,3.65,polymarket
2026-04-28,David Lisnard,3.45,polymarket
2026-04-29,David Lisnard,3.65,polymarket
2026-04-30,David Lisnard,3.65,polymarket
2026-05-01,David Lisnard,3.65,polymarket
2026-05-02,David Lisnard,3.85,polymarket
2026-05-03,David Lisnard,5.75,polymarket
2026-05-04,David Lisnard,5.75,polymarket
2026-05-05,David Lisnard,5.35,polymarket
2026-05-06,David Lisnard,5.8,polymarket
2026-05-07,David Lisnard,5.35,polymarket
2026-05-08,David Lisnard,5.85,polymarket
2026-05-09,David Lisnard,5.45,polymarket
2026-05-10,David Lisnard,5.45,polymarket
2026-05-11,David Lisnard,5.25,polymarket
2026-05-12,David Lisnard,4.9,polymarket
2026-05-13,David Lisnard,4.85,polymarket
2026-05-14,David Lisnard,4.85,polymarket
2026-05-15,David Lisnard,4.65,polymarket
2026-05-16,David Lisnard,4.65,polymarket
2026-05-17,David Lisnard,4.65,polymarket
2026-05-18,David Lisnard,4.55,polymarket
2026-05-19,David Lisnard,4.45,polymarket
2026-05-20,David Lisnard,4.45,polymarket
2026-05-21,David Lisnard,4.45,polymarket
2026-05-22,David Lisnard,4.4,polymarket
2026-05-23,David Lisnard,4.25,polymarket
2026-05-24,David Lisnard,4.35,polymarket
2026-05-25,David Lisnard,4.35,polymarket
2026-05-26,David Lisnard,4.15,polymarket
2026-05-27,David Lisnard,4.15,polymarket
2026-05-28,David Lisnard,3.95,polymarket
2026-05-29,David Lisnard,3.65,polymarket
2026-05-30,David Lisnard,3.65,polymarket
2026-05-31,David Lisnard,3.55,polymarket
2026-06-01,David Lisnard,3.45,polymarket
2026-06-02,David Lisnard,3.15,polymarket
2026-06-03,David Lisnard,2.65,polymarket
2026-06-04,David Lisnard,2.15,polymarket
2026-06-05,David Lisnard,3.0,polymarket
2026-06-06,David Lisnard,3.3,polymarket
2026-06-07,David Lisnard,3.15,polymarket
2026-06-08,David Lisnard,3.15,polymarket
2026-06-09,David Lisnard,3.15,polymarket
2026-06-10,David Lisnard,3.15,polymarket
2026-06-11,David Lisnard,2.5,polymarket
2026-06-12,David Lisnard,2.45,polymarket
2026-06-13,David Lisnard,2.2,polymarket
2026-06-14,David Lisnard,2.3,polymarket
2026-06-15,David Lisnard,2.15,polymarket
2026-06-16,David Lisnard,2.15,polymarket
2026-06-17,David Lisnard,2.15,polymarket
2026-06-18,David Lisnard,2.15,polymarket
2026-06-19,David Lisnard,2.15,polymarket
2026-06-20,David Lisnard,2.05,polymarket
2026-06-21,David Lisnard,2.05,polymarket
2026-06-22,David Lisnard,2.05,polymarket
2026-06-23,David Lisnard,1.9,polymarket
2026-06-24,David Lisnard,1.85,polymarket
2026-06-25,David Lisnard,1.85,polymarket
2026-06-26,David Lisnard,1.85,polymarket
2026-06-27,David Lisnard,1.65,polymarket
2026-06-28,David Lisnard,1.7,polymarket
2026-06-29,David Lisnard,1.65,polymarket
2026-06-30,David Lisnard,1.55,polymarket
2026-07-01,David Lisnard,1.55,polymarket
2026-07-02,David Lisnard,1.55,polymarket
2026-07-03,David Lisnard,1.55,polymarket
2026-07-04,David Lisnard,1.55,polymarket
2026-07-05,David Lisnard,1.55,polymarket
2026-07-06,David Lisnard,1.55,polymarket
2026-07-07,David Lisnard,1.55,polymarket
2026-07-08,David Lisnard,1.45,polymarket
2026-07-09,David Lisnard,1.45,polymarket
2025-11-14,Dominique de Villepin,41.0,polymarket
2025-11-15,Dominique de Villepin,2.55,polymarket
2025-11-16,Dominique de Villepin,3.2,polymarket
2025-11-17,Dominique de Villepin,3.35,polymarket
2025-11-18,Dominique de Villepin,3.4,polymarket
2025-11-19,Dominique de Villepin,3.4,polymarket
2025-11-20,Dominique de Villepin,3.15,polymarket
2025-11-21,Dominique de Villepin,3.5,polymarket
2025-11-22,Dominique de Villepin,2.7,polymarket
2025-11-23,Dominique de Villepin,9.65,polymarket
2025-11-24,Dominique de Villepin,8.75,polymarket
2025-11-25,Dominique de Villepin,7.9,polymarket
2025-11-26,Dominique de Villepin,6.0,polymarket
2025-11-27,Dominique de Villepin,5.2,polymarket
2025-11-28,Dominique de Villepin,4.5,polymarket
2025-11-29,Dominique de Villepin,3.0,polymarket
2025-11-30,Dominique de Villepin,3.1,polymarket
2025-12-01,Dominique de Villepin,3.15,polymarket
2025-12-02,Dominique de Villepin,3.45,polymarket
2025-12-03,Dominique de Villepin,3.7,polymarket
2025-12-04,Dominique de Villepin,3.75,polymarket
2025-12-05,Dominique de Villepin,3.7,polymarket
2025-12-06,Dominique de Villepin,3.4,polymarket
2025-12-07,Dominique de Villepin,3.4,polymarket
2025-12-08,Dominique de Villepin,4.15,polymarket
2025-12-09,Dominique de Villepin,4.1,polymarket
2025-12-10,Dominique de Villepin,3.6,polymarket
2025-12-11,Dominique de Villepin,3.65,polymarket
2025-12-12,Dominique de Villepin,6.95,polymarket
2025-12-13,Dominique de Villepin,6.45,polymarket
2025-12-14,Dominique de Villepin,6.3,polymarket
2025-12-15,Dominique de Villepin,6.0,polymarket
2025-12-16,Dominique de Villepin,4.25,polymarket
2025-12-17,Dominique de Villepin,4.05,polymarket
2025-12-18,Dominique de Villepin,4.25,polymarket
2025-12-19,Dominique de Villepin,4.0,polymarket
2025-12-20,Dominique de Villepin,3.95,polymarket
2025-12-21,Dominique de Villepin,3.9,polymarket
2025-12-22,Dominique de Villepin,3.85,polymarket
2025-12-23,Dominique de Villepin,3.4,polymarket
2025-12-24,Dominique de Villepin,4.45,polymarket
2025-12-25,Dominique de Villepin,3.85,polymarket
2025-12-26,Dominique de Villepin,3.75,polymarket
2025-12-27,Dominique de Villepin,4.05,polymarket
2025-12-28,Dominique de Villepin,3.6,polymarket
2025-12-29,Dominique de Villepin,6.25,polymarket
2025-12-30,Dominique de Villepin,9.2,polymarket
2025-12-31,Dominique de Villepin,3.1,polymarket
2026-01-01,Dominique de Villepin,3.35,polymarket
2026-01-02,Dominique de Villepin,3.55,polymarket
2026-01-03,Dominique de Villepin,3.55,polymarket
2026-01-04,Dominique de Villepin,5.4,polymarket
2026-01-05,Dominique de Villepin,7.7,polymarket
2026-01-06,Dominique de Villepin,6.95,polymarket
2026-01-07,Dominique de Villepin,4.95,polymarket
2026-01-08,Dominique de Villepin,5.25,polymarket
2026-01-09,Dominique de Villepin,7.1,polymarket
2026-01-10,Dominique de Villepin,9.7,polymarket
2026-01-11,Dominique de Villepin,7.8,polymarket
2026-01-12,Dominique de Villepin,7.45,polymarket
2026-01-13,Dominique de Villepin,6.85,polymarket
2026-01-14,Dominique de Villepin,8.65,polymarket
2026-01-15,Dominique de Villepin,7.5,polymarket
2026-01-16,Dominique de Villepin,7.1,polymarket
2026-01-17,Dominique de Villepin,7.2,polymarket
2026-01-18,Dominique de Villepin,8.5,polymarket
2026-01-19,Dominique de Villepin,7.25,polymarket
2026-01-20,Dominique de Villepin,6.3,polymarket
2026-01-21,Dominique de Villepin,6.25,polymarket
2026-01-22,Dominique de Villepin,7.6,polymarket
2026-01-23,Dominique de Villepin,7.45,polymarket
2026-01-24,Dominique de Villepin,7.75,polymarket
2026-01-25,Dominique de Villepin,7.55,polymarket
2026-01-26,Dominique de Villepin,9.3,polymarket
2026-01-27,Dominique de Villepin,7.55,polymarket
2026-01-28,Dominique de Villepin,6.75,polymarket
2026-01-29,Dominique de Villepin,6.55,polymarket
2026-01-30,Dominique de Villepin,6.75,polymarket
2026-01-31,Dominique de Villepin,8.55,polymarket
2026-02-01,Dominique de Villepin,7.8,polymarket
2026-02-02,Dominique de Villepin,6.75,polymarket
2026-02-03,Dominique de Villepin,6.45,polymarket
2026-02-04,Dominique de Villepin,6.35,polymarket
2026-02-05,Dominique de Villepin,7.85,polymarket
2026-02-06,Dominique de Villepin,7.35,polymarket
2026-02-07,Dominique de Villepin,7.15,polymarket
2026-02-08,Dominique de Villepin,8.1,polymarket
2026-02-09,Dominique de Villepin,7.8,polymarket
2026-02-10,Dominique de Villepin,7.6,polymarket
2026-02-11,Dominique de Villepin,6.75,polymarket
2026-02-12,Dominique de Villepin,6.65,polymarket
2026-02-13,Dominique de Villepin,7.05,polymarket
2026-02-14,Dominique de Villepin,6.35,polymarket
2026-02-15,Dominique de Villepin,6.25,polymarket
2026-02-16,Dominique de Villepin,7.6,polymarket
2026-02-17,Dominique de Villepin,7.2,polymarket
2026-02-18,Dominique de Villepin,6.65,polymarket
2026-02-19,Dominique de Villepin,6.55,polymarket
2026-02-20,Dominique de Villepin,6.05,polymarket
2026-02-21,Dominique de Villepin,6.05,polymarket
2026-02-22,Dominique de Villepin,6.35,polymarket
2026-02-23,Dominique de Villepin,6.35,polymarket
2026-02-24,Dominique de Villepin,6.6,polymarket
2026-02-25,Dominique de Villepin,6.7,polymarket
2026-02-26,Dominique de Villepin,6.45,polymarket
2026-02-27,Dominique de Villepin,5.65,polymarket
2026-02-28,Dominique de Villepin,5.5,polymarket
2026-03-01,Dominique de Villepin,5.65,polymarket
2026-03-02,Dominique de Villepin,6.35,polymarket
2026-03-03,Dominique de Villepin,6.65,polymarket
2026-03-04,Dominique de Villepin,6.65,polymarket
2026-03-05,Dominique de Villepin,5.75,polymarket
2026-03-06,Dominique de Villepin,5.55,polymarket
2026-03-07,Dominique de Villepin,5.2,polymarket
2026-03-08,Dominique de Villepin,5.9,polymarket
2026-03-09,Dominique de Villepin,7.2,polymarket
2026-03-10,Dominique de Villepin,6.15,polymarket
2026-03-11,Dominique de Villepin,6.95,polymarket
2026-03-12,Dominique de Villepin,6.35,polymarket
2026-03-13,Dominique de Villepin,6.65,polymarket
2026-03-14,Dominique de Villepin,6.65,polymarket
2026-03-15,Dominique de Villepin,6.35,polymarket
2026-03-17,Dominique de Villepin,6.65,polymarket
2026-03-18,Dominique de Villepin,6.95,polymarket
2026-03-19,Dominique de Villepin,6.5,polymarket
2026-03-20,Dominique de Villepin,6.9,polymarket
2026-03-21,Dominique de Villepin,6.55,polymarket
2026-03-22,Dominique de Villepin,7.4,polymarket
2026-03-23,Dominique de Villepin,6.35,polymarket
2026-03-24,Dominique de Villepin,5.9,polymarket
2026-03-25,Dominique de Villepin,5.65,polymarket
2026-03-26,Dominique de Villepin,5.25,polymarket
2026-03-27,Dominique de Villepin,5.05,polymarket
2026-03-28,Dominique de Villepin,5.05,polymarket
2026-03-29,Dominique de Villepin,4.95,polymarket
2026-04-09,Dominique de Villepin,6.4,polymarket
2026-04-22,Dominique de Villepin,5.55,polymarket
2026-04-23,Dominique de Villepin,5.55,polymarket
2026-04-24,Dominique de Villepin,5.65,polymarket
2026-04-25,Dominique de Villepin,5.55,polymarket
2026-04-26,Dominique de Villepin,5.5,polymarket
2026-04-27,Dominique de Villepin,5.5,polymarket
2026-04-28,Dominique de Villepin,5.15,polymarket
2026-04-29,Dominique de Villepin,5.2,polymarket
2026-04-30,Dominique de Villepin,5.35,polymarket
2026-05-01,Dominique de Villepin,5.35,polymarket
2026-05-02,Dominique de Villepin,5.55,polymarket
2026-05-03,Dominique de Villepin,5.5,polymarket
2026-05-04,Dominique de Villepin,5.25,polymarket
2026-05-05,Dominique de Villepin,5.25,polymarket
2026-05-06,Dominique de Villepin,5.35,polymarket
2026-05-07,Dominique de Villepin,5.35,polymarket
2026-05-08,Dominique de Villepin,5.25,polymarket
2026-05-09,Dominique de Villepin,5.25,polymarket
2026-05-10,Dominique de Villepin,5.25,polymarket
2026-05-11,Dominique de Villepin,5.25,polymarket
2026-05-12,Dominique de Villepin,4.85,polymarket
2026-05-13,Dominique de Villepin,4.65,polymarket
2026-05-14,Dominique de Villepin,4.7,polymarket
2026-05-15,Dominique de Villepin,4.55,polymarket
2026-05-16,Dominique de Villepin,4.55,polymarket
2026-05-17,Dominique de Villepin,4.75,polymarket
2026-05-18,Dominique de Villepin,4.75,polymarket
2026-05-19,Dominique de Villepin,4.65,polymarket
2026-05-20,Dominique de Villepin,4.75,polymarket
2026-05-21,Dominique de Villepin,4.8,polymarket
2026-05-22,Dominique de Villepin,4.65,polymarket
2026-05-23,Dominique de Villepin,4.65,polymarket
2026-05-24,Dominique de Villepin,4.55,polymarket
2026-05-25,Dominique de Villepin,4.45,polymarket
2026-05-26,Dominique de Villepin,4.35,polymarket
2026-05-27,Dominique de Villepin,4.15,polymarket
2026-05-28,Dominique de Villepin,4.25,polymarket
2026-05-29,Dominique de Villepin,4.3,polymarket
2026-05-30,Dominique de Villepin,4.3,polymarket
2026-05-31,Dominique de Villepin,4.05,polymarket
2026-06-01,Dominique de Villepin,4.25,polymarket
2026-06-02,Dominique de Villepin,4.25,polymarket
2026-06-03,Dominique de Villepin,4.5,polymarket
2026-06-04,Dominique de Villepin,4.35,polymarket
2026-06-05,Dominique de Villepin,4.35,polymarket
2026-06-06,Dominique de Villepin,4.35,polymarket
2026-06-07,Dominique de Villepin,4.35,polymarket
2026-06-08,Dominique de Villepin,4.35,polymarket
2026-06-09,Dominique de Villepin,4.45,polymarket
2026-06-10,Dominique de Villepin,4.35,polymarket
2026-06-11,Dominique de Villepin,3.55,polymarket
2026-06-12,Dominique de Villepin,3.45,polymarket
2026-06-13,Dominique de Villepin,3.35,polymarket
2026-06-14,Dominique de Villepin,3.25,polymarket
2026-06-15,Dominique de Villepin,3.15,polymarket
2026-06-16,Dominique de Villepin,3.55,polymarket
2026-06-17,Dominique de Villepin,3.9,polymarket
2026-06-18,Dominique de Villepin,3.85,polymarket
2026-06-19,Dominique de Villepin,3.8,polymarket
2026-06-20,Dominique de Villepin,3.9,polymarket
2026-06-21,Dominique de Villepin,3.75,polymarket
2026-06-22,Dominique de Villepin,3.65,polymarket
2026-06-23,Dominique de Villepin,3.7,polymarket
2026-06-24,Dominique de Villepin,3.75,polymarket
2026-06-25,Dominique de Villepin,3.75,polymarket
2026-06-26,Dominique de Villepin,3.5,polymarket
2026-06-27,Dominique de Villepin,3.45,polymarket
2026-06-28,Dominique de Villepin,3.45,polymarket
2026-06-29,Dominique de Villepin,3.45,polymarket
2026-06-30,Dominique de Villepin,3.4,polymarket
2026-07-01,Dominique de Villepin,3.05,polymarket
2026-07-02,Dominique de Villepin,2.75,polymarket
2026-07-03,Dominique de Villepin,2.85,polymarket
2026-07-04,Dominique de Villepin,3.0,polymarket
2026-07-05,Dominique de Villepin,3.0,polymarket
2026-07-06,Dominique de Villepin,2.95,polymarket
2026-07-07,Dominique de Villepin,2.85,polymarket
2026-07-08,Dominique de Villepin,2.65,polymarket
2026-07-09,Dominique de Villepin,2.45,polymarket
2025-11-14,Fabien Roussel,15.0,polymarket
2025-11-15,Fabien Roussel,1.05,polymarket
2025-11-16,Fabien Roussel,1.0,polymarket
2025-11-17,Fabien Roussel,1.0,polymarket
2025-11-18,Fabien Roussel,0.9,polymarket
2025-11-19,Fabien Roussel,0.75,polymarket
2025-11-20,Fabien Roussel,0.75,polymarket
2025-11-21,Fabien Roussel,0.5,polymarket
2025-11-22,Fabien Roussel,0.5,polymarket
2025-11-23,Fabien Roussel,0.45,polymarket
2025-11-24,Fabien Roussel,0.45,polymarket
2025-11-25,Fabien Roussel,0.5,polymarket
2025-11-26,Fabien Roussel,0.5,polymarket
2025-11-27,Fabien Roussel,0.45,polymarket
2025-11-28,Fabien Roussel,0.45,polymarket
2025-11-29,Fabien Roussel,0.35,polymarket
2025-11-30,Fabien Roussel,0.2,polymarket
2025-12-01,Fabien Roussel,0.2,polymarket
2025-12-02,Fabien Roussel,0.35,polymarket
2025-12-03,Fabien Roussel,0.55,polymarket
2025-12-04,Fabien Roussel,0.45,polymarket
2025-12-05,Fabien Roussel,0.3,polymarket
2025-12-06,Fabien Roussel,0.25,polymarket
2025-12-07,Fabien Roussel,0.25,polymarket
2025-12-08,Fabien Roussel,0.35,polymarket
2025-12-09,Fabien Roussel,0.25,polymarket
2025-12-10,Fabien Roussel,0.25,polymarket
2025-12-11,Fabien Roussel,0.25,polymarket
2025-12-12,Fabien Roussel,0.25,polymarket
2025-12-13,Fabien Roussel,0.25,polymarket
2025-12-14,Fabien Roussel,0.2,polymarket
2025-12-15,Fabien Roussel,0.2,polymarket
2025-12-16,Fabien Roussel,0.2,polymarket
2025-12-17,Fabien Roussel,0.2,polymarket
2025-12-18,Fabien Roussel,0.2,polymarket
2025-12-19,Fabien Roussel,0.2,polymarket
2025-12-20,Fabien Roussel,0.2,polymarket
2025-12-21,Fabien Roussel,0.2,polymarket
2025-12-22,Fabien Roussel,0.25,polymarket
2025-12-23,Fabien Roussel,0.25,polymarket
2025-12-24,Fabien Roussel,0.25,polymarket
2025-12-25,Fabien Roussel,0.25,polymarket
2025-12-26,Fabien Roussel,0.25,polymarket
2025-12-27,Fabien Roussel,0.25,polymarket
2025-12-28,Fabien Roussel,0.25,polymarket
2025-12-29,Fabien Roussel,0.25,polymarket
2025-12-30,Fabien Roussel,0.25,polymarket
2025-12-31,Fabien Roussel,0.25,polymarket
2026-01-01,Fabien Roussel,0.2,polymarket
2026-01-02,Fabien Roussel,0.2,polymarket
2026-01-03,Fabien Roussel,0.15,polymarket
2026-01-04,Fabien Roussel,0.15,polymarket
2026-01-05,Fabien Roussel,0.25,polymarket
2026-01-06,Fabien Roussel,0.15,polymarket
2026-01-07,Fabien Roussel,0.15,polymarket
2026-01-08,Fabien Roussel,0.15,polymarket
2026-01-09,Fabien Roussel,0.15,polymarket
2026-01-10,Fabien Roussel,0.15,polymarket
2026-01-11,Fabien Roussel,0.15,polymarket
2026-01-12,Fabien Roussel,0.15,polymarket
2026-01-13,Fabien Roussel,0.15,polymarket
2026-01-14,Fabien Roussel,0.15,polymarket
2026-01-15,Fabien Roussel,0.15,polymarket
2026-01-16,Fabien Roussel,0.15,polymarket
2026-01-17,Fabien Roussel,0.15,polymarket
2026-01-18,Fabien Roussel,0.15,polymarket
2026-01-19,Fabien Roussel,0.15,polymarket
2026-01-20,Fabien Roussel,0.15,polymarket
2026-01-21,Fabien Roussel,0.15,polymarket
2026-01-22,Fabien Roussel,0.15,polymarket
2026-01-23,Fabien Roussel,0.15,polymarket
2026-01-24,Fabien Roussel,0.15,polymarket
2026-01-25,Fabien Roussel,0.15,polymarket
2026-01-26,Fabien Roussel,0.15,polymarket
2026-01-27,Fabien Roussel,0.15,polymarket
2026-01-28,Fabien Roussel,0.15,polymarket
2026-01-29,Fabien Roussel,0.15,polymarket
2026-01-30,Fabien Roussel,0.15,polymarket
2026-01-31,Fabien Roussel,0.15,polymarket
2026-02-01,Fabien Roussel,0.15,polymarket
2026-02-02,Fabien Roussel,0.15,polymarket
2026-02-03,Fabien Roussel,0.15,polymarket
2026-02-04,Fabien Roussel,0.15,polymarket
2026-02-05,Fabien Roussel,0.15,polymarket
2026-02-06,Fabien Roussel,0.15,polymarket
2026-02-07,Fabien Roussel,0.15,polymarket
2026-02-08,Fabien Roussel,0.2,polymarket
2026-02-09,Fabien Roussel,0.2,polymarket
2026-02-10,Fabien Roussel,0.25,polymarket
2026-02-11,Fabien Roussel,0.15,polymarket
2026-02-12,Fabien Roussel,0.15,polymarket
2026-02-13,Fabien Roussel,0.15,polymarket
2026-02-14,Fabien Roussel,0.15,polymarket
2026-02-15,Fabien Roussel,0.25,polymarket
2026-02-16,Fabien Roussel,0.25,polymarket
2026-02-17,Fabien Roussel,0.25,polymarket
2026-02-18,Fabien Roussel,0.25,polymarket
2026-02-19,Fabien Roussel,0.25,polymarket
2026-02-20,Fabien Roussel,0.25,polymarket
2026-02-21,Fabien Roussel,0.25,polymarket
2026-02-22,Fabien Roussel,0.25,polymarket
2026-02-23,Fabien Roussel,0.25,polymarket
2026-02-24,Fabien Roussel,0.25,polymarket
2026-02-25,Fabien Roussel,0.25,polymarket
2026-02-26,Fabien Roussel,0.25,polymarket
2026-02-27,Fabien Roussel,0.25,polymarket
2026-02-28,Fabien Roussel,0.25,polymarket
2026-03-02,Fabien Roussel,0.15,polymarket
2026-03-03,Fabien Roussel,0.15,polymarket
2026-03-04,Fabien Roussel,0.15,polymarket
2026-03-05,Fabien Roussel,0.15,polymarket
2026-03-06,Fabien Roussel,0.15,polymarket
2026-03-07,Fabien Roussel,4.3,polymarket
2026-03-08,Fabien Roussel,1.05,polymarket
2026-03-09,Fabien Roussel,0.75,polymarket
2026-03-10,Fabien Roussel,0.7,polymarket
2026-03-11,Fabien Roussel,0.3,polymarket
2026-03-12,Fabien Roussel,0.25,polymarket
2026-03-14,Fabien Roussel,0.3,polymarket
2026-03-15,Fabien Roussel,0.3,polymarket
2026-03-16,Fabien Roussel,0.25,polymarket
2026-03-17,Fabien Roussel,0.25,polymarket
2026-03-18,Fabien Roussel,0.25,polymarket
2026-03-19,Fabien Roussel,0.25,polymarket
2026-03-20,Fabien Roussel,0.15,polymarket
2026-03-21,Fabien Roussel,0.15,polymarket
2026-03-22,Fabien Roussel,0.15,polymarket
2026-03-23,Fabien Roussel,0.15,polymarket
2026-03-24,Fabien Roussel,0.2,polymarket
2026-03-25,Fabien Roussel,0.15,polymarket
2026-03-26,Fabien Roussel,0.15,polymarket
2026-03-27,Fabien Roussel,0.25,polymarket
2026-03-28,Fabien Roussel,1.0,polymarket
2026-03-29,Fabien Roussel,0.3,polymarket
2026-03-30,Fabien Roussel,0.25,polymarket
2026-03-31,Fabien Roussel,0.25,polymarket
2026-04-01,Fabien Roussel,0.25,polymarket
2026-04-02,Fabien Roussel,0.25,polymarket
2026-04-03,Fabien Roussel,0.25,polymarket
2026-04-04,Fabien Roussel,0.35,polymarket
2026-04-06,Fabien Roussel,0.95,polymarket
2026-04-07,Fabien Roussel,0.95,polymarket
2026-04-08,Fabien Roussel,0.95,polymarket
2026-04-09,Fabien Roussel,0.95,polymarket
2026-04-10,Fabien Roussel,0.95,polymarket
2026-04-11,Fabien Roussel,0.95,polymarket
2026-04-13,Fabien Roussel,0.95,polymarket
2026-04-15,Fabien Roussel,0.95,polymarket
2026-04-16,Fabien Roussel,0.95,polymarket
2026-04-22,Fabien Roussel,0.95,polymarket
2026-04-23,Fabien Roussel,0.95,polymarket
2026-04-24,Fabien Roussel,0.95,polymarket
2026-04-25,Fabien Roussel,0.85,polymarket
2026-04-26,Fabien Roussel,0.85,polymarket
2026-04-27,Fabien Roussel,0.65,polymarket
2026-04-28,Fabien Roussel,0.45,polymarket
2026-04-29,Fabien Roussel,0.85,polymarket
2026-04-30,Fabien Roussel,0.85,polymarket
2026-05-01,Fabien Roussel,0.8,polymarket
2026-05-02,Fabien Roussel,0.75,polymarket
2026-05-03,Fabien Roussel,0.65,polymarket
2026-05-04,Fabien Roussel,0.65,polymarket
2026-05-05,Fabien Roussel,0.65,polymarket
2026-05-06,Fabien Roussel,0.65,polymarket
2026-05-07,Fabien Roussel,0.65,polymarket
2026-05-08,Fabien Roussel,0.65,polymarket
2026-05-09,Fabien Roussel,0.65,polymarket
2026-05-10,Fabien Roussel,0.65,polymarket
2026-05-11,Fabien Roussel,0.65,polymarket
2026-05-12,Fabien Roussel,0.65,polymarket
2026-05-13,Fabien Roussel,0.55,polymarket
2026-05-14,Fabien Roussel,0.65,polymarket
2026-05-15,Fabien Roussel,0.65,polymarket
2026-05-16,Fabien Roussel,0.65,polymarket
2026-05-17,Fabien Roussel,0.65,polymarket
2026-05-18,Fabien Roussel,0.65,polymarket
2026-05-19,Fabien Roussel,0.65,polymarket
2026-05-20,Fabien Roussel,0.65,polymarket
2026-05-21,Fabien Roussel,0.65,polymarket
2026-05-22,Fabien Roussel,0.65,polymarket
2026-05-23,Fabien Roussel,0.65,polymarket
2026-05-24,Fabien Roussel,0.65,polymarket
2026-05-25,Fabien Roussel,0.65,polymarket
2026-05-26,Fabien Roussel,0.65,polymarket
2026-05-27,Fabien Roussel,0.65,polymarket
2026-05-28,Fabien Roussel,0.75,polymarket
2026-05-29,Fabien Roussel,0.75,polymarket
2026-05-30,Fabien Roussel,0.75,polymarket
2026-05-31,Fabien Roussel,0.75,polymarket
2026-06-01,Fabien Roussel,0.75,polymarket
2026-06-02,Fabien Roussel,0.75,polymarket
2026-06-03,Fabien Roussel,0.75,polymarket
2026-06-04,Fabien Roussel,0.65,polymarket
2026-06-05,Fabien Roussel,0.65,polymarket
2026-06-06,Fabien Roussel,0.65,polymarket
2026-06-07,Fabien Roussel,0.65,polymarket
2026-06-08,Fabien Roussel,0.65,polymarket
2026-06-09,Fabien Roussel,0.65,polymarket
2026-06-10,Fabien Roussel,0.65,polymarket
2026-06-11,Fabien Roussel,0.65,polymarket
2026-06-12,Fabien Roussel,0.65,polymarket
2026-06-13,Fabien Roussel,0.65,polymarket
2026-06-14,Fabien Roussel,0.65,polymarket
2026-06-15,Fabien Roussel,0.65,polymarket
2026-06-16,Fabien Roussel,0.65,polymarket
2026-06-17,Fabien Roussel,0.65,polymarket
2026-06-18,Fabien Roussel,0.65,polymarket
2026-06-19,Fabien Roussel,0.65,polymarket
2026-06-20,Fabien Roussel,0.65,polymarket
2026-06-21,Fabien Roussel,0.65,polymarket
2026-06-22,Fabien Roussel,0.65,polymarket
2026-06-23,Fabien Roussel,0.65,polymarket
2026-06-24,Fabien Roussel,0.65,polymarket
2026-06-25,Fabien Roussel,0.65,polymarket
2026-06-26,Fabien Roussel,0.65,polymarket
2026-06-27,Fabien Roussel,0.65,polymarket
2026-06-28,Fabien Roussel,0.65,polymarket
2026-06-29,Fabien Roussel,0.65,polymarket
2026-06-30,Fabien Roussel,0.65,polymarket
2026-07-01,Fabien Roussel,0.65,polymarket
2026-07-02,Fabien Roussel,0.65,polymarket
2026-07-03,Fabien Roussel,0.65,polymarket
2026-07-04,Fabien Roussel,0.65,polymarket
2026-07-05,Fabien Roussel,0.65,polymarket
2026-07-06,Fabien Roussel,0.65,polymarket
2026-07-07,Fabien Roussel,0.65,polymarket
2026-07-08,Fabien Roussel,0.65,polymarket
2026-07-09,Fabien Roussel,0.65,polymarket
2025-11-14,François Asselineau,5.0,polymarket
2025-11-15,François Asselineau,1.45,polymarket
2025-11-16,François Asselineau,0.25,polymarket
2025-11-17,François Asselineau,0.25,polymarket
2025-11-18,François Asselineau,3.15,polymarket
2025-11-19,François Asselineau,2.3,polymarket
2025-11-20,François Asselineau,0.65,polymarket
2025-11-21,François Asselineau,0.45,polymarket
2025-11-22,François Asselineau,0.3,polymarket
2025-11-23,François Asselineau,0.3,polymarket
2025-11-24,François Asselineau,0.3,polymarket
2025-11-25,François Asselineau,0.3,polymarket
2025-11-26,François Asselineau,0.3,polymarket
2025-11-27,François Asselineau,0.35,polymarket
2025-11-28,François Asselineau,0.35,polymarket
2025-11-29,François Asselineau,0.3,polymarket
2025-11-30,François Asselineau,0.2,polymarket
2025-12-01,François Asselineau,0.2,polymarket
2025-12-02,François Asselineau,0.2,polymarket
2025-12-03,François Asselineau,0.2,polymarket
2025-12-04,François Asselineau,0.2,polymarket
2025-12-05,François Asselineau,0.2,polymarket
2025-12-06,François Asselineau,0.25,polymarket
2025-12-07,François Asselineau,0.2,polymarket
2025-12-08,François Asselineau,0.2,polymarket
2025-12-09,François Asselineau,0.2,polymarket
2025-12-10,François Asselineau,0.25,polymarket
2025-12-11,François Asselineau,0.25,polymarket
2025-12-12,François Asselineau,0.25,polymarket
2025-12-13,François Asselineau,0.2,polymarket
2025-12-14,François Asselineau,0.2,polymarket
2025-12-15,François Asselineau,0.2,polymarket
2025-12-16,François Asselineau,0.2,polymarket
2025-12-17,François Asselineau,0.7,polymarket
2025-12-18,François Asselineau,0.65,polymarket
2025-12-19,François Asselineau,0.4,polymarket
2025-12-20,François Asselineau,0.3,polymarket
2025-12-21,François Asselineau,0.2,polymarket
2025-12-22,François Asselineau,0.25,polymarket
2025-12-23,François Asselineau,0.25,polymarket
2025-12-24,François Asselineau,0.2,polymarket
2025-12-25,François Asselineau,0.2,polymarket
2025-12-26,François Asselineau,0.2,polymarket
2025-12-27,François Asselineau,0.25,polymarket
2025-12-28,François Asselineau,0.25,polymarket
2025-12-29,François Asselineau,0.2,polymarket
2025-12-30,François Asselineau,0.2,polymarket
2025-12-31,François Asselineau,0.2,polymarket
2026-01-01,François Asselineau,0.15,polymarket
2026-01-02,François Asselineau,0.15,polymarket
2026-01-03,François Asselineau,0.15,polymarket
2026-01-04,François Asselineau,0.15,polymarket
2026-01-05,François Asselineau,0.15,polymarket
2026-01-06,François Asselineau,0.15,polymarket
2026-01-07,François Asselineau,0.15,polymarket
2026-01-08,François Asselineau,0.2,polymarket
2026-01-09,François Asselineau,0.2,polymarket
2026-01-10,François Asselineau,0.15,polymarket
2026-01-11,François Asselineau,0.15,polymarket
2026-01-12,François Asselineau,0.15,polymarket
2026-01-13,François Asselineau,0.15,polymarket
2026-01-14,François Asselineau,0.15,polymarket
2026-01-15,François Asselineau,0.15,polymarket
2026-01-16,François Asselineau,0.15,polymarket
2026-01-17,François Asselineau,0.15,polymarket
2026-01-18,François Asselineau,0.15,polymarket
2026-01-19,François Asselineau,0.15,polymarket
2026-01-20,François Asselineau,0.15,polymarket
2026-01-21,François Asselineau,0.15,polymarket
2026-01-22,François Asselineau,0.15,polymarket
2026-01-23,François Asselineau,0.15,polymarket
2026-01-24,François Asselineau,0.15,polymarket
2026-01-25,François Asselineau,0.15,polymarket
2026-01-26,François Asselineau,0.15,polymarket
2026-01-27,François Asselineau,0.15,polymarket
2026-01-28,François Asselineau,0.25,polymarket
2026-01-29,François Asselineau,0.2,polymarket
2026-01-30,François Asselineau,0.25,polymarket
2026-01-31,François Asselineau,0.15,polymarket
2026-02-01,François Asselineau,0.15,polymarket
2026-02-02,François Asselineau,0.15,polymarket
2026-02-03,François Asselineau,0.15,polymarket
2026-02-04,François Asselineau,0.15,polymarket
2026-02-05,François Asselineau,0.15,polymarket
2026-02-06,François Asselineau,0.15,polymarket
2026-02-07,François Asselineau,0.15,polymarket
2026-02-08,François Asselineau,0.15,polymarket
2026-02-09,François Asselineau,0.15,polymarket
2026-02-10,François Asselineau,0.15,polymarket
2026-02-11,François Asselineau,0.15,polymarket
2026-02-12,François Asselineau,0.15,polymarket
2026-02-13,François Asselineau,0.15,polymarket
2026-02-14,François Asselineau,0.15,polymarket
2026-02-15,François Asselineau,0.15,polymarket
2026-02-17,François Asselineau,0.15,polymarket
2026-02-18,François Asselineau,0.15,polymarket
2026-02-19,François Asselineau,0.15,polymarket
2026-02-20,François Asselineau,0.15,polymarket
2026-02-21,François Asselineau,0.15,polymarket
2026-02-22,François Asselineau,0.15,polymarket
2026-02-23,François Asselineau,0.15,polymarket
2026-02-24,François Asselineau,0.15,polymarket
2026-02-25,François Asselineau,0.15,polymarket
2026-02-26,François Asselineau,0.15,polymarket
2026-02-27,François Asselineau,0.15,polymarket
2026-02-28,François Asselineau,0.15,polymarket
2026-03-02,François Asselineau,0.15,polymarket
2026-03-03,François Asselineau,0.15,polymarket
2026-03-04,François Asselineau,0.15,polymarket
2026-03-05,François Asselineau,0.15,polymarket
2026-03-06,François Asselineau,0.15,polymarket
2026-03-07,François Asselineau,0.15,polymarket
2026-03-08,François Asselineau,0.15,polymarket
2026-03-09,François Asselineau,0.15,polymarket
2026-03-10,François Asselineau,0.15,polymarket
2026-03-11,François Asselineau,0.15,polymarket
2026-03-12,François Asselineau,0.15,polymarket
2026-03-14,François Asselineau,0.15,polymarket
2026-03-17,François Asselineau,0.15,polymarket
2026-03-18,François Asselineau,0.15,polymarket
2026-03-20,François Asselineau,0.15,polymarket
2026-03-21,François Asselineau,0.15,polymarket
2026-03-22,François Asselineau,0.25,polymarket
2026-03-23,François Asselineau,0.25,polymarket
2026-03-24,François Asselineau,0.25,polymarket
2026-03-25,François Asselineau,0.15,polymarket
2026-03-26,François Asselineau,0.15,polymarket
2026-03-27,François Asselineau,0.25,polymarket
2026-03-28,François Asselineau,0.25,polymarket
2026-03-29,François Asselineau,0.25,polymarket
2026-04-05,François Asselineau,0.55,polymarket
2026-04-09,François Asselineau,0.55,polymarket
2026-04-12,François Asselineau,0.55,polymarket
2026-04-18,François Asselineau,0.65,polymarket
2026-04-22,François Asselineau,0.75,polymarket
2026-04-23,François Asselineau,0.75,polymarket
2026-04-24,François Asselineau,0.65,polymarket
2026-04-25,François Asselineau,0.65,polymarket
2026-04-26,François Asselineau,0.65,polymarket
2026-04-27,François Asselineau,0.65,polymarket
2026-04-28,François Asselineau,0.65,polymarket
2026-04-29,François Asselineau,0.65,polymarket
2026-04-30,François Asselineau,0.65,polymarket
2026-05-01,François Asselineau,0.65,polymarket
2026-05-02,François Asselineau,0.55,polymarket
2026-05-03,François Asselineau,0.65,polymarket
2026-05-04,François Asselineau,0.65,polymarket
2026-05-05,François Asselineau,0.65,polymarket
2026-05-06,François Asselineau,0.65,polymarket
2026-05-07,François Asselineau,0.65,polymarket
2026-05-08,François Asselineau,0.65,polymarket
2026-05-09,François Asselineau,0.65,polymarket
2026-05-10,François Asselineau,0.65,polymarket
2026-05-11,François Asselineau,0.65,polymarket
2026-05-12,François Asselineau,0.65,polymarket
2026-05-13,François Asselineau,0.65,polymarket
2026-05-14,François Asselineau,0.65,polymarket
2026-05-15,François Asselineau,0.65,polymarket
2026-05-16,François Asselineau,0.65,polymarket
2026-05-17,François Asselineau,0.65,polymarket
2026-05-18,François Asselineau,0.65,polymarket
2026-05-19,François Asselineau,0.65,polymarket
2026-05-20,François Asselineau,0.65,polymarket
2026-05-21,François Asselineau,0.65,polymarket
2026-05-22,François Asselineau,0.65,polymarket
2026-05-23,François Asselineau,0.65,polymarket
2026-05-24,François Asselineau,0.65,polymarket
2026-05-25,François Asselineau,0.65,polymarket
2026-05-26,François Asselineau,0.65,polymarket
2026-05-27,François Asselineau,0.65,polymarket
2026-05-28,François Asselineau,0.75,polymarket
2026-05-29,François Asselineau,0.75,polymarket
2026-05-30,François Asselineau,0.65,polymarket
2026-05-31,François Asselineau,0.65,polymarket
2026-06-01,François Asselineau,0.65,polymarket
2026-06-02,François Asselineau,0.65,polymarket
2026-06-03,François Asselineau,0.65,polymarket
2026-06-04,François Asselineau,0.65,polymarket
2026-06-05,François Asselineau,0.65,polymarket
2026-06-06,François Asselineau,0.65,polymarket
2026-06-07,François Asselineau,0.65,polymarket
2026-06-08,François Asselineau,0.65,polymarket
2026-06-09,François Asselineau,0.65,polymarket
2026-06-10,François Asselineau,0.65,polymarket
2026-06-11,François Asselineau,0.65,polymarket
2026-06-12,François Asselineau,0.65,polymarket
2026-06-13,François Asselineau,0.65,polymarket
2026-06-14,François Asselineau,0.65,polymarket
2026-06-15,François Asselineau,0.65,polymarket
2026-06-16,François Asselineau,0.65,polymarket
2026-06-17,François Asselineau,0.65,polymarket
2026-06-18,François Asselineau,0.65,polymarket
2026-06-19,François Asselineau,0.65,polymarket
2026-06-20,François Asselineau,0.65,polymarket
2026-06-21,François Asselineau,0.65,polymarket
2026-06-22,François Asselineau,0.65,polymarket
2026-06-23,François Asselineau,0.65,polymarket
2026-06-24,François Asselineau,0.65,polymarket
2026-06-25,François Asselineau,0.65,polymarket
2026-06-26,François Asselineau,0.65,polymarket
2026-06-27,François Asselineau,0.65,polymarket
2026-06-28,François Asselineau,0.65,polymarket
2026-06-29,François Asselineau,0.65,polymarket
2026-06-30,François Asselineau,0.65,polymarket
2026-07-01,François Asselineau,0.65,polymarket
2026-07-02,François Asselineau,0.65,polymarket
2026-07-03,François Asselineau,0.65,polymarket
2026-07-04,François Asselineau,0.65,polymarket
2026-07-05,François Asselineau,0.65,polymarket
2026-07-06,François Asselineau,0.65,polymarket
2026-07-07,François Asselineau,0.65,polymarket
2026-07-08,François Asselineau,0.65,polymarket
2026-07-09,François Asselineau,0.65,polymarket
2025-11-14,François Bayrou,15.5,polymarket
2025-11-15,François Bayrou,1.65,polymarket
2025-11-16,François Bayrou,0.85,polymarket
2025-11-17,François Bayrou,0.9,polymarket
2025-11-18,François Bayrou,0.85,polymarket
2025-11-19,François Bayrou,0.85,polymarket
2025-11-20,François Bayrou,0.8,polymarket
2025-11-21,François Bayrou,0.65,polymarket
2025-11-22,François Bayrou,0.35,polymarket
2025-11-23,François Bayrou,0.3,polymarket
2025-11-24,François Bayrou,0.3,polymarket
2025-11-25,François Bayrou,0.75,polymarket
2025-11-26,François Bayrou,0.75,polymarket
2025-11-27,François Bayrou,0.75,polymarket
2025-11-28,François Bayrou,0.75,polymarket
2025-11-29,François Bayrou,0.8,polymarket
2025-11-30,François Bayrou,0.45,polymarket
2025-12-01,François Bayrou,0.4,polymarket
2025-12-02,François Bayrou,0.45,polymarket
2025-12-03,François Bayrou,0.35,polymarket
2025-12-04,François Bayrou,0.35,polymarket
2025-12-05,François Bayrou,0.8,polymarket
2025-12-06,François Bayrou,0.8,polymarket
2025-12-07,François Bayrou,0.8,polymarket
2025-12-08,François Bayrou,0.75,polymarket
2025-12-09,François Bayrou,0.65,polymarket
2025-12-10,François Bayrou,0.7,polymarket
2025-12-11,François Bayrou,0.6,polymarket
2025-12-12,François Bayrou,0.55,polymarket
2025-12-13,François Bayrou,0.55,polymarket
2025-12-14,François Bayrou,0.55,polymarket
2025-12-15,François Bayrou,0.45,polymarket
2025-12-16,François Bayrou,0.4,polymarket
2025-12-17,François Bayrou,0.35,polymarket
2025-12-18,François Bayrou,0.2,polymarket
2025-12-19,François Bayrou,0.2,polymarket
2025-12-20,François Bayrou,0.2,polymarket
2025-12-21,François Bayrou,0.2,polymarket
2025-12-22,François Bayrou,0.25,polymarket
2025-12-23,François Bayrou,0.2,polymarket
2025-12-24,François Bayrou,0.2,polymarket
2025-12-25,François Bayrou,0.2,polymarket
2025-12-26,François Bayrou,0.2,polymarket
2025-12-27,François Bayrou,0.15,polymarket
2025-12-28,François Bayrou,0.15,polymarket
2025-12-29,François Bayrou,0.15,polymarket
2025-12-30,François Bayrou,0.15,polymarket
2025-12-31,François Bayrou,0.15,polymarket
2026-01-01,François Bayrou,0.15,polymarket
2026-01-02,François Bayrou,0.15,polymarket
2026-01-03,François Bayrou,0.15,polymarket
2026-01-04,François Bayrou,0.15,polymarket
2026-01-05,François Bayrou,0.15,polymarket
2026-01-06,François Bayrou,0.15,polymarket
2026-01-07,François Bayrou,0.15,polymarket
2026-01-08,François Bayrou,0.15,polymarket
2026-01-09,François Bayrou,0.15,polymarket
2026-01-10,François Bayrou,0.15,polymarket
2026-01-11,François Bayrou,0.15,polymarket
2026-01-12,François Bayrou,0.15,polymarket
2026-01-13,François Bayrou,0.15,polymarket
2026-01-14,François Bayrou,0.15,polymarket
2026-01-15,François Bayrou,0.15,polymarket
2026-01-16,François Bayrou,0.15,polymarket
2026-01-17,François Bayrou,0.15,polymarket
2026-01-18,François Bayrou,0.15,polymarket
2026-01-19,François Bayrou,0.15,polymarket
2026-01-20,François Bayrou,0.15,polymarket
2026-01-21,François Bayrou,0.15,polymarket
2026-01-22,François Bayrou,0.15,polymarket
2026-01-23,François Bayrou,0.15,polymarket
2026-01-24,François Bayrou,0.15,polymarket
2026-01-25,François Bayrou,0.15,polymarket
2026-01-26,François Bayrou,0.15,polymarket
2026-01-27,François Bayrou,0.15,polymarket
2026-01-28,François Bayrou,0.15,polymarket
2026-01-29,François Bayrou,0.15,polymarket
2026-01-30,François Bayrou,0.15,polymarket
2026-01-31,François Bayrou,0.15,polymarket
2026-02-01,François Bayrou,0.15,polymarket
2026-02-02,François Bayrou,0.15,polymarket
2026-02-03,François Bayrou,0.15,polymarket
2026-02-04,François Bayrou,0.15,polymarket
2026-02-05,François Bayrou,0.15,polymarket
2026-02-06,François Bayrou,0.15,polymarket
2026-02-07,François Bayrou,0.15,polymarket
2026-02-08,François Bayrou,0.15,polymarket
2026-02-09,François Bayrou,0.15,polymarket
2026-02-10,François Bayrou,0.15,polymarket
2026-02-11,François Bayrou,0.15,polymarket
2026-02-12,François Bayrou,0.15,polymarket
2026-02-13,François Bayrou,0.15,polymarket
2026-02-14,François Bayrou,0.15,polymarket
2026-02-15,François Bayrou,0.15,polymarket
2026-02-17,François Bayrou,0.15,polymarket
2026-02-20,François Bayrou,0.15,polymarket
2026-02-21,François Bayrou,0.15,polymarket
2026-02-22,François Bayrou,0.15,polymarket
2026-02-23,François Bayrou,0.15,polymarket
2026-02-24,François Bayrou,0.15,polymarket
2026-02-25,François Bayrou,0.15,polymarket
2026-02-26,François Bayrou,0.15,polymarket
2026-02-27,François Bayrou,0.15,polymarket
2026-02-28,François Bayrou,0.15,polymarket
2026-03-03,François Bayrou,0.15,polymarket
2026-03-04,François Bayrou,0.15,polymarket
2026-03-05,François Bayrou,0.15,polymarket
2026-03-06,François Bayrou,0.15,polymarket
2026-03-07,François Bayrou,0.15,polymarket
2026-03-08,François Bayrou,0.15,polymarket
2026-03-09,François Bayrou,0.15,polymarket
2026-03-10,François Bayrou,0.15,polymarket
2026-03-11,François Bayrou,0.15,polymarket
2026-03-12,François Bayrou,0.15,polymarket
2026-03-17,François Bayrou,0.15,polymarket
2026-03-18,François Bayrou,0.15,polymarket
2026-03-20,François Bayrou,0.15,polymarket
2026-03-21,François Bayrou,0.25,polymarket
2026-03-22,François Bayrou,0.25,polymarket
2026-03-23,François Bayrou,0.25,polymarket
2026-03-24,François Bayrou,0.25,polymarket
2026-03-25,François Bayrou,0.25,polymarket
2026-03-26,François Bayrou,0.2,polymarket
2026-03-27,François Bayrou,0.25,polymarket
2026-03-28,François Bayrou,0.25,polymarket
2026-03-29,François Bayrou,0.25,polymarket
2026-04-09,François Bayrou,0.55,polymarket
2026-04-22,François Bayrou,0.65,polymarket
2026-04-23,François Bayrou,0.65,polymarket
2026-04-24,François Bayrou,0.55,polymarket
2026-04-25,François Bayrou,0.55,polymarket
2026-04-26,François Bayrou,0.4,polymarket
2026-04-27,François Bayrou,0.45,polymarket
2026-04-28,François Bayrou,0.45,polymarket
2026-04-29,François Bayrou,0.45,polymarket
2026-04-30,François Bayrou,0.45,polymarket
2026-05-01,François Bayrou,0.45,polymarket
2026-05-02,François Bayrou,0.45,polymarket
2026-05-03,François Bayrou,0.45,polymarket
2026-05-04,François Bayrou,0.45,polymarket
2026-05-05,François Bayrou,0.55,polymarket
2026-05-06,François Bayrou,0.55,polymarket
2026-05-07,François Bayrou,0.55,polymarket
2026-05-08,François Bayrou,0.55,polymarket
2026-05-09,François Bayrou,0.55,polymarket
2026-05-10,François Bayrou,0.55,polymarket
2026-05-11,François Bayrou,0.55,polymarket
2026-05-12,François Bayrou,0.55,polymarket
2026-05-13,François Bayrou,0.55,polymarket
2026-05-14,François Bayrou,0.55,polymarket
2026-05-15,François Bayrou,0.55,polymarket
2026-05-16,François Bayrou,0.55,polymarket
2026-05-17,François Bayrou,0.55,polymarket
2026-05-18,François Bayrou,0.55,polymarket
2026-05-19,François Bayrou,0.65,polymarket
2026-05-20,François Bayrou,0.65,polymarket
2026-05-21,François Bayrou,0.65,polymarket
2026-05-22,François Bayrou,0.65,polymarket
2026-05-23,François Bayrou,0.65,polymarket
2026-05-24,François Bayrou,0.65,polymarket
2026-05-25,François Bayrou,0.65,polymarket
2026-05-26,François Bayrou,0.65,polymarket
2026-05-27,François Bayrou,0.65,polymarket
2026-05-28,François Bayrou,0.65,polymarket
2026-05-29,François Bayrou,0.65,polymarket
2026-05-30,François Bayrou,0.65,polymarket
2026-05-31,François Bayrou,0.65,polymarket
2026-06-01,François Bayrou,0.65,polymarket
2026-06-02,François Bayrou,0.65,polymarket
2026-06-03,François Bayrou,0.65,polymarket
2026-06-04,François Bayrou,0.65,polymarket
2026-06-05,François Bayrou,0.65,polymarket
2026-06-06,François Bayrou,0.65,polymarket
2026-06-07,François Bayrou,0.65,polymarket
2026-06-08,François Bayrou,0.65,polymarket
2026-06-09,François Bayrou,0.65,polymarket
2026-06-10,François Bayrou,0.65,polymarket
2026-06-11,François Bayrou,0.65,polymarket
2026-06-12,François Bayrou,0.65,polymarket
2026-06-13,François Bayrou,0.65,polymarket
2026-06-14,François Bayrou,0.65,polymarket
2026-06-15,François Bayrou,0.65,polymarket
2026-06-16,François Bayrou,0.65,polymarket
2026-06-17,François Bayrou,0.65,polymarket
2026-06-18,François Bayrou,0.65,polymarket
2026-06-19,François Bayrou,0.65,polymarket
2026-06-20,François Bayrou,0.65,polymarket
2026-06-21,François Bayrou,0.65,polymarket
2026-06-22,François Bayrou,0.65,polymarket
2026-06-23,François Bayrou,0.65,polymarket
2026-06-24,François Bayrou,0.65,polymarket
2026-06-25,François Bayrou,0.65,polymarket
2026-06-26,François Bayrou,0.65,polymarket
2026-06-27,François Bayrou,0.65,polymarket
2026-06-28,François Bayrou,0.65,polymarket
2026-06-29,François Bayrou,0.65,polymarket
2026-06-30,François Bayrou,0.65,polymarket
2026-07-01,François Bayrou,0.65,polymarket
2026-07-02,François Bayrou,0.65,polymarket
2026-07-03,François Bayrou,0.65,polymarket
2026-07-04,François Bayrou,0.65,polymarket
2026-07-05,François Bayrou,0.65,polymarket
2026-07-06,François Bayrou,0.65,polymarket
2026-07-07,François Bayrou,0.65,polymarket
2026-07-08,François Bayrou,0.65,polymarket
2026-07-09,François Bayrou,0.65,polymarket
2025-11-14,François Hollande,13.0,polymarket
2025-11-15,François Hollande,0.7,polymarket
2025-11-16,François Hollande,0.7,polymarket
2025-11-17,François Hollande,0.7,polymarket
2025-11-18,François Hollande,0.75,polymarket
2025-11-19,François Hollande,0.8,polymarket
2025-11-20,François Hollande,0.75,polymarket
2025-11-21,François Hollande,0.75,polymarket
2025-11-22,François Hollande,0.95,polymarket
2025-11-23,François Hollande,0.7,polymarket
2025-11-24,François Hollande,0.7,polymarket
2025-11-25,François Hollande,0.7,polymarket
2025-11-26,François Hollande,0.7,polymarket
2025-11-27,François Hollande,0.7,polymarket
2025-11-28,François Hollande,2.6,polymarket
2025-11-29,François Hollande,1.4,polymarket
2025-11-30,François Hollande,1.0,polymarket
2025-12-01,François Hollande,1.25,polymarket
2025-12-02,François Hollande,1.25,polymarket
2025-12-03,François Hollande,1.3,polymarket
2025-12-04,François Hollande,1.3,polymarket
2025-12-05,François Hollande,1.25,polymarket
2025-12-06,François Hollande,1.15,polymarket
2025-12-07,François Hollande,2.05,polymarket
2025-12-08,François Hollande,1.15,polymarket
2025-12-09,François Hollande,0.8,polymarket
2025-12-10,François Hollande,1.8,polymarket
2025-12-11,François Hollande,1.2,polymarket
2025-12-12,François Hollande,0.9,polymarket
2025-12-13,François Hollande,0.85,polymarket
2025-12-14,François Hollande,1.05,polymarket
2025-12-15,François Hollande,1.0,polymarket
2025-12-16,François Hollande,0.95,polymarket
2025-12-17,François Hollande,0.8,polymarket
2025-12-18,François Hollande,0.75,polymarket
2025-12-19,François Hollande,0.75,polymarket
2025-12-20,François Hollande,0.75,polymarket
2025-12-21,François Hollande,0.7,polymarket
2025-12-22,François Hollande,0.7,polymarket
2025-12-23,François Hollande,0.45,polymarket
2025-12-24,François Hollande,0.45,polymarket
2025-12-25,François Hollande,0.45,polymarket
2025-12-26,François Hollande,0.6,polymarket
2025-12-27,François Hollande,0.6,polymarket
2025-12-28,François Hollande,0.6,polymarket
2025-12-29,François Hollande,0.6,polymarket
2025-12-30,François Hollande,0.75,polymarket
2025-12-31,François Hollande,0.75,polymarket
2026-01-01,François Hollande,0.75,polymarket
2026-01-02,François Hollande,0.95,polymarket
2026-01-03,François Hollande,0.9,polymarket
2026-01-04,François Hollande,0.95,polymarket
2026-01-05,François Hollande,0.9,polymarket
2026-01-06,François Hollande,0.8,polymarket
2026-01-07,François Hollande,0.7,polymarket
2026-01-08,François Hollande,0.65,polymarket
2026-01-09,François Hollande,0.85,polymarket
2026-01-10,François Hollande,0.8,polymarket
2026-01-11,François Hollande,0.7,polymarket
2026-01-12,François Hollande,0.85,polymarket
2026-01-13,François Hollande,0.8,polymarket
2026-01-14,François Hollande,0.75,polymarket
2026-01-15,François Hollande,0.95,polymarket
2026-01-16,François Hollande,0.95,polymarket
2026-01-17,François Hollande,0.95,polymarket
2026-01-18,François Hollande,3.25,polymarket
2026-01-19,François Hollande,3.0,polymarket
2026-01-20,François Hollande,1.85,polymarket
2026-01-21,François Hollande,1.85,polymarket
2026-01-22,François Hollande,1.6,polymarket
2026-01-23,François Hollande,1.85,polymarket
2026-01-24,François Hollande,0.9,polymarket
2026-01-25,François Hollande,1.2,polymarket
2026-01-26,François Hollande,1.8,polymarket
2026-01-27,François Hollande,2.35,polymarket
2026-01-28,François Hollande,1.5,polymarket
2026-01-29,François Hollande,2.4,polymarket
2026-01-30,François Hollande,1.95,polymarket
2026-01-31,François Hollande,1.65,polymarket
2026-02-01,François Hollande,2.0,polymarket
2026-02-02,François Hollande,1.75,polymarket
2026-02-03,François Hollande,2.05,polymarket
2026-02-04,François Hollande,2.0,polymarket
2026-02-05,François Hollande,2.15,polymarket
2026-02-06,François Hollande,1.85,polymarket
2026-02-07,François Hollande,1.75,polymarket
2026-02-08,François Hollande,1.95,polymarket
2026-02-09,François Hollande,1.7,polymarket
2026-02-10,François Hollande,1.6,polymarket
2026-02-11,François Hollande,1.6,polymarket
2026-02-12,François Hollande,1.85,polymarket
2026-02-13,François Hollande,1.55,polymarket
2026-02-14,François Hollande,1.55,polymarket
2026-02-15,François Hollande,1.65,polymarket
2026-02-16,François Hollande,2.3,polymarket
2026-02-17,François Hollande,1.8,polymarket
2026-02-18,François Hollande,2.45,polymarket
2026-02-19,François Hollande,2.65,polymarket
2026-02-20,François Hollande,3.7,polymarket
2026-02-21,François Hollande,2.95,polymarket
2026-02-22,François Hollande,2.25,polymarket
2026-02-23,François Hollande,4.35,polymarket
2026-02-24,François Hollande,3.2,polymarket
2026-02-25,François Hollande,3.65,polymarket
2026-02-26,François Hollande,3.5,polymarket
2026-02-27,François Hollande,3.0,polymarket
2026-02-28,François Hollande,2.25,polymarket
2026-03-01,François Hollande,2.3,polymarket
2026-03-02,François Hollande,2.65,polymarket
2026-03-03,François Hollande,2.65,polymarket
2026-03-04,François Hollande,2.3,polymarket
2026-03-05,François Hollande,1.75,polymarket
2026-03-06,François Hollande,1.8,polymarket
2026-03-07,François Hollande,1.7,polymarket
2026-03-08,François Hollande,2.25,polymarket
2026-03-09,François Hollande,2.2,polymarket
2026-03-10,François Hollande,2.3,polymarket
2026-03-11,François Hollande,2.15,polymarket
2026-03-12,François Hollande,2.65,polymarket
2026-03-13,François Hollande,2.15,polymarket
2026-03-14,François Hollande,2.45,polymarket
2026-03-15,François Hollande,2.25,polymarket
2026-03-16,François Hollande,2.85,polymarket
2026-03-17,François Hollande,3.6,polymarket
2026-03-18,François Hollande,2.65,polymarket
2026-03-19,François Hollande,2.95,polymarket
2026-03-20,François Hollande,2.65,polymarket
2026-03-21,François Hollande,3.7,polymarket
2026-03-22,François Hollande,3.2,polymarket
2026-03-23,François Hollande,2.9,polymarket
2026-03-24,François Hollande,2.8,polymarket
2026-03-25,François Hollande,3.05,polymarket
2026-03-26,François Hollande,2.95,polymarket
2026-03-27,François Hollande,3.85,polymarket
2026-03-28,François Hollande,3.7,polymarket
2026-03-29,François Hollande,3.25,polymarket
2026-03-30,François Hollande,3.3,polymarket
2026-03-31,François Hollande,3.1,polymarket
2026-04-01,François Hollande,3.55,polymarket
2026-04-02,François Hollande,3.35,polymarket
2026-04-07,François Hollande,2.75,polymarket
2026-04-09,François Hollande,2.75,polymarket
2026-04-18,François Hollande,3.25,polymarket
2026-04-22,François Hollande,4.0,polymarket
2026-04-23,François Hollande,3.6,polymarket
2026-04-24,François Hollande,4.7,polymarket
2026-04-25,François Hollande,4.35,polymarket
2026-04-26,François Hollande,4.75,polymarket
2026-04-27,François Hollande,3.6,polymarket
2026-04-28,François Hollande,3.25,polymarket
2026-04-29,François Hollande,4.15,polymarket
2026-04-30,François Hollande,4.95,polymarket
2026-05-01,François Hollande,4.95,polymarket
2026-05-02,François Hollande,4.2,polymarket
2026-05-03,François Hollande,3.95,polymarket
2026-05-04,François Hollande,3.85,polymarket
2026-05-05,François Hollande,3.95,polymarket
2026-05-06,François Hollande,3.8,polymarket
2026-05-07,François Hollande,3.85,polymarket
2026-05-08,François Hollande,3.65,polymarket
2026-05-09,François Hollande,4.75,polymarket
2026-05-10,François Hollande,4.25,polymarket
2026-05-11,François Hollande,4.35,polymarket
2026-05-12,François Hollande,4.05,polymarket
2026-05-13,François Hollande,3.85,polymarket
2026-05-14,François Hollande,4.25,polymarket
2026-05-15,François Hollande,3.95,polymarket
2026-05-16,François Hollande,4.05,polymarket
2026-05-17,François Hollande,4.6,polymarket
2026-05-18,François Hollande,4.5,polymarket
2026-05-19,François Hollande,4.45,polymarket
2026-05-20,François Hollande,4.35,polymarket
2026-05-21,François Hollande,4.3,polymarket
2026-05-22,François Hollande,4.25,polymarket
2026-05-23,François Hollande,4.05,polymarket
2026-05-24,François Hollande,4.0,polymarket
2026-05-25,François Hollande,3.95,polymarket
2026-05-26,François Hollande,3.95,polymarket
2026-05-27,François Hollande,3.95,polymarket
2026-05-28,François Hollande,4.7,polymarket
2026-05-29,François Hollande,4.35,polymarket
2026-05-30,François Hollande,4.35,polymarket
2026-05-31,François Hollande,4.35,polymarket
2026-06-01,François Hollande,4.05,polymarket
2026-06-02,François Hollande,3.85,polymarket
2026-06-03,François Hollande,3.75,polymarket
2026-06-04,François Hollande,3.65,polymarket
2026-06-05,François Hollande,3.45,polymarket
2026-06-06,François Hollande,3.45,polymarket
2026-06-07,François Hollande,3.45,polymarket
2026-06-08,François Hollande,3.45,polymarket
2026-06-09,François Hollande,3.35,polymarket
2026-06-10,François Hollande,3.35,polymarket
2026-06-11,François Hollande,3.35,polymarket
2026-06-12,François Hollande,3.35,polymarket
2026-06-13,François Hollande,3.15,polymarket
2026-06-14,François Hollande,3.15,polymarket
2026-06-15,François Hollande,3.15,polymarket
2026-06-16,François Hollande,3.15,polymarket
2026-06-17,François Hollande,3.15,polymarket
2026-06-18,François Hollande,2.35,polymarket
2026-06-19,François Hollande,2.05,polymarket
2026-06-20,François Hollande,2.1,polymarket
2026-06-21,François Hollande,2.2,polymarket
2026-06-22,François Hollande,2.15,polymarket
2026-06-23,François Hollande,3.6,polymarket
2026-06-24,François Hollande,3.4,polymarket
2026-06-25,François Hollande,3.35,polymarket
2026-06-26,François Hollande,3.15,polymarket
2026-06-27,François Hollande,2.7,polymarket
2026-06-28,François Hollande,2.55,polymarket
2026-06-29,François Hollande,2.55,polymarket
2026-06-30,François Hollande,2.55,polymarket
2026-07-01,François Hollande,2.55,polymarket
2026-07-02,François Hollande,2.55,polymarket
2026-07-03,François Hollande,2.35,polymarket
2026-07-04,François Hollande,2.15,polymarket
2026-07-05,François Hollande,2.3,polymarket
2026-07-06,François Hollande,2.3,polymarket
2026-07-07,François Hollande,2.85,polymarket
2026-07-08,François Hollande,2.05,polymarket
2026-07-09,François Hollande,2.25,polymarket
2025-11-14,François Ruffin,5.0,polymarket
2025-11-15,François Ruffin,2.1,polymarket
2025-11-16,François Ruffin,2.85,polymarket
2025-11-17,François Ruffin,2.8,polymarket
2025-11-18,François Ruffin,3.4,polymarket
2025-11-19,François Ruffin,3.85,polymarket
2025-11-20,François Ruffin,3.85,polymarket
2025-11-21,François Ruffin,3.45,polymarket
2025-11-22,François Ruffin,2.35,polymarket
2025-11-23,François Ruffin,0.8,polymarket
2025-11-24,François Ruffin,2.1,polymarket
2025-11-25,François Ruffin,1.25,polymarket
2025-11-26,François Ruffin,1.0,polymarket
2025-11-27,François Ruffin,1.7,polymarket
2025-11-28,François Ruffin,1.85,polymarket
2025-11-29,François Ruffin,0.7,polymarket
2025-11-30,François Ruffin,1.5,polymarket
2025-12-01,François Ruffin,1.15,polymarket
2025-12-02,François Ruffin,1.0,polymarket
2025-12-03,François Ruffin,1.0,polymarket
2025-12-04,François Ruffin,1.3,polymarket
2025-12-05,François Ruffin,0.8,polymarket
2025-12-06,François Ruffin,0.65,polymarket
2025-12-07,François Ruffin,0.65,polymarket
2025-12-08,François Ruffin,0.65,polymarket
2025-12-09,François Ruffin,0.65,polymarket
2025-12-10,François Ruffin,0.6,polymarket
2025-12-11,François Ruffin,2.65,polymarket
2025-12-12,François Ruffin,1.5,polymarket
2025-12-13,François Ruffin,1.05,polymarket
2025-12-14,François Ruffin,1.05,polymarket
2025-12-15,François Ruffin,1.35,polymarket
2025-12-16,François Ruffin,0.7,polymarket
2025-12-17,François Ruffin,0.7,polymarket
2025-12-18,François Ruffin,0.7,polymarket
2025-12-19,François Ruffin,0.7,polymarket
2025-12-20,François Ruffin,0.7,polymarket
2025-12-21,François Ruffin,0.7,polymarket
2025-12-22,François Ruffin,0.7,polymarket
2025-12-23,François Ruffin,0.7,polymarket
2025-12-24,François Ruffin,0.7,polymarket
2025-12-25,François Ruffin,0.7,polymarket
2025-12-26,François Ruffin,0.7,polymarket
2025-12-27,François Ruffin,0.7,polymarket
2025-12-28,François Ruffin,0.7,polymarket
2025-12-29,François Ruffin,0.7,polymarket
2025-12-30,François Ruffin,0.65,polymarket
2025-12-31,François Ruffin,0.85,polymarket
2026-01-01,François Ruffin,0.85,polymarket
2026-01-02,François Ruffin,0.85,polymarket
2026-01-03,François Ruffin,0.7,polymarket
2026-01-04,François Ruffin,0.75,polymarket
2026-01-05,François Ruffin,0.7,polymarket
2026-01-06,François Ruffin,0.65,polymarket
2026-01-07,François Ruffin,0.75,polymarket
2026-01-08,François Ruffin,0.8,polymarket
2026-01-09,François Ruffin,0.75,polymarket
2026-01-10,François Ruffin,0.7,polymarket
2026-01-11,François Ruffin,0.65,polymarket
2026-01-12,François Ruffin,0.65,polymarket
2026-01-13,François Ruffin,0.6,polymarket
2026-01-14,François Ruffin,0.5,polymarket
2026-01-15,François Ruffin,0.5,polymarket
2026-01-16,François Ruffin,0.5,polymarket
2026-01-17,François Ruffin,0.5,polymarket
2026-01-18,François Ruffin,0.5,polymarket
2026-01-19,François Ruffin,0.4,polymarket
2026-01-20,François Ruffin,0.35,polymarket
2026-01-21,François Ruffin,0.35,polymarket
2026-01-22,François Ruffin,0.4,polymarket
2026-01-23,François Ruffin,0.4,polymarket
2026-01-24,François Ruffin,0.35,polymarket
2026-01-25,François Ruffin,0.35,polymarket
2026-01-26,François Ruffin,0.35,polymarket
2026-01-27,François Ruffin,0.45,polymarket
2026-01-28,François Ruffin,1.8,polymarket
2026-01-29,François Ruffin,1.15,polymarket
2026-01-30,François Ruffin,1.75,polymarket
2026-01-31,François Ruffin,1.05,polymarket
2026-02-01,François Ruffin,0.95,polymarket
2026-02-02,François Ruffin,0.85,polymarket
2026-02-03,François Ruffin,0.75,polymarket
2026-02-04,François Ruffin,0.75,polymarket
2026-02-05,François Ruffin,0.75,polymarket
2026-02-06,François Ruffin,0.85,polymarket
2026-02-07,François Ruffin,1.05,polymarket
2026-02-08,François Ruffin,1.35,polymarket
2026-02-09,François Ruffin,1.1,polymarket
2026-02-10,François Ruffin,1.3,polymarket
2026-02-11,François Ruffin,1.0,polymarket
2026-02-12,François Ruffin,0.95,polymarket
2026-02-13,François Ruffin,0.9,polymarket
2026-02-14,François Ruffin,1.05,polymarket
2026-02-15,François Ruffin,0.9,polymarket
2026-02-16,François Ruffin,1.4,polymarket
2026-02-17,François Ruffin,1.3,polymarket
2026-02-18,François Ruffin,1.25,polymarket
2026-02-19,François Ruffin,1.15,polymarket
2026-02-20,François Ruffin,1.05,polymarket
2026-02-21,François Ruffin,0.95,polymarket
2026-02-22,François Ruffin,1.05,polymarket
2026-02-23,François Ruffin,0.95,polymarket
2026-02-24,François Ruffin,0.95,polymarket
2026-02-25,François Ruffin,0.95,polymarket
2026-02-26,François Ruffin,0.95,polymarket
2026-02-27,François Ruffin,0.95,polymarket
2026-02-28,François Ruffin,0.95,polymarket
2026-03-01,François Ruffin,1.1,polymarket
2026-03-02,François Ruffin,0.85,polymarket
2026-03-03,François Ruffin,0.9,polymarket
2026-03-04,François Ruffin,0.9,polymarket
2026-03-05,François Ruffin,0.85,polymarket
2026-03-06,François Ruffin,0.85,polymarket
2026-03-07,François Ruffin,0.85,polymarket
2026-03-08,François Ruffin,0.85,polymarket
2026-03-09,François Ruffin,0.8,polymarket
2026-03-10,François Ruffin,0.8,polymarket
2026-03-11,François Ruffin,0.75,polymarket
2026-03-12,François Ruffin,0.75,polymarket
2026-03-14,François Ruffin,0.55,polymarket
2026-03-17,François Ruffin,0.35,polymarket
2026-03-18,François Ruffin,0.3,polymarket
2026-03-20,François Ruffin,0.55,polymarket
2026-03-21,François Ruffin,0.55,polymarket
2026-03-22,François Ruffin,0.55,polymarket
2026-03-23,François Ruffin,0.55,polymarket
2026-03-24,François Ruffin,0.65,polymarket
2026-03-25,François Ruffin,0.55,polymarket
2026-03-26,François Ruffin,0.55,polymarket
2026-03-27,François Ruffin,0.55,polymarket
2026-04-05,François Ruffin,0.75,polymarket
2026-04-09,François Ruffin,0.75,polymarket
2026-04-12,François Ruffin,0.75,polymarket
2026-04-18,François Ruffin,0.85,polymarket
2026-04-22,François Ruffin,0.85,polymarket
2026-04-23,François Ruffin,0.85,polymarket
2026-04-24,François Ruffin,0.85,polymarket
2026-04-25,François Ruffin,0.85,polymarket
2026-04-26,François Ruffin,0.75,polymarket
2026-04-27,François Ruffin,0.55,polymarket
2026-04-28,François Ruffin,0.65,polymarket
2026-04-29,François Ruffin,0.65,polymarket
2026-04-30,François Ruffin,0.75,polymarket
2026-05-01,François Ruffin,0.65,polymarket
2026-05-02,François Ruffin,0.65,polymarket
2026-05-03,François Ruffin,0.65,polymarket
2026-05-04,François Ruffin,0.75,polymarket
2026-05-05,François Ruffin,0.75,polymarket
2026-05-06,François Ruffin,0.75,polymarket
2026-05-07,François Ruffin,0.75,polymarket
2026-05-08,François Ruffin,0.75,polymarket
2026-05-09,François Ruffin,0.75,polymarket
2026-05-10,François Ruffin,0.75,polymarket
2026-05-11,François Ruffin,0.65,polymarket
2026-05-12,François Ruffin,0.65,polymarket
2026-05-13,François Ruffin,0.65,polymarket
2026-05-14,François Ruffin,0.65,polymarket
2026-05-15,François Ruffin,0.65,polymarket
2026-05-16,François Ruffin,0.65,polymarket
2026-05-17,François Ruffin,0.65,polymarket
2026-05-18,François Ruffin,0.65,polymarket
2026-05-19,François Ruffin,0.65,polymarket
2026-05-20,François Ruffin,0.65,polymarket
2026-05-21,François Ruffin,0.65,polymarket
2026-05-22,François Ruffin,0.65,polymarket
2026-05-23,François Ruffin,0.65,polymarket
2026-05-24,François Ruffin,0.65,polymarket
2026-05-25,François Ruffin,0.65,polymarket
2026-05-26,François Ruffin,0.65,polymarket
2026-05-27,François Ruffin,0.75,polymarket
2026-05-28,François Ruffin,0.75,polymarket
2026-05-29,François Ruffin,0.75,polymarket
2026-05-30,François Ruffin,0.75,polymarket
2026-05-31,François Ruffin,0.75,polymarket
2026-06-01,François Ruffin,0.75,polymarket
2026-06-02,François Ruffin,0.75,polymarket
2026-06-03,François Ruffin,0.75,polymarket
2026-06-04,François Ruffin,0.65,polymarket
2026-06-05,François Ruffin,0.65,polymarket
2026-06-06,François Ruffin,0.65,polymarket
2026-06-07,François Ruffin,0.65,polymarket
2026-06-08,François Ruffin,0.65,polymarket
2026-06-09,François Ruffin,0.65,polymarket
2026-06-10,François Ruffin,0.65,polymarket
2026-06-11,François Ruffin,0.65,polymarket
2026-06-12,François Ruffin,0.65,polymarket
2026-06-13,François Ruffin,0.65,polymarket
2026-06-14,François Ruffin,0.65,polymarket
2026-06-15,François Ruffin,0.65,polymarket
2026-06-16,François Ruffin,0.65,polymarket
2026-06-17,François Ruffin,0.65,polymarket
2026-06-18,François Ruffin,0.65,polymarket
2026-06-19,François Ruffin,0.65,polymarket
2026-06-20,François Ruffin,0.65,polymarket
2026-06-21,François Ruffin,0.65,polymarket
2026-06-22,François Ruffin,0.65,polymarket
2026-06-23,François Ruffin,0.65,polymarket
2026-06-24,François Ruffin,0.65,polymarket
2026-06-25,François Ruffin,0.65,polymarket
2026-06-26,François Ruffin,0.65,polymarket
2026-06-27,François Ruffin,0.65,polymarket
2026-06-28,François Ruffin,0.65,polymarket
2026-06-29,François Ruffin,0.65,polymarket
2026-06-30,François Ruffin,0.65,polymarket
2026-07-01,François Ruffin,0.65,polymarket
2026-07-02,François Ruffin,0.65,polymarket
2026-07-03,François Ruffin,0.65,polymarket
2026-07-04,François Ruffin,0.65,polymarket
2026-07-05,François Ruffin,0.65,polymarket
2026-07-06,François Ruffin,0.65,polymarket
2026-07-07,François Ruffin,0.65,polymarket
2026-07-08,François Ruffin,0.65,polymarket
2026-07-09,François Ruffin,0.65,polymarket
2025-11-14,Gabriel Attal,15.5,polymarket
2025-11-15,Gabriel Attal,6.0,polymarket
2025-11-16,Gabriel Attal,6.5,polymarket
2025-11-17,Gabriel Attal,6.5,polymarket
2025-11-18,Gabriel Attal,6.5,polymarket
2025-11-19,Gabriel Attal,6.5,polymarket
2025-11-20,Gabriel Attal,5.5,polymarket
2025-11-21,Gabriel Attal,4.5,polymarket
2025-11-22,Gabriel Attal,12.0,polymarket
2025-11-23,Gabriel Attal,9.5,polymarket
2025-11-24,Gabriel Attal,7.5,polymarket
2025-11-25,Gabriel Attal,7.0,polymarket
2025-11-26,Gabriel Attal,7.0,polymarket
2025-11-27,Gabriel Attal,6.0,polymarket
2025-11-28,Gabriel Attal,6.0,polymarket
2025-11-29,Gabriel Attal,6.5,polymarket
2025-11-30,Gabriel Attal,6.5,polymarket
2025-12-01,Gabriel Attal,6.5,polymarket
2025-12-02,Gabriel Attal,6.0,polymarket
2025-12-03,Gabriel Attal,6.0,polymarket
2025-12-04,Gabriel Attal,5.0,polymarket
2025-12-05,Gabriel Attal,5.5,polymarket
2025-12-06,Gabriel Attal,5.5,polymarket
2025-12-07,Gabriel Attal,5.5,polymarket
2025-12-08,Gabriel Attal,5.5,polymarket
2025-12-09,Gabriel Attal,5.0,polymarket
2025-12-10,Gabriel Attal,5.5,polymarket
2025-12-11,Gabriel Attal,5.0,polymarket
2025-12-12,Gabriel Attal,5.5,polymarket
2025-12-13,Gabriel Attal,5.0,polymarket
2025-12-14,Gabriel Attal,4.5,polymarket
2025-12-15,Gabriel Attal,4.0,polymarket
2025-12-16,Gabriel Attal,4.5,polymarket
2025-12-17,Gabriel Attal,5.0,polymarket
2025-12-18,Gabriel Attal,6.5,polymarket
2025-12-19,Gabriel Attal,6.5,polymarket
2025-12-20,Gabriel Attal,5.5,polymarket
2025-12-21,Gabriel Attal,6.5,polymarket
2025-12-22,Gabriel Attal,6.0,polymarket
2025-12-23,Gabriel Attal,9.5,polymarket
2025-12-24,Gabriel Attal,9.5,polymarket
2025-12-25,Gabriel Attal,10.0,polymarket
2025-12-26,Gabriel Attal,9.5,polymarket
2025-12-27,Gabriel Attal,9.0,polymarket
2025-12-28,Gabriel Attal,9.0,polymarket
2025-12-29,Gabriel Attal,8.5,polymarket
2025-12-30,Gabriel Attal,8.5,polymarket
2025-12-31,Gabriel Attal,8.0,polymarket
2026-01-01,Gabriel Attal,11.0,polymarket
2026-01-02,Gabriel Attal,10.5,polymarket
2026-01-03,Gabriel Attal,10.0,polymarket
2026-01-04,Gabriel Attal,10.0,polymarket
2026-01-05,Gabriel Attal,10.0,polymarket
2026-01-06,Gabriel Attal,7.5,polymarket
2026-01-07,Gabriel Attal,10.0,polymarket
2026-01-08,Gabriel Attal,8.0,polymarket
2026-01-09,Gabriel Attal,7.5,polymarket
2026-01-10,Gabriel Attal,6.0,polymarket
2026-01-11,Gabriel Attal,5.5,polymarket
2026-01-12,Gabriel Attal,6.0,polymarket
2026-01-13,Gabriel Attal,6.0,polymarket
2026-01-14,Gabriel Attal,4.5,polymarket
2026-01-15,Gabriel Attal,4.5,polymarket
2026-01-16,Gabriel Attal,5.0,polymarket
2026-01-17,Gabriel Attal,5.0,polymarket
2026-01-18,Gabriel Attal,4.0,polymarket
2026-01-19,Gabriel Attal,5.0,polymarket
2026-01-20,Gabriel Attal,3.5,polymarket
2026-01-21,Gabriel Attal,3.85,polymarket
2026-01-22,Gabriel Attal,3.55,polymarket
2026-01-23,Gabriel Attal,3.55,polymarket
2026-01-24,Gabriel Attal,4.1,polymarket
2026-01-25,Gabriel Attal,3.75,polymarket
2026-01-26,Gabriel Attal,3.55,polymarket
2026-01-27,Gabriel Attal,5.4,polymarket
2026-01-28,Gabriel Attal,4.65,polymarket
2026-01-29,Gabriel Attal,4.5,polymarket
2026-01-30,Gabriel Attal,5.95,polymarket
2026-01-31,Gabriel Attal,5.2,polymarket
2026-02-01,Gabriel Attal,6.05,polymarket
2026-02-02,Gabriel Attal,4.9,polymarket
2026-02-03,Gabriel Attal,4.95,polymarket
2026-02-04,Gabriel Attal,6.0,polymarket
2026-02-05,Gabriel Attal,5.25,polymarket
2026-02-06,Gabriel Attal,5.55,polymarket
2026-02-07,Gabriel Attal,5.6,polymarket
2026-02-08,Gabriel Attal,5.85,polymarket
2026-02-09,Gabriel Attal,5.55,polymarket
2026-02-10,Gabriel Attal,5.25,polymarket
2026-02-11,Gabriel Attal,6.1,polymarket
2026-02-12,Gabriel Attal,6.1,polymarket
2026-02-13,Gabriel Attal,5.0,polymarket
2026-02-14,Gabriel Attal,5.25,polymarket
2026-02-15,Gabriel Attal,5.65,polymarket
2026-02-16,Gabriel Attal,5.55,polymarket
2026-02-17,Gabriel Attal,5.05,polymarket
2026-02-18,Gabriel Attal,5.0,polymarket
2026-02-19,Gabriel Attal,4.65,polymarket
2026-02-20,Gabriel Attal,4.5,polymarket
2026-02-21,Gabriel Attal,4.25,polymarket
2026-02-22,Gabriel Attal,3.95,polymarket
2026-02-23,Gabriel Attal,3.85,polymarket
2026-02-24,Gabriel Attal,4.5,polymarket
2026-02-25,Gabriel Attal,4.35,polymarket
2026-02-26,Gabriel Attal,4.2,polymarket
2026-02-27,Gabriel Attal,4.3,polymarket
2026-02-28,Gabriel Attal,3.8,polymarket
2026-03-01,Gabriel Attal,4.05,polymarket
2026-03-02,Gabriel Attal,3.85,polymarket
2026-03-03,Gabriel Attal,3.85,polymarket
2026-03-04,Gabriel Attal,3.75,polymarket
2026-03-05,Gabriel Attal,4.0,polymarket
2026-03-06,Gabriel Attal,4.25,polymarket
2026-03-07,Gabriel Attal,3.85,polymarket
2026-03-08,Gabriel Attal,3.75,polymarket
2026-03-09,Gabriel Attal,3.75,polymarket
2026-03-10,Gabriel Attal,3.65,polymarket
2026-03-11,Gabriel Attal,3.3,polymarket
2026-03-12,Gabriel Attal,3.9,polymarket
2026-03-13,Gabriel Attal,3.5,polymarket
2026-03-14,Gabriel Attal,3.65,polymarket
2026-03-15,Gabriel Attal,3.35,polymarket
2026-03-16,Gabriel Attal,3.15,polymarket
2026-03-17,Gabriel Attal,3.05,polymarket
2026-03-18,Gabriel Attal,2.85,polymarket
2026-03-19,Gabriel Attal,2.85,polymarket
2026-03-20,Gabriel Attal,3.05,polymarket
2026-03-21,Gabriel Attal,2.95,polymarket
2026-03-22,Gabriel Attal,2.95,polymarket
2026-03-23,Gabriel Attal,2.65,polymarket
2026-03-24,Gabriel Attal,3.05,polymarket
2026-03-25,Gabriel Attal,2.85,polymarket
2026-03-26,Gabriel Attal,2.65,polymarket
2026-03-27,Gabriel Attal,2.45,polymarket
2026-03-28,Gabriel Attal,2.75,polymarket
2026-03-29,Gabriel Attal,2.5,polymarket
2026-03-30,Gabriel Attal,2.55,polymarket
2026-03-31,Gabriel Attal,2.35,polymarket
2026-04-01,Gabriel Attal,2.05,polymarket
2026-04-02,Gabriel Attal,1.85,polymarket
2026-04-07,Gabriel Attal,1.85,polymarket
2026-04-09,Gabriel Attal,1.85,polymarket
2026-04-19,Gabriel Attal,3.4,polymarket
2026-04-20,Gabriel Attal,3.35,polymarket
2026-04-21,Gabriel Attal,3.25,polymarket
2026-04-22,Gabriel Attal,3.25,polymarket
2026-04-23,Gabriel Attal,3.2,polymarket
2026-04-24,Gabriel Attal,3.15,polymarket
2026-04-25,Gabriel Attal,2.9,polymarket
2026-04-26,Gabriel Attal,2.95,polymarket
2026-04-27,Gabriel Attal,2.75,polymarket
2026-04-28,Gabriel Attal,3.75,polymarket
2026-04-29,Gabriel Attal,3.9,polymarket
2026-04-30,Gabriel Attal,3.85,polymarket
2026-05-01,Gabriel Attal,3.65,polymarket
2026-05-02,Gabriel Attal,3.65,polymarket
2026-05-03,Gabriel Attal,4.05,polymarket
2026-05-04,Gabriel Attal,3.5,polymarket
2026-05-05,Gabriel Attal,3.45,polymarket
2026-05-06,Gabriel Attal,3.65,polymarket
2026-05-07,Gabriel Attal,3.65,polymarket
2026-05-08,Gabriel Attal,3.65,polymarket
2026-05-09,Gabriel Attal,3.65,polymarket
2026-05-10,Gabriel Attal,3.85,polymarket
2026-05-11,Gabriel Attal,3.7,polymarket
2026-05-12,Gabriel Attal,3.55,polymarket
2026-05-13,Gabriel Attal,3.65,polymarket
2026-05-14,Gabriel Attal,3.55,polymarket
2026-05-15,Gabriel Attal,3.45,polymarket
2026-05-16,Gabriel Attal,3.35,polymarket
2026-05-17,Gabriel Attal,3.35,polymarket
2026-05-18,Gabriel Attal,3.35,polymarket
2026-05-19,Gabriel Attal,3.35,polymarket
2026-05-20,Gabriel Attal,3.25,polymarket
2026-05-21,Gabriel Attal,3.45,polymarket
2026-05-22,Gabriel Attal,3.65,polymarket
2026-05-23,Gabriel Attal,4.65,polymarket
2026-05-24,Gabriel Attal,6.25,polymarket
2026-05-25,Gabriel Attal,7.85,polymarket
2026-05-26,Gabriel Attal,9.4,polymarket
2026-05-27,Gabriel Attal,7.7,polymarket
2026-05-28,Gabriel Attal,7.25,polymarket
2026-05-29,Gabriel Attal,5.65,polymarket
2026-05-30,Gabriel Attal,8.25,polymarket
2026-05-31,Gabriel Attal,6.65,polymarket
2026-06-01,Gabriel Attal,6.6,polymarket
2026-06-02,Gabriel Attal,5.85,polymarket
2026-06-03,Gabriel Attal,7.0,polymarket
2026-06-04,Gabriel Attal,6.65,polymarket
2026-06-05,Gabriel Attal,6.45,polymarket
2026-06-06,Gabriel Attal,6.45,polymarket
2026-06-07,Gabriel Attal,6.45,polymarket
2026-06-08,Gabriel Attal,6.35,polymarket
2026-06-09,Gabriel Attal,5.25,polymarket
2026-06-10,Gabriel Attal,5.05,polymarket
2026-06-11,Gabriel Attal,3.95,polymarket
2026-06-12,Gabriel Attal,4.3,polymarket
2026-06-13,Gabriel Attal,3.55,polymarket
2026-06-14,Gabriel Attal,3.65,polymarket
2026-06-15,Gabriel Attal,3.55,polymarket
2026-06-16,Gabriel Attal,3.5,polymarket
2026-06-17,Gabriel Attal,3.4,polymarket
2026-06-18,Gabriel Attal,3.35,polymarket
2026-06-19,Gabriel Attal,3.25,polymarket
2026-06-20,Gabriel Attal,3.25,polymarket
2026-06-21,Gabriel Attal,3.25,polymarket
2026-06-22,Gabriel Attal,3.65,polymarket
2026-06-23,Gabriel Attal,3.75,polymarket
2026-06-24,Gabriel Attal,3.95,polymarket
2026-06-25,Gabriel Attal,3.95,polymarket
2026-06-26,Gabriel Attal,3.95,polymarket
2026-06-27,Gabriel Attal,3.75,polymarket
2026-06-28,Gabriel Attal,3.55,polymarket
2026-06-29,Gabriel Attal,3.45,polymarket
2026-06-30,Gabriel Attal,3.45,polymarket
2026-07-01,Gabriel Attal,3.45,polymarket
2026-07-02,Gabriel Attal,3.45,polymarket
2026-07-03,Gabriel Attal,3.45,polymarket
2026-07-04,Gabriel Attal,3.25,polymarket
2026-07-05,Gabriel Attal,3.25,polymarket
2026-07-06,Gabriel Attal,2.85,polymarket
2026-07-07,Gabriel Attal,2.85,polymarket
2026-07-08,Gabriel Attal,2.45,polymarket
2026-07-09,Gabriel Attal,2.45,polymarket
2025-11-14,Gérald Darmanin,35.0,polymarket
2025-11-15,Gérald Darmanin,2.15,polymarket
2025-11-16,Gérald Darmanin,2.95,polymarket
2025-11-17,Gérald Darmanin,3.0,polymarket
2025-11-18,Gérald Darmanin,1.65,polymarket
2025-11-19,Gérald Darmanin,1.55,polymarket
2025-11-20,Gérald Darmanin,1.55,polymarket
2025-11-21,Gérald Darmanin,1.35,polymarket
2025-11-22,Gérald Darmanin,1.35,polymarket
2025-11-23,Gérald Darmanin,1.25,polymarket
2025-11-24,Gérald Darmanin,0.95,polymarket
2025-11-25,Gérald Darmanin,0.9,polymarket
2025-11-26,Gérald Darmanin,0.95,polymarket
2025-11-27,Gérald Darmanin,1.0,polymarket
2025-11-28,Gérald Darmanin,0.95,polymarket
2025-11-29,Gérald Darmanin,1.0,polymarket
2025-11-30,Gérald Darmanin,0.85,polymarket
2025-12-01,Gérald Darmanin,0.85,polymarket
2025-12-02,Gérald Darmanin,0.85,polymarket
2025-12-03,Gérald Darmanin,1.15,polymarket
2025-12-04,Gérald Darmanin,1.15,polymarket
2025-12-05,Gérald Darmanin,0.85,polymarket
2025-12-06,Gérald Darmanin,0.65,polymarket
2025-12-07,Gérald Darmanin,0.25,polymarket
2025-12-08,Gérald Darmanin,0.25,polymarket
2025-12-09,Gérald Darmanin,0.2,polymarket
2025-12-10,Gérald Darmanin,0.95,polymarket
2025-12-11,Gérald Darmanin,0.9,polymarket
2025-12-12,Gérald Darmanin,0.9,polymarket
2025-12-13,Gérald Darmanin,0.9,polymarket
2025-12-14,Gérald Darmanin,0.9,polymarket
2025-12-15,Gérald Darmanin,0.9,polymarket
2025-12-16,Gérald Darmanin,0.95,polymarket
2025-12-17,Gérald Darmanin,0.7,polymarket
2025-12-18,Gérald Darmanin,0.7,polymarket
2025-12-19,Gérald Darmanin,0.5,polymarket
2025-12-20,Gérald Darmanin,0.5,polymarket
2025-12-21,Gérald Darmanin,0.6,polymarket
2025-12-22,Gérald Darmanin,0.6,polymarket
2025-12-23,Gérald Darmanin,0.5,polymarket
2025-12-24,Gérald Darmanin,0.5,polymarket
2025-12-25,Gérald Darmanin,1.6,polymarket
2025-12-26,Gérald Darmanin,1.55,polymarket
2025-12-27,Gérald Darmanin,4.45,polymarket
2025-12-28,Gérald Darmanin,3.95,polymarket
2025-12-29,Gérald Darmanin,3.8,polymarket
2025-12-30,Gérald Darmanin,3.1,polymarket
2025-12-31,Gérald Darmanin,3.55,polymarket
2026-01-01,Gérald Darmanin,1.8,polymarket
2026-01-02,Gérald Darmanin,2.3,polymarket
2026-01-03,Gérald Darmanin,1.55,polymarket
2026-01-04,Gérald Darmanin,1.6,polymarket
2026-01-05,Gérald Darmanin,1.1,polymarket
2026-01-06,Gérald Darmanin,1.25,polymarket
2026-01-07,Gérald Darmanin,0.9,polymarket
2026-01-08,Gérald Darmanin,0.9,polymarket
2026-01-09,Gérald Darmanin,0.85,polymarket
2026-01-10,Gérald Darmanin,0.85,polymarket
2026-01-11,Gérald Darmanin,0.8,polymarket
2026-01-12,Gérald Darmanin,0.9,polymarket
2026-01-13,Gérald Darmanin,0.85,polymarket
2026-01-14,Gérald Darmanin,0.85,polymarket
2026-01-15,Gérald Darmanin,0.75,polymarket
2026-01-16,Gérald Darmanin,0.8,polymarket
2026-01-17,Gérald Darmanin,0.75,polymarket
2026-01-18,Gérald Darmanin,0.7,polymarket
2026-01-19,Gérald Darmanin,0.7,polymarket
2026-01-20,Gérald Darmanin,0.6,polymarket
2026-01-21,Gérald Darmanin,0.7,polymarket
2026-01-22,Gérald Darmanin,1.15,polymarket
2026-01-23,Gérald Darmanin,1.05,polymarket
2026-01-24,Gérald Darmanin,1.05,polymarket
2026-01-25,Gérald Darmanin,1.0,polymarket
2026-01-26,Gérald Darmanin,0.9,polymarket
2026-01-27,Gérald Darmanin,0.9,polymarket
2026-01-28,Gérald Darmanin,0.9,polymarket
2026-01-29,Gérald Darmanin,0.9,polymarket
2026-01-30,Gérald Darmanin,1.05,polymarket
2026-01-31,Gérald Darmanin,1.0,polymarket
2026-02-01,Gérald Darmanin,1.0,polymarket
2026-02-02,Gérald Darmanin,1.0,polymarket
2026-02-03,Gérald Darmanin,0.7,polymarket
2026-02-04,Gérald Darmanin,0.75,polymarket
2026-02-05,Gérald Darmanin,0.75,polymarket
2026-02-06,Gérald Darmanin,0.7,polymarket
2026-02-07,Gérald Darmanin,0.6,polymarket
2026-02-08,Gérald Darmanin,0.55,polymarket
2026-02-09,Gérald Darmanin,0.65,polymarket
2026-02-10,Gérald Darmanin,0.65,polymarket
2026-02-11,Gérald Darmanin,0.65,polymarket
2026-02-12,Gérald Darmanin,0.65,polymarket
2026-02-13,Gérald Darmanin,0.65,polymarket
2026-02-14,Gérald Darmanin,0.65,polymarket
2026-02-15,Gérald Darmanin,0.65,polymarket
2026-02-16,Gérald Darmanin,0.65,polymarket
2026-02-17,Gérald Darmanin,0.65,polymarket
2026-02-18,Gérald Darmanin,0.55,polymarket
2026-02-19,Gérald Darmanin,0.55,polymarket
2026-02-20,Gérald Darmanin,0.65,polymarket
2026-02-21,Gérald Darmanin,1.05,polymarket
2026-02-22,Gérald Darmanin,0.65,polymarket
2026-02-23,Gérald Darmanin,0.6,polymarket
2026-02-24,Gérald Darmanin,0.55,polymarket
2026-02-25,Gérald Darmanin,0.9,polymarket
2026-02-26,Gérald Darmanin,0.75,polymarket
2026-02-27,Gérald Darmanin,0.75,polymarket
2026-02-28,Gérald Darmanin,0.95,polymarket
2026-03-01,Gérald Darmanin,1.4,polymarket
2026-03-02,Gérald Darmanin,1.15,polymarket
2026-03-03,Gérald Darmanin,0.95,polymarket
2026-03-04,Gérald Darmanin,0.95,polymarket
2026-03-05,Gérald Darmanin,0.7,polymarket
2026-03-06,Gérald Darmanin,0.7,polymarket
2026-03-07,Gérald Darmanin,1.05,polymarket
2026-03-08,Gérald Darmanin,1.05,polymarket
2026-03-09,Gérald Darmanin,1.1,polymarket
2026-03-10,Gérald Darmanin,1.1,polymarket
2026-03-11,Gérald Darmanin,1.15,polymarket
2026-03-12,Gérald Darmanin,0.95,polymarket
2026-03-13,Gérald Darmanin,0.95,polymarket
2026-03-14,Gérald Darmanin,1.05,polymarket
2026-03-15,Gérald Darmanin,1.15,polymarket
2026-03-17,Gérald Darmanin,1.0,polymarket
2026-03-18,Gérald Darmanin,0.95,polymarket
2026-03-19,Gérald Darmanin,0.95,polymarket
2026-03-20,Gérald Darmanin,0.95,polymarket
2026-03-21,Gérald Darmanin,1.05,polymarket
2026-03-22,Gérald Darmanin,1.05,polymarket
2026-03-23,Gérald Darmanin,1.5,polymarket
2026-03-24,Gérald Darmanin,1.05,polymarket
2026-03-25,Gérald Darmanin,1.4,polymarket
2026-03-26,Gérald Darmanin,1.05,polymarket
2026-03-27,Gérald Darmanin,1.05,polymarket
2026-03-28,Gérald Darmanin,1.2,polymarket
2026-03-29,Gérald Darmanin,1.5,polymarket
2026-04-09,Gérald Darmanin,1.15,polymarket
2026-04-22,Gérald Darmanin,1.15,polymarket
2026-04-23,Gérald Darmanin,1.15,polymarket
2026-04-24,Gérald Darmanin,1.15,polymarket
2026-04-25,Gérald Darmanin,1.15,polymarket
2026-04-26,Gérald Darmanin,1.1,polymarket
2026-04-27,Gérald Darmanin,1.15,polymarket
2026-04-28,Gérald Darmanin,1.15,polymarket
2026-04-29,Gérald Darmanin,1.15,polymarket
2026-04-30,Gérald Darmanin,1.15,polymarket
2026-05-01,Gérald Darmanin,1.05,polymarket
2026-05-02,Gérald Darmanin,1.05,polymarket
2026-05-03,Gérald Darmanin,1.05,polymarket
2026-05-04,Gérald Darmanin,1.05,polymarket
2026-05-05,Gérald Darmanin,1.05,polymarket
2026-05-06,Gérald Darmanin,0.95,polymarket
2026-05-07,Gérald Darmanin,0.95,polymarket
2026-05-08,Gérald Darmanin,0.85,polymarket
2026-05-09,Gérald Darmanin,0.85,polymarket
2026-05-10,Gérald Darmanin,0.85,polymarket
2026-05-11,Gérald Darmanin,0.85,polymarket
2026-05-12,Gérald Darmanin,0.85,polymarket
2026-05-13,Gérald Darmanin,0.75,polymarket
2026-05-14,Gérald Darmanin,0.75,polymarket
2026-05-15,Gérald Darmanin,0.75,polymarket
2026-05-16,Gérald Darmanin,0.75,polymarket
2026-05-17,Gérald Darmanin,0.75,polymarket
2026-05-18,Gérald Darmanin,0.75,polymarket
2026-05-19,Gérald Darmanin,0.75,polymarket
2026-05-20,Gérald Darmanin,0.75,polymarket
2026-05-21,Gérald Darmanin,0.75,polymarket
2026-05-22,Gérald Darmanin,0.75,polymarket
2026-05-23,Gérald Darmanin,0.75,polymarket
2026-05-24,Gérald Darmanin,0.75,polymarket
2026-05-25,Gérald Darmanin,0.75,polymarket
2026-05-26,Gérald Darmanin,0.75,polymarket
2026-05-27,Gérald Darmanin,0.85,polymarket
2026-05-28,Gérald Darmanin,0.85,polymarket
2026-05-29,Gérald Darmanin,0.85,polymarket
2026-05-30,Gérald Darmanin,0.85,polymarket
2026-05-31,Gérald Darmanin,0.85,polymarket
2026-06-01,Gérald Darmanin,0.75,polymarket
2026-06-02,Gérald Darmanin,0.75,polymarket
2026-06-03,Gérald Darmanin,0.75,polymarket
2026-06-04,Gérald Darmanin,0.65,polymarket
2026-06-05,Gérald Darmanin,0.65,polymarket
2026-06-06,Gérald Darmanin,0.55,polymarket
2026-06-07,Gérald Darmanin,0.65,polymarket
2026-06-08,Gérald Darmanin,1.25,polymarket
2026-06-09,Gérald Darmanin,1.25,polymarket
2026-06-10,Gérald Darmanin,0.95,polymarket
2026-06-11,Gérald Darmanin,0.85,polymarket
2026-06-12,Gérald Darmanin,0.85,polymarket
2026-06-13,Gérald Darmanin,0.75,polymarket
2026-06-14,Gérald Darmanin,0.75,polymarket
2026-06-15,Gérald Darmanin,0.75,polymarket
2026-06-16,Gérald Darmanin,0.75,polymarket
2026-06-17,Gérald Darmanin,0.75,polymarket
2026-06-18,Gérald Darmanin,0.75,polymarket
2026-06-19,Gérald Darmanin,0.75,polymarket
2026-06-20,Gérald Darmanin,0.75,polymarket
2026-06-21,Gérald Darmanin,0.75,polymarket
2026-06-22,Gérald Darmanin,0.75,polymarket
2026-06-23,Gérald Darmanin,0.75,polymarket
2026-06-24,Gérald Darmanin,0.75,polymarket
2026-06-25,Gérald Darmanin,0.75,polymarket
2026-06-26,Gérald Darmanin,0.75,polymarket
2026-06-27,Gérald Darmanin,0.75,polymarket
2026-06-28,Gérald Darmanin,0.65,polymarket
2026-06-29,Gérald Darmanin,0.65,polymarket
2026-06-30,Gérald Darmanin,0.65,polymarket
2026-07-01,Gérald Darmanin,0.65,polymarket
2026-07-02,Gérald Darmanin,0.65,polymarket
2026-07-03,Gérald Darmanin,0.65,polymarket
2026-07-04,Gérald Darmanin,0.65,polymarket
2026-07-05,Gérald Darmanin,0.65,polymarket
2026-07-06,Gérald Darmanin,0.65,polymarket
2026-07-07,Gérald Darmanin,0.65,polymarket
2026-07-08,Gérald Darmanin,0.65,polymarket
2026-07-09,Gérald Darmanin,0.65,polymarket
2025-11-14,Jean Castex,20.5,polymarket
2025-11-15,Jean Castex,1.55,polymarket
2025-11-16,Jean Castex,1.5,polymarket
2025-11-17,Jean Castex,1.55,polymarket
2025-11-18,Jean Castex,0.5,polymarket
2025-11-19,Jean Castex,0.45,polymarket
2025-11-20,Jean Castex,0.45,polymarket
2025-11-21,Jean Castex,0.45,polymarket
2025-11-22,Jean Castex,0.35,polymarket
2025-11-23,Jean Castex,0.3,polymarket
2025-11-24,Jean Castex,0.3,polymarket
2025-11-25,Jean Castex,0.3,polymarket
2025-11-26,Jean Castex,0.3,polymarket
2025-11-27,Jean Castex,0.3,polymarket
2025-11-28,Jean Castex,0.3,polymarket
2025-11-29,Jean Castex,0.25,polymarket
2025-11-30,Jean Castex,0.2,polymarket
2025-12-01,Jean Castex,0.2,polymarket
2025-12-02,Jean Castex,0.2,polymarket
2025-12-03,Jean Castex,0.15,polymarket
2025-12-04,Jean Castex,0.15,polymarket
2025-12-05,Jean Castex,0.15,polymarket
2025-12-06,Jean Castex,0.15,polymarket
2025-12-07,Jean Castex,0.15,polymarket
2025-12-08,Jean Castex,0.15,polymarket
2025-12-09,Jean Castex,0.15,polymarket
2025-12-10,Jean Castex,0.15,polymarket
2025-12-11,Jean Castex,0.2,polymarket
2025-12-12,Jean Castex,0.2,polymarket
2025-12-13,Jean Castex,0.15,polymarket
2025-12-14,Jean Castex,0.15,polymarket
2025-12-15,Jean Castex,0.15,polymarket
2025-12-16,Jean Castex,0.15,polymarket
2025-12-17,Jean Castex,0.15,polymarket
2025-12-18,Jean Castex,0.15,polymarket
2025-12-19,Jean Castex,0.15,polymarket
2025-12-20,Jean Castex,0.7,polymarket
2025-12-21,Jean Castex,0.8,polymarket
2025-12-22,Jean Castex,0.8,polymarket
2025-12-23,Jean Castex,0.8,polymarket
2025-12-24,Jean Castex,0.8,polymarket
2025-12-25,Jean Castex,0.85,polymarket
2025-12-26,Jean Castex,0.9,polymarket
2025-12-27,Jean Castex,0.9,polymarket
2025-12-28,Jean Castex,0.9,polymarket
2025-12-29,Jean Castex,0.9,polymarket
2025-12-30,Jean Castex,0.85,polymarket
2025-12-31,Jean Castex,0.8,polymarket
2026-01-01,Jean Castex,0.8,polymarket
2026-01-02,Jean Castex,0.8,polymarket
2026-01-03,Jean Castex,0.8,polymarket
2026-01-04,Jean Castex,0.7,polymarket
2026-01-05,Jean Castex,0.7,polymarket
2026-01-06,Jean Castex,0.65,polymarket
2026-01-07,Jean Castex,0.7,polymarket
2026-01-08,Jean Castex,0.55,polymarket
2026-01-09,Jean Castex,0.5,polymarket
2026-01-10,Jean Castex,0.5,polymarket
2026-01-11,Jean Castex,0.5,polymarket
2026-01-12,Jean Castex,0.6,polymarket
2026-01-13,Jean Castex,0.6,polymarket
2026-01-14,Jean Castex,0.55,polymarket
2026-01-15,Jean Castex,0.55,polymarket
2026-01-16,Jean Castex,0.55,polymarket
2026-01-17,Jean Castex,0.55,polymarket
2026-01-18,Jean Castex,0.5,polymarket
2026-01-19,Jean Castex,0.5,polymarket
2026-01-20,Jean Castex,0.5,polymarket
2026-01-21,Jean Castex,0.45,polymarket
2026-01-22,Jean Castex,0.5,polymarket
2026-01-23,Jean Castex,0.5,polymarket
2026-01-24,Jean Castex,0.4,polymarket
2026-01-25,Jean Castex,0.4,polymarket
2026-01-26,Jean Castex,0.3,polymarket
2026-01-27,Jean Castex,1.45,polymarket
2026-01-28,Jean Castex,0.95,polymarket
2026-01-29,Jean Castex,1.0,polymarket
2026-01-30,Jean Castex,0.8,polymarket
2026-01-31,Jean Castex,0.75,polymarket
2026-02-01,Jean Castex,1.3,polymarket
2026-02-02,Jean Castex,1.15,polymarket
2026-02-03,Jean Castex,1.45,polymarket
2026-02-04,Jean Castex,1.15,polymarket
2026-02-05,Jean Castex,1.05,polymarket
2026-02-06,Jean Castex,1.0,polymarket
2026-02-07,Jean Castex,1.0,polymarket
2026-02-08,Jean Castex,1.45,polymarket
2026-02-09,Jean Castex,1.35,polymarket
2026-02-10,Jean Castex,1.45,polymarket
2026-02-12,Jean Castex,3.15,polymarket
2026-02-13,Jean Castex,2.0,polymarket
2026-02-14,Jean Castex,2.55,polymarket
2026-02-15,Jean Castex,2.05,polymarket
2026-02-17,Jean Castex,1.95,polymarket
2026-02-21,Jean Castex,1.85,polymarket
2026-02-22,Jean Castex,1.75,polymarket
2026-02-23,Jean Castex,1.95,polymarket
2026-02-24,Jean Castex,2.0,polymarket
2026-02-25,Jean Castex,2.4,polymarket
2026-02-26,Jean Castex,1.9,polymarket
2026-02-27,Jean Castex,1.75,polymarket
2026-02-28,Jean Castex,1.55,polymarket
2026-03-03,Jean Castex,1.65,polymarket
2026-03-04,Jean Castex,1.65,polymarket
2026-03-05,Jean Castex,1.75,polymarket
2026-03-06,Jean Castex,1.8,polymarket
2026-03-07,Jean Castex,2.1,polymarket
2026-03-08,Jean Castex,3.45,polymarket
2026-03-09,Jean Castex,3.15,polymarket
2026-03-10,Jean Castex,3.05,polymarket
2026-03-11,Jean Castex,3.45,polymarket
2026-03-14,Jean Castex,3.45,polymarket
2026-03-15,Jean Castex,3.15,polymarket
2026-03-17,Jean Castex,3.45,polymarket
2026-03-18,Jean Castex,3.55,polymarket
2026-03-19,Jean Castex,3.35,polymarket
2026-03-20,Jean Castex,3.4,polymarket
2026-03-21,Jean Castex,3.55,polymarket
2026-03-22,Jean Castex,2.95,polymarket
2026-03-23,Jean Castex,2.55,polymarket
2026-03-24,Jean Castex,2.4,polymarket
2026-03-25,Jean Castex,2.05,polymarket
2026-03-26,Jean Castex,1.95,polymarket
2026-03-27,Jean Castex,2.0,polymarket
2026-03-28,Jean Castex,1.55,polymarket
2026-03-29,Jean Castex,1.15,polymarket
2026-03-30,Jean Castex,1.05,polymarket
2026-03-31,Jean Castex,0.75,polymarket
2026-04-01,Jean Castex,1.15,polymarket
2026-04-02,Jean Castex,1.15,polymarket
2026-04-03,Jean Castex,1.05,polymarket
2026-04-04,Jean Castex,0.65,polymarket
2026-04-06,Jean Castex,0.85,polymarket
2026-04-07,Jean Castex,2.15,polymarket
2026-04-08,Jean Castex,2.3,polymarket
2026-04-09,Jean Castex,2.25,polymarket
2026-04-10,Jean Castex,2.25,polymarket
2026-04-11,Jean Castex,2.35,polymarket
2026-04-13,Jean Castex,2.25,polymarket
2026-04-15,Jean Castex,1.15,polymarket
2026-04-16,Jean Castex,1.15,polymarket
2026-04-17,Jean Castex,1.15,polymarket
2026-04-19,Jean Castex,1.9,polymarket
2026-04-20,Jean Castex,1.75,polymarket
2026-04-21,Jean Castex,1.65,polymarket
2026-04-22,Jean Castex,1.45,polymarket
2026-04-23,Jean Castex,1.45,polymarket
2026-04-24,Jean Castex,1.45,polymarket
2026-04-25,Jean Castex,1.45,polymarket
2026-04-26,Jean Castex,1.45,polymarket
2026-04-27,Jean Castex,1.35,polymarket
2026-04-28,Jean Castex,0.85,polymarket
2026-04-29,Jean Castex,1.55,polymarket
2026-04-30,Jean Castex,1.55,polymarket
2026-05-01,Jean Castex,1.45,polymarket
2026-05-02,Jean Castex,1.45,polymarket
2026-05-03,Jean Castex,1.45,polymarket
2026-05-04,Jean Castex,0.85,polymarket
2026-05-05,Jean Castex,0.95,polymarket
2026-05-06,Jean Castex,0.95,polymarket
2026-05-07,Jean Castex,0.95,polymarket
2026-05-08,Jean Castex,0.95,polymarket
2026-05-09,Jean Castex,0.95,polymarket
2026-05-10,Jean Castex,0.95,polymarket
2026-05-11,Jean Castex,0.95,polymarket
2026-05-12,Jean Castex,0.95,polymarket
2026-05-13,Jean Castex,0.95,polymarket
2026-05-14,Jean Castex,0.85,polymarket
2026-05-15,Jean Castex,0.85,polymarket
2026-05-16,Jean Castex,0.85,polymarket
2026-05-17,Jean Castex,0.85,polymarket
2026-05-18,Jean Castex,0.85,polymarket
2026-05-19,Jean Castex,0.85,polymarket
2026-05-20,Jean Castex,0.85,polymarket
2026-05-21,Jean Castex,0.85,polymarket
2026-05-22,Jean Castex,0.85,polymarket
2026-05-23,Jean Castex,0.85,polymarket
2026-05-24,Jean Castex,0.85,polymarket
2026-05-25,Jean Castex,0.85,polymarket
2026-05-26,Jean Castex,0.85,polymarket
2026-05-27,Jean Castex,0.85,polymarket
2026-05-28,Jean Castex,0.85,polymarket
2026-05-29,Jean Castex,0.85,polymarket
2026-05-30,Jean Castex,0.85,polymarket
2026-05-31,Jean Castex,0.85,polymarket
2026-06-01,Jean Castex,0.85,polymarket
2026-06-02,Jean Castex,0.85,polymarket
2026-06-03,Jean Castex,0.85,polymarket
2026-06-04,Jean Castex,0.85,polymarket
2026-06-05,Jean Castex,0.85,polymarket
2026-06-06,Jean Castex,0.85,polymarket
2026-06-07,Jean Castex,0.75,polymarket
2026-06-08,Jean Castex,0.75,polymarket
2026-06-09,Jean Castex,0.75,polymarket
2026-06-10,Jean Castex,0.75,polymarket
2026-06-11,Jean Castex,0.65,polymarket
2026-06-12,Jean Castex,0.65,polymarket
2026-06-13,Jean Castex,0.65,polymarket
2026-06-14,Jean Castex,0.65,polymarket
2026-06-15,Jean Castex,0.65,polymarket
2026-06-16,Jean Castex,0.65,polymarket
2026-06-17,Jean Castex,0.65,polymarket
2026-06-18,Jean Castex,0.65,polymarket
2026-06-19,Jean Castex,0.65,polymarket
2026-06-20,Jean Castex,0.65,polymarket
2026-06-21,Jean Castex,0.65,polymarket
2026-06-22,Jean Castex,0.65,polymarket
2026-06-23,Jean Castex,0.65,polymarket
2026-06-24,Jean Castex,0.65,polymarket
2026-06-25,Jean Castex,0.65,polymarket
2026-06-26,Jean Castex,0.65,polymarket
2026-06-27,Jean Castex,0.65,polymarket
2026-06-28,Jean Castex,0.65,polymarket
2026-06-29,Jean Castex,0.65,polymarket
2026-06-30,Jean Castex,0.65,polymarket
2026-07-01,Jean Castex,0.65,polymarket
2026-07-02,Jean Castex,0.65,polymarket
2026-07-03,Jean Castex,0.65,polymarket
2026-07-04,Jean Castex,0.65,polymarket
2026-07-05,Jean Castex,0.65,polymarket
2026-07-06,Jean Castex,0.65,polymarket
2026-07-07,Jean Castex,0.65,polymarket
2026-07-08,Jean Castex,0.65,polymarket
2026-07-09,Jean Castex,0.65,polymarket
2025-11-14,Jean-Luc Mélenchon,17.5,polymarket
2025-11-15,Jean-Luc Mélenchon,7.0,polymarket
2025-11-16,Jean-Luc Mélenchon,7.0,polymarket
2025-11-17,Jean-Luc Mélenchon,7.0,polymarket
2025-11-18,Jean-Luc Mélenchon,7.0,polymarket
2025-11-19,Jean-Luc Mélenchon,10.0,polymarket
2025-11-20,Jean-Luc Mélenchon,10.5,polymarket
2025-11-21,Jean-Luc Mélenchon,10.0,polymarket
2025-11-22,Jean-Luc Mélenchon,9.0,polymarket
2025-11-23,Jean-Luc Mélenchon,9.0,polymarket
2025-11-24,Jean-Luc Mélenchon,9.5,polymarket
2025-11-25,Jean-Luc Mélenchon,9.5,polymarket
2025-11-26,Jean-Luc Mélenchon,8.5,polymarket
2025-11-27,Jean-Luc Mélenchon,8.5,polymarket
2025-11-28,Jean-Luc Mélenchon,9.5,polymarket
2025-11-29,Jean-Luc Mélenchon,9.5,polymarket
2025-11-30,Jean-Luc Mélenchon,9.5,polymarket
2025-12-01,Jean-Luc Mélenchon,9.5,polymarket
2025-12-02,Jean-Luc Mélenchon,9.5,polymarket
2025-12-03,Jean-Luc Mélenchon,8.5,polymarket
2025-12-04,Jean-Luc Mélenchon,9.0,polymarket
2025-12-05,Jean-Luc Mélenchon,9.0,polymarket
2025-12-06,Jean-Luc Mélenchon,9.0,polymarket
2025-12-07,Jean-Luc Mélenchon,9.5,polymarket
2025-12-08,Jean-Luc Mélenchon,9.5,polymarket
2025-12-09,Jean-Luc Mélenchon,9.5,polymarket
2025-12-10,Jean-Luc Mélenchon,9.5,polymarket
2025-12-11,Jean-Luc Mélenchon,9.5,polymarket
2025-12-12,Jean-Luc Mélenchon,9.5,polymarket
2025-12-13,Jean-Luc Mélenchon,9.5,polymarket
2025-12-14,Jean-Luc Mélenchon,9.5,polymarket
2025-12-15,Jean-Luc Mélenchon,11.0,polymarket
2025-12-16,Jean-Luc Mélenchon,10.5,polymarket
2025-12-17,Jean-Luc Mélenchon,10.5,polymarket
2025-12-18,Jean-Luc Mélenchon,10.5,polymarket
2025-12-19,Jean-Luc Mélenchon,10.0,polymarket
2025-12-20,Jean-Luc Mélenchon,10.0,polymarket
2025-12-21,Jean-Luc Mélenchon,10.0,polymarket
2025-12-22,Jean-Luc Mélenchon,9.5,polymarket
2025-12-23,Jean-Luc Mélenchon,9.5,polymarket
2025-12-24,Jean-Luc Mélenchon,9.5,polymarket
2025-12-25,Jean-Luc Mélenchon,9.0,polymarket
2025-12-26,Jean-Luc Mélenchon,9.0,polymarket
2025-12-27,Jean-Luc Mélenchon,10.0,polymarket
2025-12-28,Jean-Luc Mélenchon,11.0,polymarket
2025-12-29,Jean-Luc Mélenchon,10.0,polymarket
2025-12-30,Jean-Luc Mélenchon,11.0,polymarket
2025-12-31,Jean-Luc Mélenchon,10.5,polymarket
2026-01-01,Jean-Luc Mélenchon,11.0,polymarket
2026-01-02,Jean-Luc Mélenchon,10.5,polymarket
2026-01-03,Jean-Luc Mélenchon,10.5,polymarket
2026-01-04,Jean-Luc Mélenchon,10.5,polymarket
2026-01-05,Jean-Luc Mélenchon,11.5,polymarket
2026-01-06,Jean-Luc Mélenchon,11.5,polymarket
2026-01-07,Jean-Luc Mélenchon,11.5,polymarket
2026-01-08,Jean-Luc Mélenchon,11.0,polymarket
2026-01-09,Jean-Luc Mélenchon,10.5,polymarket
2026-01-10,Jean-Luc Mélenchon,11.0,polymarket
2026-01-11,Jean-Luc Mélenchon,10.5,polymarket
2026-01-12,Jean-Luc Mélenchon,10.5,polymarket
2026-01-13,Jean-Luc Mélenchon,11.0,polymarket
2026-01-14,Jean-Luc Mélenchon,11.5,polymarket
2026-01-15,Jean-Luc Mélenchon,12.0,polymarket
2026-01-16,Jean-Luc Mélenchon,12.0,polymarket
2026-01-17,Jean-Luc Mélenchon,11.0,polymarket
2026-01-18,Jean-Luc Mélenchon,11.5,polymarket
2026-01-19,Jean-Luc Mélenchon,10.5,polymarket
2026-01-20,Jean-Luc Mélenchon,10.5,polymarket
2026-01-21,Jean-Luc Mélenchon,10.5,polymarket
2026-01-22,Jean-Luc Mélenchon,11.5,polymarket
2026-01-23,Jean-Luc Mélenchon,11.5,polymarket
2026-01-24,Jean-Luc Mélenchon,11.0,polymarket
2026-01-25,Jean-Luc Mélenchon,11.5,polymarket
2026-01-26,Jean-Luc Mélenchon,12.5,polymarket
2026-01-27,Jean-Luc Mélenchon,12.0,polymarket
2026-01-28,Jean-Luc Mélenchon,12.0,polymarket
2026-01-29,Jean-Luc Mélenchon,12.0,polymarket
2026-01-30,Jean-Luc Mélenchon,12.0,polymarket
2026-01-31,Jean-Luc Mélenchon,12.0,polymarket
2026-02-01,Jean-Luc Mélenchon,11.0,polymarket
2026-02-02,Jean-Luc Mélenchon,11.0,polymarket
2026-02-03,Jean-Luc Mélenchon,10.5,polymarket
2026-02-04,Jean-Luc Mélenchon,11.0,polymarket
2026-02-05,Jean-Luc Mélenchon,10.5,polymarket
2026-02-06,Jean-Luc Mélenchon,10.5,polymarket
2026-02-07,Jean-Luc Mélenchon,10.5,polymarket
2026-02-08,Jean-Luc Mélenchon,10.5,polymarket
2026-02-09,Jean-Luc Mélenchon,11.0,polymarket
2026-02-10,Jean-Luc Mélenchon,11.5,polymarket
2026-02-11,Jean-Luc Mélenchon,10.5,polymarket
2026-02-12,Jean-Luc Mélenchon,11.0,polymarket
2026-02-13,Jean-Luc Mélenchon,10.5,polymarket
2026-02-14,Jean-Luc Mélenchon,9.5,polymarket
2026-02-15,Jean-Luc Mélenchon,9.5,polymarket
2026-02-16,Jean-Luc Mélenchon,9.5,polymarket
2026-02-17,Jean-Luc Mélenchon,10.5,polymarket
2026-02-18,Jean-Luc Mélenchon,10.5,polymarket
2026-02-19,Jean-Luc Mélenchon,10.5,polymarket
2026-02-20,Jean-Luc Mélenchon,10.5,polymarket
2026-02-21,Jean-Luc Mélenchon,9.5,polymarket
2026-02-22,Jean-Luc Mélenchon,10.5,polymarket
2026-02-23,Jean-Luc Mélenchon,9.5,polymarket
2026-02-24,Jean-Luc Mélenchon,10.5,polymarket
2026-02-25,Jean-Luc Mélenchon,11.5,polymarket
2026-02-26,Jean-Luc Mélenchon,10.5,polymarket
2026-02-27,Jean-Luc Mélenchon,9.5,polymarket
2026-02-28,Jean-Luc Mélenchon,9.5,polymarket
2026-03-02,Jean-Luc Mélenchon,9.5,polymarket
2026-03-03,Jean-Luc Mélenchon,9.5,polymarket
2026-03-04,Jean-Luc Mélenchon,9.5,polymarket
2026-03-05,Jean-Luc Mélenchon,9.5,polymarket
2026-03-06,Jean-Luc Mélenchon,9.5,polymarket
2026-03-07,Jean-Luc Mélenchon,9.5,polymarket
2026-03-08,Jean-Luc Mélenchon,11.5,polymarket
2026-03-09,Jean-Luc Mélenchon,9.5,polymarket
2026-03-10,Jean-Luc Mélenchon,9.5,polymarket
2026-03-11,Jean-Luc Mélenchon,10.5,polymarket
2026-03-12,Jean-Luc Mélenchon,10.5,polymarket
2026-03-14,Jean-Luc Mélenchon,9.5,polymarket
2026-03-15,Jean-Luc Mélenchon,9.5,polymarket
2026-03-16,Jean-Luc Mélenchon,9.5,polymarket
2026-03-17,Jean-Luc Mélenchon,9.5,polymarket
2026-03-18,Jean-Luc Mélenchon,9.5,polymarket
2026-03-19,Jean-Luc Mélenchon,9.5,polymarket
2026-03-20,Jean-Luc Mélenchon,9.5,polymarket
2026-03-21,Jean-Luc Mélenchon,9.5,polymarket
2026-03-22,Jean-Luc Mélenchon,9.5,polymarket
2026-03-23,Jean-Luc Mélenchon,9.5,polymarket
2026-03-24,Jean-Luc Mélenchon,9.5,polymarket
2026-03-25,Jean-Luc Mélenchon,9.5,polymarket
2026-03-26,Jean-Luc Mélenchon,9.5,polymarket
2026-03-27,Jean-Luc Mélenchon,9.5,polymarket
2026-03-28,Jean-Luc Mélenchon,9.5,polymarket
2026-03-29,Jean-Luc Mélenchon,8.5,polymarket
2026-03-30,Jean-Luc Mélenchon,8.5,polymarket
2026-03-31,Jean-Luc Mélenchon,8.5,polymarket
2026-04-01,Jean-Luc Mélenchon,6.5,polymarket
2026-04-02,Jean-Luc Mélenchon,6.5,polymarket
2026-04-09,Jean-Luc Mélenchon,6.5,polymarket
2026-04-18,Jean-Luc Mélenchon,7.5,polymarket
2026-04-22,Jean-Luc Mélenchon,8.5,polymarket
2026-04-23,Jean-Luc Mélenchon,8.5,polymarket
2026-04-24,Jean-Luc Mélenchon,8.5,polymarket
2026-04-25,Jean-Luc Mélenchon,9.0,polymarket
2026-04-26,Jean-Luc Mélenchon,9.0,polymarket
2026-04-27,Jean-Luc Mélenchon,9.0,polymarket
2026-04-28,Jean-Luc Mélenchon,8.5,polymarket
2026-04-29,Jean-Luc Mélenchon,8.5,polymarket
2026-04-30,Jean-Luc Mélenchon,8.5,polymarket
2026-05-01,Jean-Luc Mélenchon,8.5,polymarket
2026-05-02,Jean-Luc Mélenchon,8.5,polymarket
2026-05-03,Jean-Luc Mélenchon,8.5,polymarket
2026-05-04,Jean-Luc Mélenchon,9.5,polymarket
2026-05-05,Jean-Luc Mélenchon,8.5,polymarket
2026-05-06,Jean-Luc Mélenchon,8.5,polymarket
2026-05-07,Jean-Luc Mélenchon,8.5,polymarket
2026-05-08,Jean-Luc Mélenchon,8.5,polymarket
2026-05-09,Jean-Luc Mélenchon,8.5,polymarket
2026-05-10,Jean-Luc Mélenchon,9.5,polymarket
2026-05-11,Jean-Luc Mélenchon,9.5,polymarket
2026-05-12,Jean-Luc Mélenchon,10.5,polymarket
2026-05-13,Jean-Luc Mélenchon,10.5,polymarket
2026-05-14,Jean-Luc Mélenchon,10.5,polymarket
2026-05-15,Jean-Luc Mélenchon,10.5,polymarket
2026-05-16,Jean-Luc Mélenchon,10.5,polymarket
2026-05-17,Jean-Luc Mélenchon,11.5,polymarket
2026-05-18,Jean-Luc Mélenchon,10.5,polymarket
2026-05-19,Jean-Luc Mélenchon,10.5,polymarket
2026-05-20,Jean-Luc Mélenchon,10.5,polymarket
2026-05-21,Jean-Luc Mélenchon,10.5,polymarket
2026-05-22,Jean-Luc Mélenchon,10.5,polymarket
2026-05-23,Jean-Luc Mélenchon,9.5,polymarket
2026-05-24,Jean-Luc Mélenchon,9.5,polymarket
2026-05-25,Jean-Luc Mélenchon,9.5,polymarket
2026-05-26,Jean-Luc Mélenchon,9.5,polymarket
2026-05-27,Jean-Luc Mélenchon,11.5,polymarket
2026-05-28,Jean-Luc Mélenchon,11.5,polymarket
2026-05-29,Jean-Luc Mélenchon,11.5,polymarket
2026-05-30,Jean-Luc Mélenchon,11.5,polymarket
2026-05-31,Jean-Luc Mélenchon,11.5,polymarket
2026-06-01,Jean-Luc Mélenchon,12.5,polymarket
2026-06-02,Jean-Luc Mélenchon,12.5,polymarket
2026-06-03,Jean-Luc Mélenchon,11.5,polymarket
2026-06-04,Jean-Luc Mélenchon,12.5,polymarket
2026-06-05,Jean-Luc Mélenchon,12.5,polymarket
2026-06-06,Jean-Luc Mélenchon,12.5,polymarket
2026-06-07,Jean-Luc Mélenchon,12.5,polymarket
2026-06-08,Jean-Luc Mélenchon,12.5,polymarket
2026-06-09,Jean-Luc Mélenchon,12.5,polymarket
2026-06-10,Jean-Luc Mélenchon,12.5,polymarket
2026-06-11,Jean-Luc Mélenchon,12.5,polymarket
2026-06-12,Jean-Luc Mélenchon,12.5,polymarket
2026-06-13,Jean-Luc Mélenchon,12.5,polymarket
2026-06-14,Jean-Luc Mélenchon,12.5,polymarket
2026-06-15,Jean-Luc Mélenchon,12.5,polymarket
2026-06-16,Jean-Luc Mélenchon,12.5,polymarket
2026-06-17,Jean-Luc Mélenchon,12.5,polymarket
2026-06-18,Jean-Luc Mélenchon,11.5,polymarket
2026-06-19,Jean-Luc Mélenchon,9.5,polymarket
2026-06-20,Jean-Luc Mélenchon,9.5,polymarket
2026-06-21,Jean-Luc Mélenchon,10.5,polymarket
2026-06-22,Jean-Luc Mélenchon,10.5,polymarket
2026-06-23,Jean-Luc Mélenchon,11.5,polymarket
2026-06-24,Jean-Luc Mélenchon,11.5,polymarket
2026-06-25,Jean-Luc Mélenchon,11.5,polymarket
2026-06-26,Jean-Luc Mélenchon,11.5,polymarket
2026-06-27,Jean-Luc Mélenchon,11.5,polymarket
2026-06-28,Jean-Luc Mélenchon,11.5,polymarket
2026-06-29,Jean-Luc Mélenchon,11.5,polymarket
2026-06-30,Jean-Luc Mélenchon,11.5,polymarket
2026-07-01,Jean-Luc Mélenchon,11.5,polymarket
2026-07-02,Jean-Luc Mélenchon,11.5,polymarket
2026-07-03,Jean-Luc Mélenchon,11.5,polymarket
2026-07-04,Jean-Luc Mélenchon,11.5,polymarket
2026-07-05,Jean-Luc Mélenchon,11.5,polymarket
2026-07-06,Jean-Luc Mélenchon,9.5,polymarket
2026-07-07,Jean-Luc Mélenchon,9.5,polymarket
2026-07-08,Jean-Luc Mélenchon,10.5,polymarket
2026-07-09,Jean-Luc Mélenchon,11.5,polymarket
2025-11-14,Jordan Bardella,34.0,polymarket
2025-11-15,Jordan Bardella,26.5,polymarket
2025-11-16,Jordan Bardella,28.0,polymarket
2025-11-17,Jordan Bardella,28.0,polymarket
2025-11-18,Jordan Bardella,26.5,polymarket
2025-11-19,Jordan Bardella,28.0,polymarket
2025-11-20,Jordan Bardella,27.5,polymarket
2025-11-21,Jordan Bardella,28.0,polymarket
2025-11-22,Jordan Bardella,26.5,polymarket
2025-11-23,Jordan Bardella,27.0,polymarket
2025-11-24,Jordan Bardella,26.0,polymarket
2025-11-25,Jordan Bardella,28.0,polymarket
2025-11-26,Jordan Bardella,31.5,polymarket
2025-11-27,Jordan Bardella,33.5,polymarket
2025-11-28,Jordan Bardella,31.5,polymarket
2025-11-29,Jordan Bardella,33.5,polymarket
2025-11-30,Jordan Bardella,34.0,polymarket
2025-12-01,Jordan Bardella,33.5,polymarket
2025-12-02,Jordan Bardella,34.5,polymarket
2025-12-03,Jordan Bardella,35.0,polymarket
2025-12-04,Jordan Bardella,35.5,polymarket
2025-12-05,Jordan Bardella,35.0,polymarket
2025-12-06,Jordan Bardella,36.0,polymarket
2025-12-07,Jordan Bardella,36.0,polymarket
2025-12-08,Jordan Bardella,35.5,polymarket
2025-12-09,Jordan Bardella,35.0,polymarket
2025-12-10,Jordan Bardella,34.5,polymarket
2025-12-11,Jordan Bardella,33.0,polymarket
2025-12-12,Jordan Bardella,32.5,polymarket
2025-12-13,Jordan Bardella,31.5,polymarket
2025-12-14,Jordan Bardella,31.5,polymarket
2025-12-15,Jordan Bardella,33.5,polymarket
2025-12-16,Jordan Bardella,33.5,polymarket
2025-12-17,Jordan Bardella,33.5,polymarket
2025-12-18,Jordan Bardella,33.0,polymarket
2025-12-19,Jordan Bardella,34.0,polymarket
2025-12-20,Jordan Bardella,34.0,polymarket
2025-12-21,Jordan Bardella,33.5,polymarket
2025-12-22,Jordan Bardella,30.5,polymarket
2025-12-23,Jordan Bardella,32.0,polymarket
2025-12-24,Jordan Bardella,32.0,polymarket
2025-12-25,Jordan Bardella,30.5,polymarket
2025-12-26,Jordan Bardella,31.0,polymarket
2025-12-27,Jordan Bardella,31.0,polymarket
2025-12-28,Jordan Bardella,31.0,polymarket
2025-12-29,Jordan Bardella,30.0,polymarket
2025-12-30,Jordan Bardella,30.5,polymarket
2025-12-31,Jordan Bardella,31.5,polymarket
2026-01-01,Jordan Bardella,32.5,polymarket
2026-01-02,Jordan Bardella,33.0,polymarket
2026-01-03,Jordan Bardella,32.5,polymarket
2026-01-04,Jordan Bardella,32.0,polymarket
2026-01-05,Jordan Bardella,32.0,polymarket
2026-01-06,Jordan Bardella,33.0,polymarket
2026-01-07,Jordan Bardella,33.0,polymarket
2026-01-08,Jordan Bardella,32.0,polymarket
2026-01-09,Jordan Bardella,30.5,polymarket
2026-01-10,Jordan Bardella,31.5,polymarket
2026-01-11,Jordan Bardella,30.0,polymarket
2026-01-12,Jordan Bardella,30.5,polymarket
2026-01-13,Jordan Bardella,27.5,polymarket
2026-01-14,Jordan Bardella,26.0,polymarket
2026-01-15,Jordan Bardella,24.0,polymarket
2026-01-16,Jordan Bardella,24.0,polymarket
2026-01-17,Jordan Bardella,21.5,polymarket
2026-01-18,Jordan Bardella,25.0,polymarket
2026-01-19,Jordan Bardella,24.0,polymarket
2026-01-20,Jordan Bardella,23.5,polymarket
2026-01-21,Jordan Bardella,24.0,polymarket
2026-01-22,Jordan Bardella,25.0,polymarket
2026-01-23,Jordan Bardella,27.0,polymarket
2026-01-24,Jordan Bardella,30.5,polymarket
2026-01-25,Jordan Bardella,25.5,polymarket
2026-01-26,Jordan Bardella,26.0,polymarket
2026-01-27,Jordan Bardella,27.0,polymarket
2026-01-28,Jordan Bardella,27.5,polymarket
2026-01-29,Jordan Bardella,27.0,polymarket
2026-01-30,Jordan Bardella,24.5,polymarket
2026-01-31,Jordan Bardella,26.0,polymarket
2026-02-01,Jordan Bardella,26.0,polymarket
2026-02-02,Jordan Bardella,27.0,polymarket
2026-02-03,Jordan Bardella,30.0,polymarket
2026-02-04,Jordan Bardella,28.5,polymarket
2026-02-05,Jordan Bardella,29.0,polymarket
2026-02-06,Jordan Bardella,31.5,polymarket
2026-02-07,Jordan Bardella,32.5,polymarket
2026-02-08,Jordan Bardella,27.5,polymarket
2026-02-09,Jordan Bardella,29.5,polymarket
2026-02-10,Jordan Bardella,28.5,polymarket
2026-02-11,Jordan Bardella,29.5,polymarket
2026-02-12,Jordan Bardella,28.5,polymarket
2026-02-13,Jordan Bardella,28.5,polymarket
2026-02-14,Jordan Bardella,28.5,polymarket
2026-02-15,Jordan Bardella,28.5,polymarket
2026-02-16,Jordan Bardella,28.5,polymarket
2026-02-17,Jordan Bardella,28.5,polymarket
2026-02-18,Jordan Bardella,28.5,polymarket
2026-02-19,Jordan Bardella,27.5,polymarket
2026-02-20,Jordan Bardella,29.5,polymarket
2026-02-21,Jordan Bardella,29.5,polymarket
2026-02-22,Jordan Bardella,29.5,polymarket
2026-02-23,Jordan Bardella,30.5,polymarket
2026-02-24,Jordan Bardella,29.5,polymarket
2026-02-25,Jordan Bardella,29.5,polymarket
2026-02-26,Jordan Bardella,30.5,polymarket
2026-02-27,Jordan Bardella,31.5,polymarket
2026-02-28,Jordan Bardella,30.5,polymarket
2026-03-02,Jordan Bardella,28.5,polymarket
2026-03-03,Jordan Bardella,28.5,polymarket
2026-03-04,Jordan Bardella,28.5,polymarket
2026-03-05,Jordan Bardella,30.5,polymarket
2026-03-06,Jordan Bardella,29.5,polymarket
2026-03-07,Jordan Bardella,28.5,polymarket
2026-03-08,Jordan Bardella,27.5,polymarket
2026-03-09,Jordan Bardella,27.5,polymarket
2026-03-10,Jordan Bardella,28.0,polymarket
2026-03-11,Jordan Bardella,28.5,polymarket
2026-03-12,Jordan Bardella,28.5,polymarket
2026-03-14,Jordan Bardella,28.5,polymarket
2026-03-17,Jordan Bardella,26.5,polymarket
2026-03-18,Jordan Bardella,26.5,polymarket
2026-03-20,Jordan Bardella,26.0,polymarket
2026-03-21,Jordan Bardella,26.0,polymarket
2026-03-22,Jordan Bardella,26.0,polymarket
2026-03-23,Jordan Bardella,25.5,polymarket
2026-03-24,Jordan Bardella,24.5,polymarket
2026-03-25,Jordan Bardella,24.5,polymarket
2026-03-26,Jordan Bardella,24.5,polymarket
2026-03-27,Jordan Bardella,24.5,polymarket
2026-04-05,Jordan Bardella,21.0,polymarket
2026-04-09,Jordan Bardella,19.5,polymarket
2026-04-12,Jordan Bardella,20.0,polymarket
2026-04-22,Jordan Bardella,22.5,polymarket
2026-04-23,Jordan Bardella,20.5,polymarket
2026-04-24,Jordan Bardella,20.5,polymarket
2026-04-25,Jordan Bardella,20.5,polymarket
2026-04-26,Jordan Bardella,21.5,polymarket
2026-04-27,Jordan Bardella,21.5,polymarket
2026-04-28,Jordan Bardella,21.5,polymarket
2026-04-29,Jordan Bardella,22.5,polymarket
2026-04-30,Jordan Bardella,21.5,polymarket
2026-05-01,Jordan Bardella,22.0,polymarket
2026-05-02,Jordan Bardella,21.5,polymarket
2026-05-03,Jordan Bardella,22.0,polymarket
2026-05-04,Jordan Bardella,24.0,polymarket
2026-05-05,Jordan Bardella,23.5,polymarket
2026-05-06,Jordan Bardella,23.5,polymarket
2026-05-07,Jordan Bardella,23.5,polymarket
2026-05-08,Jordan Bardella,23.5,polymarket
2026-05-09,Jordan Bardella,23.5,polymarket
2026-05-10,Jordan Bardella,23.5,polymarket
2026-05-11,Jordan Bardella,23.5,polymarket
2026-05-12,Jordan Bardella,24.5,polymarket
2026-05-13,Jordan Bardella,23.5,polymarket
2026-05-14,Jordan Bardella,23.5,polymarket
2026-05-15,Jordan Bardella,23.5,polymarket
2026-05-16,Jordan Bardella,23.5,polymarket
2026-05-17,Jordan Bardella,23.5,polymarket
2026-05-18,Jordan Bardella,22.5,polymarket
2026-05-19,Jordan Bardella,23.5,polymarket
2026-05-20,Jordan Bardella,23.5,polymarket
2026-05-21,Jordan Bardella,23.5,polymarket
2026-05-22,Jordan Bardella,23.5,polymarket
2026-05-23,Jordan Bardella,23.5,polymarket
2026-05-24,Jordan Bardella,22.5,polymarket
2026-05-25,Jordan Bardella,22.5,polymarket
2026-05-26,Jordan Bardella,22.5,polymarket
2026-05-27,Jordan Bardella,22.5,polymarket
2026-05-28,Jordan Bardella,22.5,polymarket
2026-05-29,Jordan Bardella,25.5,polymarket
2026-05-30,Jordan Bardella,24.5,polymarket
2026-05-31,Jordan Bardella,23.5,polymarket
2026-06-01,Jordan Bardella,23.5,polymarket
2026-06-02,Jordan Bardella,22.5,polymarket
2026-06-03,Jordan Bardella,23.5,polymarket
2026-06-04,Jordan Bardella,26.5,polymarket
2026-06-05,Jordan Bardella,26.5,polymarket
2026-06-06,Jordan Bardella,25.5,polymarket
2026-06-07,Jordan Bardella,25.5,polymarket
2026-06-08,Jordan Bardella,26.5,polymarket
2026-06-09,Jordan Bardella,26.5,polymarket
2026-06-10,Jordan Bardella,27.5,polymarket
2026-06-11,Jordan Bardella,28.5,polymarket
2026-06-12,Jordan Bardella,27.5,polymarket
2026-06-13,Jordan Bardella,26.5,polymarket
2026-06-14,Jordan Bardella,26.5,polymarket
2026-06-15,Jordan Bardella,26.5,polymarket
2026-06-16,Jordan Bardella,25.5,polymarket
2026-06-17,Jordan Bardella,25.5,polymarket
2026-06-18,Jordan Bardella,25.5,polymarket
2026-06-19,Jordan Bardella,25.5,polymarket
2026-06-20,Jordan Bardella,25.5,polymarket
2026-06-21,Jordan Bardella,25.5,polymarket
2026-06-22,Jordan Bardella,24.5,polymarket
2026-06-23,Jordan Bardella,24.5,polymarket
2026-06-24,Jordan Bardella,24.5,polymarket
2026-06-25,Jordan Bardella,24.5,polymarket
2026-06-26,Jordan Bardella,24.5,polymarket
2026-06-27,Jordan Bardella,25.5,polymarket
2026-06-28,Jordan Bardella,25.5,polymarket
2026-06-29,Jordan Bardella,25.5,polymarket
2026-06-30,Jordan Bardella,26.5,polymarket
2026-07-01,Jordan Bardella,25.5,polymarket
2026-07-02,Jordan Bardella,25.5,polymarket
2026-07-03,Jordan Bardella,25.5,polymarket
2026-07-04,Jordan Bardella,25.5,polymarket
2026-07-05,Jordan Bardella,26.5,polymarket
2026-07-06,Jordan Bardella,25.5,polymarket
2026-07-07,Jordan Bardella,26.5,polymarket
2026-07-08,Jordan Bardella,5.35,polymarket
2026-07-09,Jordan Bardella,5.7,polymarket
2025-12-09,Juan Branco,2.1,polymarket
2025-12-10,Juan Branco,1.1,polymarket
2025-12-11,Juan Branco,1.1,polymarket
2025-12-12,Juan Branco,0.6,polymarket
2025-12-13,Juan Branco,1.15,polymarket
2025-12-14,Juan Branco,1.2,polymarket
2025-12-15,Juan Branco,1.2,polymarket
2025-12-16,Juan Branco,1.1,polymarket
2025-12-17,Juan Branco,0.5,polymarket
2025-12-18,Juan Branco,0.65,polymarket
2025-12-19,Juan Branco,0.4,polymarket
2025-12-20,Juan Branco,0.4,polymarket
2025-12-21,Juan Branco,0.5,polymarket
2025-12-22,Juan Branco,1.85,polymarket
2025-12-23,Juan Branco,0.85,polymarket
2025-12-24,Juan Branco,0.8,polymarket
2025-12-25,Juan Branco,0.75,polymarket
2025-12-26,Juan Branco,0.8,polymarket
2025-12-27,Juan Branco,0.8,polymarket
2025-12-28,Juan Branco,0.8,polymarket
2025-12-29,Juan Branco,0.8,polymarket
2025-12-30,Juan Branco,0.75,polymarket
2025-12-31,Juan Branco,0.7,polymarket
2026-01-01,Juan Branco,0.7,polymarket
2026-01-02,Juan Branco,0.7,polymarket
2026-01-03,Juan Branco,0.7,polymarket
2026-01-04,Juan Branco,0.8,polymarket
2026-01-05,Juan Branco,0.75,polymarket
2026-01-06,Juan Branco,0.75,polymarket
2026-01-07,Juan Branco,1.85,polymarket
2026-01-08,Juan Branco,0.7,polymarket
2026-01-09,Juan Branco,0.65,polymarket
2026-01-10,Juan Branco,0.75,polymarket
2026-01-11,Juan Branco,1.15,polymarket
2026-01-12,Juan Branco,1.1,polymarket
2026-01-13,Juan Branco,1.1,polymarket
2026-01-14,Juan Branco,0.95,polymarket
2026-01-15,Juan Branco,0.8,polymarket
2026-01-16,Juan Branco,0.9,polymarket
2026-01-17,Juan Branco,0.9,polymarket
2026-01-18,Juan Branco,0.75,polymarket
2026-01-19,Juan Branco,0.7,polymarket
2026-01-20,Juan Branco,0.85,polymarket
2026-01-21,Juan Branco,0.7,polymarket
2026-01-22,Juan Branco,0.85,polymarket
2026-01-23,Juan Branco,1.1,polymarket
2026-01-24,Juan Branco,1.45,polymarket
2026-01-25,Juan Branco,1.4,polymarket
2026-01-26,Juan Branco,1.4,polymarket
2026-01-27,Juan Branco,1.35,polymarket
2026-01-28,Juan Branco,0.95,polymarket
2026-01-29,Juan Branco,1.75,polymarket
2026-01-30,Juan Branco,2.15,polymarket
2026-01-31,Juan Branco,1.05,polymarket
2026-02-01,Juan Branco,1.05,polymarket
2026-02-02,Juan Branco,1.0,polymarket
2026-02-03,Juan Branco,0.9,polymarket
2026-02-04,Juan Branco,0.95,polymarket
2026-02-05,Juan Branco,0.9,polymarket
2026-02-06,Juan Branco,1.1,polymarket
2026-02-07,Juan Branco,0.9,polymarket
2026-02-08,Juan Branco,1.0,polymarket
2026-02-09,Juan Branco,1.0,polymarket
2026-02-10,Juan Branco,1.0,polymarket
2026-02-11,Juan Branco,0.95,polymarket
2026-02-12,Juan Branco,0.85,polymarket
2026-02-13,Juan Branco,0.75,polymarket
2026-02-14,Juan Branco,0.75,polymarket
2026-02-15,Juan Branco,0.75,polymarket
2026-02-16,Juan Branco,0.75,polymarket
2026-02-17,Juan Branco,0.95,polymarket
2026-02-18,Juan Branco,1.4,polymarket
2026-02-19,Juan Branco,1.65,polymarket
2026-02-20,Juan Branco,1.55,polymarket
2026-02-21,Juan Branco,1.15,polymarket
2026-02-22,Juan Branco,0.95,polymarket
2026-02-23,Juan Branco,0.85,polymarket
2026-02-24,Juan Branco,0.85,polymarket
2026-02-25,Juan Branco,0.95,polymarket
2026-02-26,Juan Branco,0.95,polymarket
2026-02-27,Juan Branco,1.05,polymarket
2026-02-28,Juan Branco,1.15,polymarket
2026-03-01,Juan Branco,1.25,polymarket
2026-03-02,Juan Branco,0.95,polymarket
2026-03-03,Juan Branco,0.9,polymarket
2026-03-04,Juan Branco,1.0,polymarket
2026-03-05,Juan Branco,0.95,polymarket
2026-03-06,Juan Branco,0.9,polymarket
2026-03-07,Juan Branco,0.9,polymarket
2026-03-08,Juan Branco,0.85,polymarket
2026-03-09,Juan Branco,1.0,polymarket
2026-03-10,Juan Branco,0.85,polymarket
2026-03-11,Juan Branco,0.75,polymarket
2026-03-12,Juan Branco,0.75,polymarket
2026-03-13,Juan Branco,0.75,polymarket
2026-03-14,Juan Branco,0.75,polymarket
2026-03-15,Juan Branco,0.75,polymarket
2026-03-16,Juan Branco,0.75,polymarket
2026-03-17,Juan Branco,0.75,polymarket
2026-03-18,Juan Branco,0.75,polymarket
2026-03-19,Juan Branco,0.75,polymarket
2026-03-20,Juan Branco,0.75,polymarket
2026-03-21,Juan Branco,0.75,polymarket
2026-03-22,Juan Branco,0.75,polymarket
2026-03-23,Juan Branco,0.75,polymarket
2026-03-24,Juan Branco,0.75,polymarket
2026-03-25,Juan Branco,0.75,polymarket
2026-03-26,Juan Branco,0.75,polymarket
2026-03-27,Juan Branco,0.75,polymarket
2026-03-28,Juan Branco,0.75,polymarket
2026-03-29,Juan Branco,0.75,polymarket
2026-03-30,Juan Branco,0.75,polymarket
2026-03-31,Juan Branco,0.65,polymarket
2026-04-01,Juan Branco,0.55,polymarket
2026-04-02,Juan Branco,0.55,polymarket
2026-04-03,Juan Branco,0.55,polymarket
2026-04-04,Juan Branco,0.55,polymarket
2026-04-06,Juan Branco,0.55,polymarket
2026-04-07,Juan Branco,0.65,polymarket
2026-04-08,Juan Branco,0.65,polymarket
2026-04-09,Juan Branco,0.65,polymarket
2026-04-10,Juan Branco,0.65,polymarket
2026-04-11,Juan Branco,0.65,polymarket
2026-04-13,Juan Branco,0.75,polymarket
2026-04-14,Juan Branco,0.65,polymarket
2026-04-15,Juan Branco,0.65,polymarket
2026-04-16,Juan Branco,0.65,polymarket
2026-04-17,Juan Branco,0.65,polymarket
2026-04-19,Juan Branco,0.65,polymarket
2026-04-20,Juan Branco,0.65,polymarket
2026-04-21,Juan Branco,0.65,polymarket
2026-04-22,Juan Branco,0.75,polymarket
2026-04-23,Juan Branco,0.85,polymarket
2026-04-24,Juan Branco,0.75,polymarket
2026-04-25,Juan Branco,0.65,polymarket
2026-04-26,Juan Branco,0.65,polymarket
2026-04-27,Juan Branco,0.65,polymarket
2026-04-28,Juan Branco,0.65,polymarket
2026-04-29,Juan Branco,0.65,polymarket
2026-04-30,Juan Branco,0.65,polymarket
2026-05-01,Juan Branco,0.65,polymarket
2026-05-02,Juan Branco,0.65,polymarket
2026-05-03,Juan Branco,0.65,polymarket
2026-05-04,Juan Branco,0.85,polymarket
2026-05-05,Juan Branco,0.85,polymarket
2026-05-06,Juan Branco,0.85,polymarket
2026-05-07,Juan Branco,0.75,polymarket
2026-05-08,Juan Branco,1.05,polymarket
2026-05-09,Juan Branco,0.75,polymarket
2026-05-10,Juan Branco,0.75,polymarket
2026-05-11,Juan Branco,0.75,polymarket
2026-05-12,Juan Branco,0.75,polymarket
2026-05-13,Juan Branco,1.3,polymarket
2026-05-14,Juan Branco,1.05,polymarket
2026-05-15,Juan Branco,0.95,polymarket
2026-05-16,Juan Branco,0.85,polymarket
2026-05-17,Juan Branco,0.85,polymarket
2026-05-18,Juan Branco,0.85,polymarket
2026-05-19,Juan Branco,0.85,polymarket
2026-05-20,Juan Branco,0.85,polymarket
2026-05-21,Juan Branco,0.85,polymarket
2026-05-22,Juan Branco,0.85,polymarket
2026-05-23,Juan Branco,0.85,polymarket
2026-05-24,Juan Branco,0.85,polymarket
2026-05-25,Juan Branco,0.85,polymarket
2026-05-26,Juan Branco,0.75,polymarket
2026-05-27,Juan Branco,0.75,polymarket
2026-05-28,Juan Branco,0.75,polymarket
2026-05-29,Juan Branco,0.75,polymarket
2026-05-30,Juan Branco,0.75,polymarket
2026-05-31,Juan Branco,0.75,polymarket
2026-06-01,Juan Branco,0.75,polymarket
2026-06-02,Juan Branco,0.75,polymarket
2026-06-03,Juan Branco,0.75,polymarket
2026-06-04,Juan Branco,0.75,polymarket
2026-06-05,Juan Branco,0.75,polymarket
2026-06-06,Juan Branco,0.75,polymarket
2026-06-07,Juan Branco,0.75,polymarket
2026-06-08,Juan Branco,0.75,polymarket
2026-06-09,Juan Branco,0.75,polymarket
2026-06-10,Juan Branco,0.65,polymarket
2026-06-11,Juan Branco,0.65,polymarket
2026-06-12,Juan Branco,0.65,polymarket
2026-06-13,Juan Branco,0.65,polymarket
2026-06-14,Juan Branco,0.65,polymarket
2026-06-15,Juan Branco,0.65,polymarket
2026-06-16,Juan Branco,0.65,polymarket
2026-06-17,Juan Branco,0.65,polymarket
2026-06-18,Juan Branco,0.65,polymarket
2026-06-19,Juan Branco,0.65,polymarket
2026-06-20,Juan Branco,0.65,polymarket
2026-06-21,Juan Branco,0.65,polymarket
2026-06-22,Juan Branco,0.65,polymarket
2026-06-23,Juan Branco,0.65,polymarket
2026-06-24,Juan Branco,0.65,polymarket
2026-06-25,Juan Branco,0.65,polymarket
2026-06-26,Juan Branco,0.65,polymarket
2026-06-27,Juan Branco,0.65,polymarket
2026-06-28,Juan Branco,0.65,polymarket
2026-06-29,Juan Branco,0.65,polymarket
2026-06-30,Juan Branco,0.65,polymarket
2026-07-01,Juan Branco,0.65,polymarket
2026-07-02,Juan Branco,0.65,polymarket
2026-07-03,Juan Branco,0.65,polymarket
2026-07-04,Juan Branco,0.65,polymarket
2026-07-05,Juan Branco,0.65,polymarket
2026-07-06,Juan Branco,0.65,polymarket
2026-07-07,Juan Branco,0.65,polymarket
2026-07-08,Juan Branco,0.65,polymarket
2026-07-09,Juan Branco,0.65,polymarket
2025-11-14,Laurent Wauquiez,33.0,polymarket
2025-11-15,Laurent Wauquiez,3.1,polymarket
2025-11-16,Laurent Wauquiez,4.65,polymarket
2025-11-17,Laurent Wauquiez,3.45,polymarket
2025-11-18,Laurent Wauquiez,3.45,polymarket
2025-11-19,Laurent Wauquiez,2.6,polymarket
2025-11-20,Laurent Wauquiez,2.45,polymarket
2025-11-21,Laurent Wauquiez,1.5,polymarket
2025-11-22,Laurent Wauquiez,1.15,polymarket
2025-11-23,Laurent Wauquiez,1.15,polymarket
2025-11-24,Laurent Wauquiez,1.0,polymarket
2025-11-25,Laurent Wauquiez,0.95,polymarket
2025-11-26,Laurent Wauquiez,1.0,polymarket
2025-11-27,Laurent Wauquiez,1.2,polymarket
2025-11-28,Laurent Wauquiez,1.15,polymarket
2025-11-29,Laurent Wauquiez,1.1,polymarket
2025-11-30,Laurent Wauquiez,1.1,polymarket
2025-12-01,Laurent Wauquiez,1.1,polymarket
2025-12-02,Laurent Wauquiez,1.15,polymarket
2025-12-03,Laurent Wauquiez,1.1,polymarket
2025-12-04,Laurent Wauquiez,1.1,polymarket
2025-12-05,Laurent Wauquiez,1.1,polymarket
2025-12-06,Laurent Wauquiez,1.1,polymarket
2025-12-07,Laurent Wauquiez,1.25,polymarket
2025-12-08,Laurent Wauquiez,0.85,polymarket
2025-12-09,Laurent Wauquiez,0.9,polymarket
2025-12-10,Laurent Wauquiez,0.75,polymarket
2025-12-11,Laurent Wauquiez,0.75,polymarket
2025-12-12,Laurent Wauquiez,0.7,polymarket
2025-12-13,Laurent Wauquiez,0.6,polymarket
2025-12-14,Laurent Wauquiez,0.6,polymarket
2025-12-15,Laurent Wauquiez,0.55,polymarket
2025-12-16,Laurent Wauquiez,0.55,polymarket
2025-12-17,Laurent Wauquiez,0.5,polymarket
2025-12-18,Laurent Wauquiez,0.5,polymarket
2025-12-19,Laurent Wauquiez,0.45,polymarket
2025-12-20,Laurent Wauquiez,0.45,polymarket
2025-12-21,Laurent Wauquiez,0.45,polymarket
2025-12-22,Laurent Wauquiez,0.5,polymarket
2025-12-23,Laurent Wauquiez,0.45,polymarket
2025-12-24,Laurent Wauquiez,0.45,polymarket
2025-12-25,Laurent Wauquiez,0.4,polymarket
2025-12-26,Laurent Wauquiez,0.4,polymarket
2025-12-27,Laurent Wauquiez,0.4,polymarket
2025-12-28,Laurent Wauquiez,0.4,polymarket
2025-12-29,Laurent Wauquiez,0.4,polymarket
2025-12-30,Laurent Wauquiez,0.4,polymarket
2025-12-31,Laurent Wauquiez,0.65,polymarket
2026-01-01,Laurent Wauquiez,0.65,polymarket
2026-01-02,Laurent Wauquiez,1.05,polymarket
2026-01-03,Laurent Wauquiez,0.65,polymarket
2026-01-04,Laurent Wauquiez,0.45,polymarket
2026-01-05,Laurent Wauquiez,0.45,polymarket
2026-01-06,Laurent Wauquiez,0.45,polymarket
2026-01-07,Laurent Wauquiez,0.45,polymarket
2026-01-08,Laurent Wauquiez,0.65,polymarket
2026-01-09,Laurent Wauquiez,0.65,polymarket
2026-01-10,Laurent Wauquiez,0.6,polymarket
2026-01-11,Laurent Wauquiez,0.6,polymarket
2026-01-12,Laurent Wauquiez,0.6,polymarket
2026-01-13,Laurent Wauquiez,0.6,polymarket
2026-01-14,Laurent Wauquiez,0.55,polymarket
2026-01-15,Laurent Wauquiez,0.55,polymarket
2026-01-16,Laurent Wauquiez,0.6,polymarket
2026-01-17,Laurent Wauquiez,0.55,polymarket
2026-01-18,Laurent Wauquiez,0.55,polymarket
2026-01-19,Laurent Wauquiez,0.55,polymarket
2026-01-20,Laurent Wauquiez,0.6,polymarket
2026-01-21,Laurent Wauquiez,0.5,polymarket
2026-01-22,Laurent Wauquiez,0.6,polymarket
2026-01-23,Laurent Wauquiez,0.55,polymarket
2026-01-24,Laurent Wauquiez,0.6,polymarket
2026-01-25,Laurent Wauquiez,0.5,polymarket
2026-01-26,Laurent Wauquiez,0.5,polymarket
2026-01-27,Laurent Wauquiez,0.55,polymarket
2026-01-28,Laurent Wauquiez,0.65,polymarket
2026-01-29,Laurent Wauquiez,0.6,polymarket
2026-01-30,Laurent Wauquiez,0.55,polymarket
2026-01-31,Laurent Wauquiez,0.5,polymarket
2026-02-01,Laurent Wauquiez,0.5,polymarket
2026-02-02,Laurent Wauquiez,0.5,polymarket
2026-02-03,Laurent Wauquiez,0.45,polymarket
2026-02-04,Laurent Wauquiez,0.5,polymarket
2026-02-05,Laurent Wauquiez,0.5,polymarket
2026-02-06,Laurent Wauquiez,0.45,polymarket
2026-02-07,Laurent Wauquiez,0.4,polymarket
2026-02-08,Laurent Wauquiez,0.4,polymarket
2026-02-09,Laurent Wauquiez,0.45,polymarket
2026-02-10,Laurent Wauquiez,0.45,polymarket
2026-02-11,Laurent Wauquiez,0.45,polymarket
2026-02-12,Laurent Wauquiez,0.35,polymarket
2026-02-13,Laurent Wauquiez,0.35,polymarket
2026-02-14,Laurent Wauquiez,0.35,polymarket
2026-02-15,Laurent Wauquiez,0.35,polymarket
2026-02-17,Laurent Wauquiez,0.35,polymarket
2026-02-18,Laurent Wauquiez,0.45,polymarket
2026-02-20,Laurent Wauquiez,0.45,polymarket
2026-02-21,Laurent Wauquiez,0.45,polymarket
2026-02-22,Laurent Wauquiez,0.45,polymarket
2026-02-23,Laurent Wauquiez,0.35,polymarket
2026-02-24,Laurent Wauquiez,0.3,polymarket
2026-02-25,Laurent Wauquiez,0.25,polymarket
2026-02-26,Laurent Wauquiez,0.25,polymarket
2026-02-27,Laurent Wauquiez,0.25,polymarket
2026-02-28,Laurent Wauquiez,0.25,polymarket
2026-03-02,Laurent Wauquiez,0.45,polymarket
2026-03-03,Laurent Wauquiez,0.35,polymarket
2026-03-04,Laurent Wauquiez,0.3,polymarket
2026-03-05,Laurent Wauquiez,0.25,polymarket
2026-03-06,Laurent Wauquiez,0.3,polymarket
2026-03-07,Laurent Wauquiez,0.25,polymarket
2026-03-08,Laurent Wauquiez,0.25,polymarket
2026-03-09,Laurent Wauquiez,0.35,polymarket
2026-03-10,Laurent Wauquiez,0.35,polymarket
2026-03-11,Laurent Wauquiez,0.35,polymarket
2026-03-12,Laurent Wauquiez,0.35,polymarket
2026-03-14,Laurent Wauquiez,0.35,polymarket
2026-03-17,Laurent Wauquiez,0.35,polymarket
2026-03-18,Laurent Wauquiez,0.35,polymarket
2026-03-20,Laurent Wauquiez,0.35,polymarket
2026-03-21,Laurent Wauquiez,0.35,polymarket
2026-03-22,Laurent Wauquiez,0.35,polymarket
2026-03-23,Laurent Wauquiez,0.35,polymarket
2026-03-24,Laurent Wauquiez,0.35,polymarket
2026-03-25,Laurent Wauquiez,0.35,polymarket
2026-03-26,Laurent Wauquiez,0.35,polymarket
2026-03-27,Laurent Wauquiez,0.35,polymarket
2026-03-28,Laurent Wauquiez,0.25,polymarket
2026-03-29,Laurent Wauquiez,0.25,polymarket
2026-03-30,Laurent Wauquiez,0.25,polymarket
2026-03-31,Laurent Wauquiez,0.25,polymarket
2026-04-01,Laurent Wauquiez,0.25,polymarket
2026-04-02,Laurent Wauquiez,0.25,polymarket
2026-04-07,Laurent Wauquiez,0.55,polymarket
2026-04-09,Laurent Wauquiez,0.55,polymarket
2026-04-17,Laurent Wauquiez,0.55,polymarket
2026-04-19,Laurent Wauquiez,0.65,polymarket
2026-04-20,Laurent Wauquiez,0.65,polymarket
2026-04-21,Laurent Wauquiez,0.65,polymarket
2026-04-22,Laurent Wauquiez,0.65,polymarket
2026-04-23,Laurent Wauquiez,0.65,polymarket
2026-04-24,Laurent Wauquiez,0.65,polymarket
2026-04-25,Laurent Wauquiez,0.65,polymarket
2026-04-26,Laurent Wauquiez,0.65,polymarket
2026-04-27,Laurent Wauquiez,0.65,polymarket
2026-04-28,Laurent Wauquiez,0.65,polymarket
2026-04-29,Laurent Wauquiez,0.75,polymarket
2026-04-30,Laurent Wauquiez,0.75,polymarket
2026-05-01,Laurent Wauquiez,0.75,polymarket
2026-05-02,Laurent Wauquiez,0.75,polymarket
2026-05-03,Laurent Wauquiez,0.75,polymarket
2026-05-04,Laurent Wauquiez,0.75,polymarket
2026-05-05,Laurent Wauquiez,0.75,polymarket
2026-05-06,Laurent Wauquiez,0.75,polymarket
2026-05-07,Laurent Wauquiez,0.75,polymarket
2026-05-08,Laurent Wauquiez,0.75,polymarket
2026-05-09,Laurent Wauquiez,0.75,polymarket
2026-05-10,Laurent Wauquiez,0.75,polymarket
2026-05-11,Laurent Wauquiez,0.75,polymarket
2026-05-12,Laurent Wauquiez,0.75,polymarket
2026-05-13,Laurent Wauquiez,0.75,polymarket
2026-05-14,Laurent Wauquiez,0.75,polymarket
2026-05-15,Laurent Wauquiez,0.75,polymarket
2026-05-16,Laurent Wauquiez,0.75,polymarket
2026-05-17,Laurent Wauquiez,0.75,polymarket
2026-05-18,Laurent Wauquiez,0.75,polymarket
2026-05-19,Laurent Wauquiez,0.75,polymarket
2026-05-20,Laurent Wauquiez,0.75,polymarket
2026-05-21,Laurent Wauquiez,0.75,polymarket
2026-05-22,Laurent Wauquiez,0.75,polymarket
2026-05-23,Laurent Wauquiez,0.75,polymarket
2026-05-24,Laurent Wauquiez,0.75,polymarket
2026-05-25,Laurent Wauquiez,0.75,polymarket
2026-05-26,Laurent Wauquiez,0.75,polymarket
2026-05-27,Laurent Wauquiez,0.75,polymarket
2026-05-28,Laurent Wauquiez,0.75,polymarket
2026-05-29,Laurent Wauquiez,0.75,polymarket
2026-05-30,Laurent Wauquiez,0.75,polymarket
2026-05-31,Laurent Wauquiez,0.75,polymarket
2026-06-01,Laurent Wauquiez,0.75,polymarket
2026-06-02,Laurent Wauquiez,0.75,polymarket
2026-06-03,Laurent Wauquiez,0.75,polymarket
2026-06-04,Laurent Wauquiez,0.75,polymarket
2026-06-05,Laurent Wauquiez,0.75,polymarket
2026-06-06,Laurent Wauquiez,0.75,polymarket
2026-06-07,Laurent Wauquiez,0.75,polymarket
2026-06-08,Laurent Wauquiez,0.75,polymarket
2026-06-09,Laurent Wauquiez,0.75,polymarket
2026-06-10,Laurent Wauquiez,0.75,polymarket
2026-06-11,Laurent Wauquiez,0.75,polymarket
2026-06-12,Laurent Wauquiez,0.75,polymarket
2026-06-13,Laurent Wauquiez,0.75,polymarket
2026-06-14,Laurent Wauquiez,0.75,polymarket
2026-06-15,Laurent Wauquiez,0.75,polymarket
2026-06-16,Laurent Wauquiez,0.75,polymarket
2026-06-17,Laurent Wauquiez,0.75,polymarket
2026-06-18,Laurent Wauquiez,0.75,polymarket
2026-06-19,Laurent Wauquiez,0.75,polymarket
2026-06-20,Laurent Wauquiez,0.75,polymarket
2026-06-21,Laurent Wauquiez,0.75,polymarket
2026-06-22,Laurent Wauquiez,0.75,polymarket
2026-06-23,Laurent Wauquiez,0.75,polymarket
2026-06-24,Laurent Wauquiez,0.75,polymarket
2026-06-25,Laurent Wauquiez,0.75,polymarket
2026-06-26,Laurent Wauquiez,0.75,polymarket
2026-06-27,Laurent Wauquiez,0.75,polymarket
2026-06-28,Laurent Wauquiez,0.75,polymarket
2026-06-29,Laurent Wauquiez,0.75,polymarket
2026-06-30,Laurent Wauquiez,0.75,polymarket
2026-07-01,Laurent Wauquiez,0.75,polymarket
2026-07-02,Laurent Wauquiez,0.75,polymarket
2026-07-03,Laurent Wauquiez,0.75,polymarket
2026-07-04,Laurent Wauquiez,0.75,polymarket
2026-07-05,Laurent Wauquiez,0.75,polymarket
2026-07-06,Laurent Wauquiez,0.75,polymarket
2026-07-07,Laurent Wauquiez,0.75,polymarket
2026-07-08,Laurent Wauquiez,0.75,polymarket
2026-07-09,Laurent Wauquiez,0.75,polymarket
2025-11-14,Manuel Bompard,20.5,polymarket
2025-11-15,Manuel Bompard,0.5,polymarket
2025-11-16,Manuel Bompard,0.55,polymarket
2025-11-17,Manuel Bompard,0.45,polymarket
2025-11-18,Manuel Bompard,0.45,polymarket
2025-11-19,Manuel Bompard,0.4,polymarket
2025-11-20,Manuel Bompard,0.45,polymarket
2025-11-21,Manuel Bompard,0.45,polymarket
2025-11-22,Manuel Bompard,0.55,polymarket
2025-11-23,Manuel Bompard,0.3,polymarket
2025-11-24,Manuel Bompard,0.3,polymarket
2025-11-25,Manuel Bompard,0.3,polymarket
2025-11-26,Manuel Bompard,0.3,polymarket
2025-11-27,Manuel Bompard,0.3,polymarket
2025-11-28,Manuel Bompard,0.3,polymarket
2025-11-29,Manuel Bompard,0.25,polymarket
2025-11-30,Manuel Bompard,0.2,polymarket
2025-12-01,Manuel Bompard,0.2,polymarket
2025-12-02,Manuel Bompard,0.25,polymarket
2025-12-03,Manuel Bompard,0.2,polymarket
2025-12-04,Manuel Bompard,0.3,polymarket
2025-12-05,Manuel Bompard,0.3,polymarket
2025-12-06,Manuel Bompard,0.3,polymarket
2025-12-07,Manuel Bompard,0.3,polymarket
2025-12-08,Manuel Bompard,0.3,polymarket
2025-12-09,Manuel Bompard,0.25,polymarket
2025-12-10,Manuel Bompard,0.25,polymarket
2025-12-11,Manuel Bompard,0.25,polymarket
2025-12-12,Manuel Bompard,0.35,polymarket
2025-12-13,Manuel Bompard,0.35,polymarket
2025-12-14,Manuel Bompard,0.35,polymarket
2025-12-15,Manuel Bompard,0.35,polymarket
2025-12-16,Manuel Bompard,0.35,polymarket
2025-12-17,Manuel Bompard,0.25,polymarket
2025-12-18,Manuel Bompard,0.25,polymarket
2025-12-19,Manuel Bompard,0.2,polymarket
2025-12-20,Manuel Bompard,0.2,polymarket
2025-12-21,Manuel Bompard,0.2,polymarket
2025-12-22,Manuel Bompard,0.2,polymarket
2025-12-23,Manuel Bompard,0.2,polymarket
2025-12-24,Manuel Bompard,0.2,polymarket
2025-12-25,Manuel Bompard,0.15,polymarket
2025-12-26,Manuel Bompard,0.2,polymarket
2025-12-27,Manuel Bompard,0.2,polymarket
2025-12-28,Manuel Bompard,0.25,polymarket
2025-12-29,Manuel Bompard,0.25,polymarket
2025-12-30,Manuel Bompard,0.25,polymarket
2025-12-31,Manuel Bompard,0.2,polymarket
2026-01-01,Manuel Bompard,0.15,polymarket
2026-01-02,Manuel Bompard,0.2,polymarket
2026-01-03,Manuel Bompard,0.2,polymarket
2026-01-04,Manuel Bompard,0.2,polymarket
2026-01-05,Manuel Bompard,0.15,polymarket
2026-01-06,Manuel Bompard,0.2,polymarket
2026-01-07,Manuel Bompard,0.2,polymarket
2026-01-08,Manuel Bompard,0.25,polymarket
2026-01-09,Manuel Bompard,0.25,polymarket
2026-01-10,Manuel Bompard,0.2,polymarket
2026-01-11,Manuel Bompard,0.2,polymarket
2026-01-12,Manuel Bompard,0.2,polymarket
2026-01-13,Manuel Bompard,0.2,polymarket
2026-01-14,Manuel Bompard,0.25,polymarket
2026-01-15,Manuel Bompard,0.2,polymarket
2026-01-16,Manuel Bompard,0.15,polymarket
2026-01-17,Manuel Bompard,0.15,polymarket
2026-01-18,Manuel Bompard,0.15,polymarket
2026-01-19,Manuel Bompard,0.15,polymarket
2026-01-20,Manuel Bompard,0.15,polymarket
2026-01-21,Manuel Bompard,0.15,polymarket
2026-01-22,Manuel Bompard,0.15,polymarket
2026-01-23,Manuel Bompard,0.15,polymarket
2026-01-24,Manuel Bompard,0.25,polymarket
2026-01-25,Manuel Bompard,0.3,polymarket
2026-01-26,Manuel Bompard,0.35,polymarket
2026-01-27,Manuel Bompard,0.5,polymarket
2026-01-28,Manuel Bompard,0.45,polymarket
2026-01-29,Manuel Bompard,0.45,polymarket
2026-01-30,Manuel Bompard,0.45,polymarket
2026-01-31,Manuel Bompard,0.3,polymarket
2026-02-01,Manuel Bompard,0.3,polymarket
2026-02-02,Manuel Bompard,0.3,polymarket
2026-02-03,Manuel Bompard,0.35,polymarket
2026-02-04,Manuel Bompard,0.3,polymarket
2026-02-05,Manuel Bompard,0.3,polymarket
2026-02-06,Manuel Bompard,0.3,polymarket
2026-02-07,Manuel Bompard,0.3,polymarket
2026-02-08,Manuel Bompard,0.3,polymarket
2026-02-09,Manuel Bompard,0.3,polymarket
2026-02-10,Manuel Bompard,0.35,polymarket
2026-02-11,Manuel Bompard,0.3,polymarket
2026-02-12,Manuel Bompard,0.25,polymarket
2026-02-13,Manuel Bompard,0.25,polymarket
2026-02-14,Manuel Bompard,0.25,polymarket
2026-02-15,Manuel Bompard,0.25,polymarket
2026-02-16,Manuel Bompard,0.25,polymarket
2026-02-17,Manuel Bompard,0.25,polymarket
2026-02-18,Manuel Bompard,0.25,polymarket
2026-02-19,Manuel Bompard,0.25,polymarket
2026-02-20,Manuel Bompard,0.25,polymarket
2026-02-21,Manuel Bompard,0.25,polymarket
2026-02-22,Manuel Bompard,0.25,polymarket
2026-02-23,Manuel Bompard,0.25,polymarket
2026-02-24,Manuel Bompard,0.25,polymarket
2026-02-25,Manuel Bompard,0.25,polymarket
2026-02-26,Manuel Bompard,0.25,polymarket
2026-02-27,Manuel Bompard,0.25,polymarket
2026-02-28,Manuel Bompard,0.25,polymarket
2026-03-01,Manuel Bompard,0.25,polymarket
2026-03-02,Manuel Bompard,0.25,polymarket
2026-03-03,Manuel Bompard,0.25,polymarket
2026-03-04,Manuel Bompard,0.25,polymarket
2026-03-05,Manuel Bompard,0.25,polymarket
2026-03-06,Manuel Bompard,0.25,polymarket
2026-03-07,Manuel Bompard,0.25,polymarket
2026-03-08,Manuel Bompard,0.8,polymarket
2026-03-09,Manuel Bompard,0.8,polymarket
2026-03-10,Manuel Bompard,0.7,polymarket
2026-03-11,Manuel Bompard,0.25,polymarket
2026-03-12,Manuel Bompard,0.25,polymarket
2026-03-13,Manuel Bompard,0.25,polymarket
2026-03-14,Manuel Bompard,0.25,polymarket
2026-03-15,Manuel Bompard,0.25,polymarket
2026-03-17,Manuel Bompard,0.25,polymarket
2026-03-18,Manuel Bompard,0.25,polymarket
2026-03-19,Manuel Bompard,0.25,polymarket
2026-03-20,Manuel Bompard,0.25,polymarket
2026-03-21,Manuel Bompard,0.35,polymarket
2026-03-22,Manuel Bompard,0.35,polymarket
2026-03-23,Manuel Bompard,0.25,polymarket
2026-03-24,Manuel Bompard,0.95,polymarket
2026-03-25,Manuel Bompard,0.35,polymarket
2026-03-26,Manuel Bompard,0.25,polymarket
2026-03-27,Manuel Bompard,0.25,polymarket
2026-03-28,Manuel Bompard,0.65,polymarket
2026-03-29,Manuel Bompard,0.25,polymarket
2026-03-30,Manuel Bompard,0.25,polymarket
2026-03-31,Manuel Bompard,0.25,polymarket
2026-04-01,Manuel Bompard,0.3,polymarket
2026-04-02,Manuel Bompard,0.25,polymarket
2026-04-03,Manuel Bompard,0.25,polymarket
2026-04-04,Manuel Bompard,0.45,polymarket
2026-04-06,Manuel Bompard,0.65,polymarket
2026-04-07,Manuel Bompard,0.65,polymarket
2026-04-09,Manuel Bompard,0.65,polymarket
2026-04-13,Manuel Bompard,0.65,polymarket
2026-04-15,Manuel Bompard,0.65,polymarket
2026-04-16,Manuel Bompard,0.65,polymarket
2026-04-18,Manuel Bompard,0.65,polymarket
2026-04-22,Manuel Bompard,0.75,polymarket
2026-04-23,Manuel Bompard,0.75,polymarket
2026-04-24,Manuel Bompard,0.45,polymarket
2026-04-25,Manuel Bompard,0.35,polymarket
2026-04-26,Manuel Bompard,0.35,polymarket
2026-04-27,Manuel Bompard,0.45,polymarket
2026-04-28,Manuel Bompard,0.45,polymarket
2026-04-29,Manuel Bompard,0.55,polymarket
2026-04-30,Manuel Bompard,0.55,polymarket
2026-05-01,Manuel Bompard,0.55,polymarket
2026-05-02,Manuel Bompard,0.55,polymarket
2026-05-03,Manuel Bompard,0.55,polymarket
2026-05-04,Manuel Bompard,0.55,polymarket
2026-05-05,Manuel Bompard,0.55,polymarket
2026-05-06,Manuel Bompard,0.55,polymarket
2026-05-07,Manuel Bompard,0.55,polymarket
2026-05-08,Manuel Bompard,0.55,polymarket
2026-05-09,Manuel Bompard,0.55,polymarket
2026-05-10,Manuel Bompard,0.55,polymarket
2026-05-11,Manuel Bompard,0.55,polymarket
2026-05-12,Manuel Bompard,0.55,polymarket
2026-05-13,Manuel Bompard,0.55,polymarket
2026-05-14,Manuel Bompard,0.55,polymarket
2026-05-15,Manuel Bompard,0.55,polymarket
2026-05-16,Manuel Bompard,0.55,polymarket
2026-05-17,Manuel Bompard,0.55,polymarket
2026-05-18,Manuel Bompard,0.55,polymarket
2026-05-19,Manuel Bompard,0.65,polymarket
2026-05-20,Manuel Bompard,0.65,polymarket
2026-05-21,Manuel Bompard,0.65,polymarket
2026-05-22,Manuel Bompard,0.65,polymarket
2026-05-23,Manuel Bompard,0.65,polymarket
2026-05-24,Manuel Bompard,0.65,polymarket
2026-05-25,Manuel Bompard,0.65,polymarket
2026-05-26,Manuel Bompard,0.65,polymarket
2026-05-27,Manuel Bompard,0.65,polymarket
2026-05-28,Manuel Bompard,0.65,polymarket
2026-05-29,Manuel Bompard,0.65,polymarket
2026-05-30,Manuel Bompard,0.65,polymarket
2026-05-31,Manuel Bompard,0.65,polymarket
2026-06-01,Manuel Bompard,0.65,polymarket
2026-06-02,Manuel Bompard,0.65,polymarket
2026-06-03,Manuel Bompard,0.65,polymarket
2026-06-04,Manuel Bompard,0.65,polymarket
2026-06-05,Manuel Bompard,0.65,polymarket
2026-06-06,Manuel Bompard,0.65,polymarket
2026-06-07,Manuel Bompard,0.65,polymarket
2026-06-08,Manuel Bompard,0.65,polymarket
2026-06-09,Manuel Bompard,0.65,polymarket
2026-06-10,Manuel Bompard,0.65,polymarket
2026-06-11,Manuel Bompard,0.65,polymarket
2026-06-12,Manuel Bompard,0.65,polymarket
2026-06-13,Manuel Bompard,0.65,polymarket
2026-06-14,Manuel Bompard,0.65,polymarket
2026-06-15,Manuel Bompard,0.65,polymarket
2026-06-16,Manuel Bompard,0.65,polymarket
2026-06-17,Manuel Bompard,0.65,polymarket
2026-06-18,Manuel Bompard,0.65,polymarket
2026-06-19,Manuel Bompard,0.65,polymarket
2026-06-20,Manuel Bompard,0.65,polymarket
2026-06-21,Manuel Bompard,0.65,polymarket
2026-06-22,Manuel Bompard,0.65,polymarket
2026-06-23,Manuel Bompard,0.65,polymarket
2026-06-24,Manuel Bompard,0.65,polymarket
2026-06-25,Manuel Bompard,0.65,polymarket
2026-06-26,Manuel Bompard,0.65,polymarket
2026-06-27,Manuel Bompard,0.65,polymarket
2026-06-28,Manuel Bompard,0.65,polymarket
2026-06-29,Manuel Bompard,0.65,polymarket
2026-06-30,Manuel Bompard,0.65,polymarket
2026-07-01,Manuel Bompard,0.65,polymarket
2026-07-02,Manuel Bompard,0.65,polymarket
2026-07-03,Manuel Bompard,0.65,polymarket
2026-07-04,Manuel Bompard,0.65,polymarket
2026-07-05,Manuel Bompard,0.65,polymarket
2026-07-06,Manuel Bompard,0.65,polymarket
2026-07-07,Manuel Bompard,0.65,polymarket
2026-07-08,Manuel Bompard,0.65,polymarket
2026-07-09,Manuel Bompard,0.65,polymarket
2025-11-14,Marine Le Pen,15.5,polymarket
2025-11-15,Marine Le Pen,12.5,polymarket
2025-11-16,Marine Le Pen,11.0,polymarket
2025-11-17,Marine Le Pen,10.5,polymarket
2025-11-18,Marine Le Pen,11.5,polymarket
2025-11-19,Marine Le Pen,11.0,polymarket
2025-11-20,Marine Le Pen,9.5,polymarket
2025-11-21,Marine Le Pen,13.5,polymarket
2025-11-22,Marine Le Pen,9.0,polymarket
2025-11-23,Marine Le Pen,10.5,polymarket
2025-11-24,Marine Le Pen,9.5,polymarket
2025-11-25,Marine Le Pen,10.0,polymarket
2025-11-26,Marine Le Pen,10.0,polymarket
2025-11-27,Marine Le Pen,9.0,polymarket
2025-11-28,Marine Le Pen,9.5,polymarket
2025-11-29,Marine Le Pen,9.5,polymarket
2025-11-30,Marine Le Pen,9.5,polymarket
2025-12-01,Marine Le Pen,9.5,polymarket
2025-12-02,Marine Le Pen,9.5,polymarket
2025-12-03,Marine Le Pen,9.0,polymarket
2025-12-04,Marine Le Pen,8.5,polymarket
2025-12-05,Marine Le Pen,9.5,polymarket
2025-12-06,Marine Le Pen,9.0,polymarket
2025-12-07,Marine Le Pen,10.0,polymarket
2025-12-08,Marine Le Pen,9.0,polymarket
2025-12-09,Marine Le Pen,9.0,polymarket
2025-12-10,Marine Le Pen,9.0,polymarket
2025-12-11,Marine Le Pen,9.0,polymarket
2025-12-12,Marine Le Pen,8.5,polymarket
2025-12-13,Marine Le Pen,8.5,polymarket
2025-12-14,Marine Le Pen,8.5,polymarket
2025-12-15,Marine Le Pen,8.5,polymarket
2025-12-16,Marine Le Pen,8.5,polymarket
2025-12-17,Marine Le Pen,8.5,polymarket
2025-12-18,Marine Le Pen,8.5,polymarket
2025-12-19,Marine Le Pen,8.5,polymarket
2025-12-20,Marine Le Pen,8.5,polymarket
2025-12-21,Marine Le Pen,8.5,polymarket
2025-12-22,Marine Le Pen,8.5,polymarket
2025-12-23,Marine Le Pen,8.5,polymarket
2025-12-24,Marine Le Pen,8.5,polymarket
2025-12-25,Marine Le Pen,7.5,polymarket
2025-12-26,Marine Le Pen,8.0,polymarket
2025-12-27,Marine Le Pen,8.0,polymarket
2025-12-28,Marine Le Pen,7.5,polymarket
2025-12-29,Marine Le Pen,7.5,polymarket
2025-12-30,Marine Le Pen,7.5,polymarket
2025-12-31,Marine Le Pen,7.0,polymarket
2026-01-01,Marine Le Pen,6.5,polymarket
2026-01-02,Marine Le Pen,5.0,polymarket
2026-01-03,Marine Le Pen,6.0,polymarket
2026-01-04,Marine Le Pen,6.5,polymarket
2026-01-05,Marine Le Pen,6.5,polymarket
2026-01-06,Marine Le Pen,7.0,polymarket
2026-01-07,Marine Le Pen,7.0,polymarket
2026-01-08,Marine Le Pen,8.5,polymarket
2026-01-09,Marine Le Pen,6.5,polymarket
2026-01-10,Marine Le Pen,8.0,polymarket
2026-01-11,Marine Le Pen,9.5,polymarket
2026-01-12,Marine Le Pen,8.0,polymarket
2026-01-13,Marine Le Pen,14.0,polymarket
2026-01-14,Marine Le Pen,13.5,polymarket
2026-01-15,Marine Le Pen,19.5,polymarket
2026-01-16,Marine Le Pen,17.5,polymarket
2026-01-17,Marine Le Pen,21.5,polymarket
2026-01-18,Marine Le Pen,17.5,polymarket
2026-01-19,Marine Le Pen,17.5,polymarket
2026-01-20,Marine Le Pen,20.5,polymarket
2026-01-21,Marine Le Pen,16.0,polymarket
2026-01-22,Marine Le Pen,14.0,polymarket
2026-01-23,Marine Le Pen,12.0,polymarket
2026-01-24,Marine Le Pen,11.0,polymarket
2026-01-25,Marine Le Pen,13.0,polymarket
2026-01-26,Marine Le Pen,11.0,polymarket
2026-01-27,Marine Le Pen,11.0,polymarket
2026-01-28,Marine Le Pen,10.0,polymarket
2026-01-29,Marine Le Pen,9.0,polymarket
2026-01-30,Marine Le Pen,11.0,polymarket
2026-01-31,Marine Le Pen,9.0,polymarket
2026-02-01,Marine Le Pen,11.0,polymarket
2026-02-02,Marine Le Pen,10.5,polymarket
2026-02-03,Marine Le Pen,11.0,polymarket
2026-02-04,Marine Le Pen,10.5,polymarket
2026-02-05,Marine Le Pen,8.5,polymarket
2026-02-06,Marine Le Pen,9.5,polymarket
2026-02-07,Marine Le Pen,7.5,polymarket
2026-02-08,Marine Le Pen,7.0,polymarket
2026-02-09,Marine Le Pen,7.0,polymarket
2026-02-10,Marine Le Pen,8.5,polymarket
2026-02-11,Marine Le Pen,7.5,polymarket
2026-02-12,Marine Le Pen,7.5,polymarket
2026-02-13,Marine Le Pen,7.5,polymarket
2026-02-14,Marine Le Pen,7.5,polymarket
2026-02-15,Marine Le Pen,8.5,polymarket
2026-02-16,Marine Le Pen,8.5,polymarket
2026-02-17,Marine Le Pen,8.5,polymarket
2026-02-18,Marine Le Pen,9.5,polymarket
2026-02-19,Marine Le Pen,9.5,polymarket
2026-02-20,Marine Le Pen,9.5,polymarket
2026-02-21,Marine Le Pen,11.5,polymarket
2026-02-22,Marine Le Pen,10.5,polymarket
2026-02-23,Marine Le Pen,10.5,polymarket
2026-02-24,Marine Le Pen,9.5,polymarket
2026-02-25,Marine Le Pen,9.5,polymarket
2026-02-26,Marine Le Pen,9.5,polymarket
2026-02-27,Marine Le Pen,9.5,polymarket
2026-02-28,Marine Le Pen,10.5,polymarket
2026-03-01,Marine Le Pen,10.5,polymarket
2026-03-02,Marine Le Pen,10.5,polymarket
2026-03-03,Marine Le Pen,10.5,polymarket
2026-03-04,Marine Le Pen,10.5,polymarket
2026-03-05,Marine Le Pen,10.5,polymarket
2026-03-06,Marine Le Pen,10.5,polymarket
2026-03-07,Marine Le Pen,10.5,polymarket
2026-03-08,Marine Le Pen,9.5,polymarket
2026-03-09,Marine Le Pen,8.5,polymarket
2026-03-10,Marine Le Pen,8.5,polymarket
2026-03-11,Marine Le Pen,8.5,polymarket
2026-03-12,Marine Le Pen,7.5,polymarket
2026-03-13,Marine Le Pen,7.5,polymarket
2026-03-14,Marine Le Pen,7.5,polymarket
2026-03-15,Marine Le Pen,8.5,polymarket
2026-03-16,Marine Le Pen,9.5,polymarket
2026-03-17,Marine Le Pen,8.0,polymarket
2026-03-18,Marine Le Pen,8.0,polymarket
2026-03-19,Marine Le Pen,8.5,polymarket
2026-03-20,Marine Le Pen,7.5,polymarket
2026-03-21,Marine Le Pen,8.0,polymarket
2026-03-22,Marine Le Pen,8.0,polymarket
2026-03-23,Marine Le Pen,8.0,polymarket
2026-03-24,Marine Le Pen,10.0,polymarket
2026-03-25,Marine Le Pen,9.5,polymarket
2026-03-26,Marine Le Pen,8.5,polymarket
2026-03-27,Marine Le Pen,7.5,polymarket
2026-03-28,Marine Le Pen,7.5,polymarket
2026-03-29,Marine Le Pen,7.5,polymarket
2026-04-09,Marine Le Pen,7.5,polymarket
2026-04-18,Marine Le Pen,5.5,polymarket
2026-04-22,Marine Le Pen,5.5,polymarket
2026-04-23,Marine Le Pen,5.5,polymarket
2026-04-24,Marine Le Pen,5.5,polymarket
2026-04-25,Marine Le Pen,5.5,polymarket
2026-04-26,Marine Le Pen,5.5,polymarket
2026-04-27,Marine Le Pen,5.5,polymarket
2026-04-28,Marine Le Pen,5.5,polymarket
2026-04-29,Marine Le Pen,5.5,polymarket
2026-04-30,Marine Le Pen,5.5,polymarket
2026-05-01,Marine Le Pen,6.5,polymarket
2026-05-02,Marine Le Pen,6.5,polymarket
2026-05-03,Marine Le Pen,6.5,polymarket
2026-05-04,Marine Le Pen,6.5,polymarket
2026-05-05,Marine Le Pen,6.5,polymarket
2026-05-06,Marine Le Pen,6.5,polymarket
2026-05-07,Marine Le Pen,6.5,polymarket
2026-05-08,Marine Le Pen,5.5,polymarket
2026-05-09,Marine Le Pen,5.5,polymarket
2026-05-10,Marine Le Pen,5.5,polymarket
2026-05-11,Marine Le Pen,5.5,polymarket
2026-05-12,Marine Le Pen,5.5,polymarket
2026-05-13,Marine Le Pen,5.5,polymarket
2026-05-14,Marine Le Pen,5.5,polymarket
2026-05-15,Marine Le Pen,5.5,polymarket
2026-05-16,Marine Le Pen,5.5,polymarket
2026-05-17,Marine Le Pen,5.5,polymarket
2026-05-18,Marine Le Pen,5.5,polymarket
2026-05-19,Marine Le Pen,5.5,polymarket
2026-05-20,Marine Le Pen,5.5,polymarket
2026-05-21,Marine Le Pen,5.5,polymarket
2026-05-22,Marine Le Pen,5.5,polymarket
2026-05-23,Marine Le Pen,5.5,polymarket
2026-05-24,Marine Le Pen,5.5,polymarket
2026-05-25,Marine Le Pen,5.5,polymarket
2026-05-26,Marine Le Pen,5.5,polymarket
2026-05-27,Marine Le Pen,5.5,polymarket
2026-05-28,Marine Le Pen,5.5,polymarket
2026-05-29,Marine Le Pen,5.5,polymarket
2026-05-30,Marine Le Pen,5.5,polymarket
2026-05-31,Marine Le Pen,5.5,polymarket
2026-06-01,Marine Le Pen,6.5,polymarket
2026-06-02,Marine Le Pen,6.5,polymarket
2026-06-03,Marine Le Pen,5.5,polymarket
2026-06-04,Marine Le Pen,5.5,polymarket
2026-06-05,Marine Le Pen,5.5,polymarket
2026-06-06,Marine Le Pen,5.5,polymarket
2026-06-07,Marine Le Pen,5.5,polymarket
2026-06-08,Marine Le Pen,5.5,polymarket
2026-06-09,Marine Le Pen,5.5,polymarket
2026-06-10,Marine Le Pen,5.5,polymarket
2026-06-11,Marine Le Pen,7.5,polymarket
2026-06-12,Marine Le Pen,7.0,polymarket
2026-06-13,Marine Le Pen,7.5,polymarket
2026-06-14,Marine Le Pen,7.5,polymarket
2026-06-15,Marine Le Pen,7.5,polymarket
2026-06-16,Marine Le Pen,7.5,polymarket
2026-06-17,Marine Le Pen,7.5,polymarket
2026-06-18,Marine Le Pen,7.5,polymarket
2026-06-19,Marine Le Pen,7.5,polymarket
2026-06-20,Marine Le Pen,7.5,polymarket
2026-06-21,Marine Le Pen,7.5,polymarket
2026-06-22,Marine Le Pen,7.5,polymarket
2026-06-23,Marine Le Pen,6.5,polymarket
2026-06-24,Marine Le Pen,6.5,polymarket
2026-06-25,Marine Le Pen,6.5,polymarket
2026-06-26,Marine Le Pen,6.5,polymarket
2026-06-27,Marine Le Pen,8.5,polymarket
2026-06-28,Marine Le Pen,8.5,polymarket
2026-06-29,Marine Le Pen,8.5,polymarket
2026-06-30,Marine Le Pen,8.5,polymarket
2026-07-01,Marine Le Pen,8.5,polymarket
2026-07-02,Marine Le Pen,8.5,polymarket
2026-07-03,Marine Le Pen,8.5,polymarket
2026-07-04,Marine Le Pen,8.5,polymarket
2026-07-05,Marine Le Pen,8.5,polymarket
2026-07-06,Marine Le Pen,8.5,polymarket
2026-07-07,Marine Le Pen,8.5,polymarket
2026-07-08,Marine Le Pen,28.75,polymarket
2026-07-09,Marine Le Pen,26.55,polymarket
2025-11-14,Marine Tondelier,18.0,polymarket
2025-11-15,Marine Tondelier,1.35,polymarket
2025-11-16,Marine Tondelier,1.95,polymarket
2025-11-17,Marine Tondelier,2.35,polymarket
2025-11-18,Marine Tondelier,2.4,polymarket
2025-11-19,Marine Tondelier,2.45,polymarket
2025-11-20,Marine Tondelier,2.4,polymarket
2025-11-21,Marine Tondelier,2.45,polymarket
2025-11-22,Marine Tondelier,0.5,polymarket
2025-11-23,Marine Tondelier,1.85,polymarket
2025-11-24,Marine Tondelier,2.0,polymarket
2025-11-25,Marine Tondelier,1.3,polymarket
2025-11-26,Marine Tondelier,1.6,polymarket
2025-11-27,Marine Tondelier,1.15,polymarket
2025-11-28,Marine Tondelier,0.85,polymarket
2025-11-29,Marine Tondelier,1.0,polymarket
2025-11-30,Marine Tondelier,1.0,polymarket
2025-12-01,Marine Tondelier,1.0,polymarket
2025-12-02,Marine Tondelier,1.2,polymarket
2025-12-03,Marine Tondelier,1.05,polymarket
2025-12-04,Marine Tondelier,0.8,polymarket
2025-12-05,Marine Tondelier,0.75,polymarket
2025-12-06,Marine Tondelier,1.85,polymarket
2025-12-07,Marine Tondelier,0.85,polymarket
2025-12-08,Marine Tondelier,0.4,polymarket
2025-12-09,Marine Tondelier,0.35,polymarket
2025-12-10,Marine Tondelier,0.35,polymarket
2025-12-11,Marine Tondelier,0.35,polymarket
2025-12-12,Marine Tondelier,0.35,polymarket
2025-12-13,Marine Tondelier,0.35,polymarket
2025-12-14,Marine Tondelier,0.35,polymarket
2025-12-15,Marine Tondelier,0.35,polymarket
2025-12-16,Marine Tondelier,0.35,polymarket
2025-12-17,Marine Tondelier,0.45,polymarket
2025-12-18,Marine Tondelier,0.4,polymarket
2025-12-19,Marine Tondelier,0.5,polymarket
2025-12-20,Marine Tondelier,0.5,polymarket
2025-12-21,Marine Tondelier,0.45,polymarket
2025-12-22,Marine Tondelier,0.5,polymarket
2025-12-23,Marine Tondelier,0.55,polymarket
2025-12-24,Marine Tondelier,0.65,polymarket
2025-12-25,Marine Tondelier,0.65,polymarket
2025-12-26,Marine Tondelier,0.65,polymarket
2025-12-27,Marine Tondelier,0.6,polymarket
2025-12-28,Marine Tondelier,0.6,polymarket
2025-12-29,Marine Tondelier,0.65,polymarket
2025-12-30,Marine Tondelier,0.7,polymarket
2025-12-31,Marine Tondelier,0.55,polymarket
2026-01-01,Marine Tondelier,0.45,polymarket
2026-01-02,Marine Tondelier,0.5,polymarket
2026-01-03,Marine Tondelier,0.5,polymarket
2026-01-04,Marine Tondelier,0.5,polymarket
2026-01-05,Marine Tondelier,0.45,polymarket
2026-01-06,Marine Tondelier,0.45,polymarket
2026-01-07,Marine Tondelier,0.45,polymarket
2026-01-08,Marine Tondelier,0.9,polymarket
2026-01-09,Marine Tondelier,0.6,polymarket
2026-01-10,Marine Tondelier,0.5,polymarket
2026-01-11,Marine Tondelier,0.5,polymarket
2026-01-12,Marine Tondelier,0.5,polymarket
2026-01-13,Marine Tondelier,0.5,polymarket
2026-01-14,Marine Tondelier,0.55,polymarket
2026-01-15,Marine Tondelier,0.5,polymarket
2026-01-16,Marine Tondelier,0.5,polymarket
2026-01-17,Marine Tondelier,0.5,polymarket
2026-01-18,Marine Tondelier,0.5,polymarket
2026-01-19,Marine Tondelier,0.5,polymarket
2026-01-20,Marine Tondelier,0.5,polymarket
2026-01-21,Marine Tondelier,0.5,polymarket
2026-01-22,Marine Tondelier,0.5,polymarket
2026-01-23,Marine Tondelier,0.5,polymarket
2026-01-24,Marine Tondelier,0.5,polymarket
2026-01-25,Marine Tondelier,0.5,polymarket
2026-01-26,Marine Tondelier,0.5,polymarket
2026-01-27,Marine Tondelier,0.55,polymarket
2026-01-28,Marine Tondelier,0.75,polymarket
2026-01-29,Marine Tondelier,0.8,polymarket
2026-01-30,Marine Tondelier,1.1,polymarket
2026-01-31,Marine Tondelier,0.8,polymarket
2026-02-01,Marine Tondelier,0.8,polymarket
2026-02-02,Marine Tondelier,0.7,polymarket
2026-02-03,Marine Tondelier,0.7,polymarket
2026-02-04,Marine Tondelier,0.65,polymarket
2026-02-05,Marine Tondelier,0.65,polymarket
2026-02-06,Marine Tondelier,0.65,polymarket
2026-02-07,Marine Tondelier,0.55,polymarket
2026-02-08,Marine Tondelier,0.6,polymarket
2026-02-09,Marine Tondelier,0.6,polymarket
2026-02-10,Marine Tondelier,0.55,polymarket
2026-02-11,Marine Tondelier,0.55,polymarket
2026-02-12,Marine Tondelier,0.45,polymarket
2026-02-13,Marine Tondelier,0.45,polymarket
2026-02-14,Marine Tondelier,0.35,polymarket
2026-02-15,Marine Tondelier,0.35,polymarket
2026-02-16,Marine Tondelier,0.35,polymarket
2026-02-17,Marine Tondelier,0.35,polymarket
2026-02-18,Marine Tondelier,0.35,polymarket
2026-02-19,Marine Tondelier,0.35,polymarket
2026-02-20,Marine Tondelier,0.35,polymarket
2026-02-21,Marine Tondelier,0.25,polymarket
2026-02-22,Marine Tondelier,0.35,polymarket
2026-02-23,Marine Tondelier,0.3,polymarket
2026-02-24,Marine Tondelier,0.25,polymarket
2026-02-25,Marine Tondelier,0.3,polymarket
2026-02-26,Marine Tondelier,0.25,polymarket
2026-02-27,Marine Tondelier,0.25,polymarket
2026-02-28,Marine Tondelier,0.25,polymarket
2026-03-01,Marine Tondelier,0.25,polymarket
2026-03-02,Marine Tondelier,0.25,polymarket
2026-03-03,Marine Tondelier,0.25,polymarket
2026-03-04,Marine Tondelier,0.25,polymarket
2026-03-05,Marine Tondelier,0.25,polymarket
2026-03-06,Marine Tondelier,0.25,polymarket
2026-03-07,Marine Tondelier,0.25,polymarket
2026-03-08,Marine Tondelier,0.25,polymarket
2026-03-09,Marine Tondelier,0.45,polymarket
2026-03-10,Marine Tondelier,0.45,polymarket
2026-03-11,Marine Tondelier,0.45,polymarket
2026-03-12,Marine Tondelier,0.35,polymarket
2026-03-13,Marine Tondelier,0.35,polymarket
2026-03-14,Marine Tondelier,0.35,polymarket
2026-03-15,Marine Tondelier,0.35,polymarket
2026-03-16,Marine Tondelier,0.45,polymarket
2026-03-17,Marine Tondelier,0.45,polymarket
2026-03-18,Marine Tondelier,0.7,polymarket
2026-03-19,Marine Tondelier,0.6,polymarket
2026-03-20,Marine Tondelier,0.55,polymarket
2026-03-21,Marine Tondelier,0.55,polymarket
2026-03-22,Marine Tondelier,0.7,polymarket
2026-03-23,Marine Tondelier,0.75,polymarket
2026-03-24,Marine Tondelier,0.75,polymarket
2026-03-25,Marine Tondelier,0.75,polymarket
2026-03-26,Marine Tondelier,0.65,polymarket
2026-03-27,Marine Tondelier,0.6,polymarket
2026-03-28,Marine Tondelier,0.55,polymarket
2026-04-05,Marine Tondelier,0.55,polymarket
2026-04-09,Marine Tondelier,0.55,polymarket
2026-04-12,Marine Tondelier,0.55,polymarket
2026-04-18,Marine Tondelier,0.65,polymarket
2026-04-22,Marine Tondelier,0.75,polymarket
2026-04-23,Marine Tondelier,0.75,polymarket
2026-04-24,Marine Tondelier,0.55,polymarket
2026-04-25,Marine Tondelier,0.45,polymarket
2026-04-26,Marine Tondelier,0.45,polymarket
2026-04-27,Marine Tondelier,0.45,polymarket
2026-04-28,Marine Tondelier,0.45,polymarket
2026-04-29,Marine Tondelier,0.45,polymarket
2026-04-30,Marine Tondelier,0.45,polymarket
2026-05-01,Marine Tondelier,0.45,polymarket
2026-05-02,Marine Tondelier,0.45,polymarket
2026-05-03,Marine Tondelier,0.45,polymarket
2026-05-04,Marine Tondelier,0.65,polymarket
2026-05-05,Marine Tondelier,0.75,polymarket
2026-05-06,Marine Tondelier,0.65,polymarket
2026-05-07,Marine Tondelier,0.75,polymarket
2026-05-08,Marine Tondelier,0.75,polymarket
2026-05-09,Marine Tondelier,0.75,polymarket
2026-05-10,Marine Tondelier,0.75,polymarket
2026-05-11,Marine Tondelier,0.65,polymarket
2026-05-12,Marine Tondelier,0.65,polymarket
2026-05-13,Marine Tondelier,0.65,polymarket
2026-05-14,Marine Tondelier,0.65,polymarket
2026-05-15,Marine Tondelier,0.65,polymarket
2026-05-16,Marine Tondelier,0.65,polymarket
2026-05-17,Marine Tondelier,0.65,polymarket
2026-05-18,Marine Tondelier,0.65,polymarket
2026-05-19,Marine Tondelier,0.65,polymarket
2026-05-20,Marine Tondelier,0.65,polymarket
2026-05-21,Marine Tondelier,0.65,polymarket
2026-05-22,Marine Tondelier,0.65,polymarket
2026-05-23,Marine Tondelier,0.65,polymarket
2026-05-24,Marine Tondelier,0.65,polymarket
2026-05-25,Marine Tondelier,0.65,polymarket
2026-05-26,Marine Tondelier,0.65,polymarket
2026-05-27,Marine Tondelier,0.65,polymarket
2026-05-28,Marine Tondelier,0.65,polymarket
2026-05-29,Marine Tondelier,0.65,polymarket
2026-05-30,Marine Tondelier,0.65,polymarket
2026-05-31,Marine Tondelier,0.65,polymarket
2026-06-01,Marine Tondelier,0.65,polymarket
2026-06-02,Marine Tondelier,0.65,polymarket
2026-06-03,Marine Tondelier,0.65,polymarket
2026-06-04,Marine Tondelier,0.65,polymarket
2026-06-05,Marine Tondelier,0.65,polymarket
2026-06-06,Marine Tondelier,0.65,polymarket
2026-06-07,Marine Tondelier,0.65,polymarket
2026-06-08,Marine Tondelier,0.65,polymarket
2026-06-09,Marine Tondelier,0.65,polymarket
2026-06-10,Marine Tondelier,0.65,polymarket
2026-06-11,Marine Tondelier,0.65,polymarket
2026-06-12,Marine Tondelier,0.65,polymarket
2026-06-13,Marine Tondelier,0.65,polymarket
2026-06-14,Marine Tondelier,0.65,polymarket
2026-06-15,Marine Tondelier,0.65,polymarket
2026-06-16,Marine Tondelier,0.65,polymarket
2026-06-17,Marine Tondelier,0.65,polymarket
2026-06-18,Marine Tondelier,0.65,polymarket
2026-06-19,Marine Tondelier,0.65,polymarket
2026-06-20,Marine Tondelier,0.65,polymarket
2026-06-21,Marine Tondelier,0.65,polymarket
2026-06-22,Marine Tondelier,0.65,polymarket
2026-06-23,Marine Tondelier,0.65,polymarket
2026-06-24,Marine Tondelier,0.65,polymarket
2026-06-25,Marine Tondelier,0.65,polymarket
2026-06-26,Marine Tondelier,0.65,polymarket
2026-06-27,Marine Tondelier,0.65,polymarket
2026-06-28,Marine Tondelier,0.65,polymarket
2026-06-29,Marine Tondelier,0.65,polymarket
2026-06-30,Marine Tondelier,0.65,polymarket
2026-07-01,Marine Tondelier,0.65,polymarket
2026-07-02,Marine Tondelier,0.65,polymarket
2026-07-03,Marine Tondelier,0.65,polymarket
2026-07-04,Marine Tondelier,0.65,polymarket
2026-07-05,Marine Tondelier,0.65,polymarket
2026-07-06,Marine Tondelier,0.65,polymarket
2026-07-07,Marine Tondelier,0.65,polymarket
2026-07-08,Marine Tondelier,0.65,polymarket
2026-07-09,Marine Tondelier,0.65,polymarket
2025-11-14,Mathilde Panot,32.5,polymarket
2025-11-15,Mathilde Panot,1.5,polymarket
2025-11-16,Mathilde Panot,1.5,polymarket
2025-11-17,Mathilde Panot,1.25,polymarket
2025-11-18,Mathilde Panot,0.75,polymarket
2025-11-19,Mathilde Panot,0.7,polymarket
2025-11-20,Mathilde Panot,0.65,polymarket
2025-11-21,Mathilde Panot,0.65,polymarket
2025-11-22,Mathilde Panot,0.35,polymarket
2025-11-23,Mathilde Panot,0.3,polymarket
2025-11-24,Mathilde Panot,0.35,polymarket
2025-11-25,Mathilde Panot,0.35,polymarket
2025-11-26,Mathilde Panot,0.35,polymarket
2025-11-27,Mathilde Panot,0.35,polymarket
2025-11-28,Mathilde Panot,0.35,polymarket
2025-11-29,Mathilde Panot,0.25,polymarket
2025-11-30,Mathilde Panot,0.2,polymarket
2025-12-01,Mathilde Panot,0.2,polymarket
2025-12-02,Mathilde Panot,0.25,polymarket
2025-12-03,Mathilde Panot,0.2,polymarket
2025-12-04,Mathilde Panot,0.2,polymarket
2025-12-05,Mathilde Panot,0.2,polymarket
2025-12-06,Mathilde Panot,0.15,polymarket
2025-12-07,Mathilde Panot,0.15,polymarket
2025-12-08,Mathilde Panot,0.15,polymarket
2025-12-09,Mathilde Panot,0.15,polymarket
2025-12-10,Mathilde Panot,0.15,polymarket
2025-12-11,Mathilde Panot,0.25,polymarket
2025-12-12,Mathilde Panot,0.3,polymarket
2025-12-13,Mathilde Panot,0.2,polymarket
2025-12-14,Mathilde Panot,0.2,polymarket
2025-12-15,Mathilde Panot,0.2,polymarket
2025-12-16,Mathilde Panot,0.2,polymarket
2025-12-17,Mathilde Panot,0.2,polymarket
2025-12-18,Mathilde Panot,0.2,polymarket
2025-12-19,Mathilde Panot,0.2,polymarket
2025-12-20,Mathilde Panot,0.2,polymarket
2025-12-21,Mathilde Panot,0.2,polymarket
2025-12-22,Mathilde Panot,0.25,polymarket
2025-12-23,Mathilde Panot,0.2,polymarket
2025-12-24,Mathilde Panot,0.2,polymarket
2025-12-25,Mathilde Panot,0.2,polymarket
2025-12-26,Mathilde Panot,0.25,polymarket
2025-12-27,Mathilde Panot,0.25,polymarket
2025-12-28,Mathilde Panot,0.25,polymarket
2025-12-29,Mathilde Panot,0.25,polymarket
2025-12-30,Mathilde Panot,0.25,polymarket
2025-12-31,Mathilde Panot,0.2,polymarket
2026-01-01,Mathilde Panot,0.15,polymarket
2026-01-02,Mathilde Panot,0.15,polymarket
2026-01-03,Mathilde Panot,0.15,polymarket
2026-01-04,Mathilde Panot,0.15,polymarket
2026-01-05,Mathilde Panot,0.15,polymarket
2026-01-06,Mathilde Panot,0.15,polymarket
2026-01-07,Mathilde Panot,0.15,polymarket
2026-01-08,Mathilde Panot,0.25,polymarket
2026-01-09,Mathilde Panot,0.15,polymarket
2026-01-10,Mathilde Panot,0.15,polymarket
2026-01-11,Mathilde Panot,0.15,polymarket
2026-01-12,Mathilde Panot,0.15,polymarket
2026-01-13,Mathilde Panot,0.15,polymarket
2026-01-14,Mathilde Panot,0.15,polymarket
2026-01-15,Mathilde Panot,0.15,polymarket
2026-01-16,Mathilde Panot,0.15,polymarket
2026-01-17,Mathilde Panot,0.15,polymarket
2026-01-18,Mathilde Panot,0.15,polymarket
2026-01-19,Mathilde Panot,0.15,polymarket
2026-01-20,Mathilde Panot,0.15,polymarket
2026-01-21,Mathilde Panot,0.25,polymarket
2026-01-22,Mathilde Panot,0.25,polymarket
2026-01-23,Mathilde Panot,0.2,polymarket
2026-01-24,Mathilde Panot,0.15,polymarket
2026-01-25,Mathilde Panot,0.15,polymarket
2026-01-26,Mathilde Panot,0.15,polymarket
2026-01-27,Mathilde Panot,0.25,polymarket
2026-01-28,Mathilde Panot,0.25,polymarket
2026-01-29,Mathilde Panot,0.2,polymarket
2026-01-30,Mathilde Panot,0.15,polymarket
2026-01-31,Mathilde Panot,0.2,polymarket
2026-02-01,Mathilde Panot,0.2,polymarket
2026-02-02,Mathilde Panot,0.25,polymarket
2026-02-03,Mathilde Panot,0.2,polymarket
2026-02-04,Mathilde Panot,0.2,polymarket
2026-02-05,Mathilde Panot,0.2,polymarket
2026-02-06,Mathilde Panot,0.2,polymarket
2026-02-07,Mathilde Panot,0.15,polymarket
2026-02-08,Mathilde Panot,0.15,polymarket
2026-02-09,Mathilde Panot,0.15,polymarket
2026-02-10,Mathilde Panot,0.15,polymarket
2026-02-11,Mathilde Panot,0.15,polymarket
2026-02-12,Mathilde Panot,0.15,polymarket
2026-02-13,Mathilde Panot,0.15,polymarket
2026-02-14,Mathilde Panot,0.15,polymarket
2026-02-15,Mathilde Panot,0.25,polymarket
2026-02-17,Mathilde Panot,0.25,polymarket
2026-02-18,Mathilde Panot,0.25,polymarket
2026-02-20,Mathilde Panot,0.25,polymarket
2026-02-21,Mathilde Panot,0.25,polymarket
2026-02-22,Mathilde Panot,0.25,polymarket
2026-02-23,Mathilde Panot,0.25,polymarket
2026-02-24,Mathilde Panot,0.25,polymarket
2026-02-25,Mathilde Panot,0.25,polymarket
2026-02-26,Mathilde Panot,0.25,polymarket
2026-02-27,Mathilde Panot,0.25,polymarket
2026-02-28,Mathilde Panot,0.25,polymarket
2026-03-03,Mathilde Panot,0.25,polymarket
2026-03-04,Mathilde Panot,0.25,polymarket
2026-03-05,Mathilde Panot,0.25,polymarket
2026-03-06,Mathilde Panot,0.25,polymarket
2026-03-07,Mathilde Panot,0.25,polymarket
2026-03-08,Mathilde Panot,0.25,polymarket
2026-03-09,Mathilde Panot,0.25,polymarket
2026-03-10,Mathilde Panot,0.15,polymarket
2026-03-11,Mathilde Panot,0.15,polymarket
2026-03-12,Mathilde Panot,0.15,polymarket
2026-03-14,Mathilde Panot,0.15,polymarket
2026-03-15,Mathilde Panot,0.15,polymarket
2026-03-16,Mathilde Panot,0.15,polymarket
2026-03-17,Mathilde Panot,0.15,polymarket
2026-03-18,Mathilde Panot,0.15,polymarket
2026-03-19,Mathilde Panot,0.15,polymarket
2026-03-20,Mathilde Panot,0.15,polymarket
2026-03-21,Mathilde Panot,0.15,polymarket
2026-03-22,Mathilde Panot,0.15,polymarket
2026-03-23,Mathilde Panot,0.15,polymarket
2026-03-24,Mathilde Panot,0.15,polymarket
2026-03-25,Mathilde Panot,0.15,polymarket
2026-03-26,Mathilde Panot,0.15,polymarket
2026-03-27,Mathilde Panot,0.25,polymarket
2026-03-28,Mathilde Panot,0.15,polymarket
2026-04-05,Mathilde Panot,0.35,polymarket
2026-04-09,Mathilde Panot,0.45,polymarket
2026-04-12,Mathilde Panot,0.45,polymarket
2026-04-18,Mathilde Panot,0.55,polymarket
2026-04-22,Mathilde Panot,0.65,polymarket
2026-04-23,Mathilde Panot,0.65,polymarket
2026-04-24,Mathilde Panot,0.55,polymarket
2026-04-25,Mathilde Panot,0.55,polymarket
2026-04-26,Mathilde Panot,0.55,polymarket
2026-04-27,Mathilde Panot,0.55,polymarket
2026-04-28,Mathilde Panot,0.55,polymarket
2026-04-29,Mathilde Panot,0.55,polymarket
2026-04-30,Mathilde Panot,0.55,polymarket
2026-05-01,Mathilde Panot,0.55,polymarket
2026-05-02,Mathilde Panot,0.55,polymarket
2026-05-03,Mathilde Panot,0.55,polymarket
2026-05-04,Mathilde Panot,0.55,polymarket
2026-05-05,Mathilde Panot,0.55,polymarket
2026-05-06,Mathilde Panot,0.55,polymarket
2026-05-07,Mathilde Panot,0.55,polymarket
2026-05-08,Mathilde Panot,0.65,polymarket
2026-05-09,Mathilde Panot,0.65,polymarket
2026-05-10,Mathilde Panot,0.65,polymarket
2026-05-11,Mathilde Panot,0.55,polymarket
2026-05-12,Mathilde Panot,0.55,polymarket
2026-05-13,Mathilde Panot,0.55,polymarket
2026-05-14,Mathilde Panot,0.65,polymarket
2026-05-15,Mathilde Panot,0.65,polymarket
2026-05-16,Mathilde Panot,0.65,polymarket
2026-05-17,Mathilde Panot,0.65,polymarket
2026-05-18,Mathilde Panot,0.65,polymarket
2026-05-19,Mathilde Panot,0.65,polymarket
2026-05-20,Mathilde Panot,0.65,polymarket
2026-05-21,Mathilde Panot,0.65,polymarket
2026-05-22,Mathilde Panot,0.65,polymarket
2026-05-23,Mathilde Panot,0.65,polymarket
2026-05-24,Mathilde Panot,0.75,polymarket
2026-05-25,Mathilde Panot,0.75,polymarket
2026-05-26,Mathilde Panot,0.75,polymarket
2026-05-27,Mathilde Panot,0.65,polymarket
2026-05-28,Mathilde Panot,0.65,polymarket
2026-05-29,Mathilde Panot,0.65,polymarket
2026-05-30,Mathilde Panot,0.65,polymarket
2026-05-31,Mathilde Panot,0.65,polymarket
2026-06-01,Mathilde Panot,0.65,polymarket
2026-06-02,Mathilde Panot,0.65,polymarket
2026-06-03,Mathilde Panot,0.65,polymarket
2026-06-04,Mathilde Panot,0.65,polymarket
2026-06-05,Mathilde Panot,0.65,polymarket
2026-06-06,Mathilde Panot,0.65,polymarket
2026-06-07,Mathilde Panot,0.65,polymarket
2026-06-08,Mathilde Panot,0.65,polymarket
2026-06-09,Mathilde Panot,0.65,polymarket
2026-06-10,Mathilde Panot,0.65,polymarket
2026-06-11,Mathilde Panot,0.65,polymarket
2026-06-12,Mathilde Panot,0.65,polymarket
2026-06-13,Mathilde Panot,0.65,polymarket
2026-06-14,Mathilde Panot,0.65,polymarket
2026-06-15,Mathilde Panot,0.65,polymarket
2026-06-16,Mathilde Panot,0.65,polymarket
2026-06-17,Mathilde Panot,0.65,polymarket
2026-06-18,Mathilde Panot,0.65,polymarket
2026-06-19,Mathilde Panot,0.65,polymarket
2026-06-20,Mathilde Panot,0.65,polymarket
2026-06-21,Mathilde Panot,0.65,polymarket
2026-06-22,Mathilde Panot,0.65,polymarket
2026-06-23,Mathilde Panot,0.65,polymarket
2026-06-24,Mathilde Panot,0.65,polymarket
2026-06-25,Mathilde Panot,0.65,polymarket
2026-06-26,Mathilde Panot,0.65,polymarket
2026-06-27,Mathilde Panot,0.65,polymarket
2026-06-28,Mathilde Panot,0.65,polymarket
2026-06-29,Mathilde Panot,0.65,polymarket
2026-06-30,Mathilde Panot,0.65,polymarket
2026-07-01,Mathilde Panot,0.65,polymarket
2026-07-02,Mathilde Panot,0.65,polymarket
2026-07-03,Mathilde Panot,0.65,polymarket
2026-07-04,Mathilde Panot,0.65,polymarket
2026-07-05,Mathilde Panot,0.65,polymarket
2026-07-06,Mathilde Panot,0.65,polymarket
2026-07-07,Mathilde Panot,0.65,polymarket
2026-07-08,Mathilde Panot,0.65,polymarket
2026-07-09,Mathilde Panot,0.65,polymarket
2025-11-14,Michel Barnier,12.5,polymarket
2025-11-15,Michel Barnier,0.9,polymarket
2025-11-16,Michel Barnier,0.85,polymarket
2025-11-17,Michel Barnier,0.8,polymarket
2025-11-18,Michel Barnier,0.7,polymarket
2025-11-19,Michel Barnier,0.7,polymarket
2025-11-20,Michel Barnier,0.6,polymarket
2025-11-21,Michel Barnier,0.75,polymarket
2025-11-22,Michel Barnier,0.8,polymarket
2025-11-23,Michel Barnier,0.55,polymarket
2025-11-24,Michel Barnier,0.3,polymarket
2025-11-25,Michel Barnier,0.3,polymarket
2025-11-26,Michel Barnier,0.25,polymarket
2025-11-27,Michel Barnier,0.25,polymarket
2025-11-28,Michel Barnier,0.25,polymarket
2025-11-29,Michel Barnier,0.25,polymarket
2025-11-30,Michel Barnier,0.25,polymarket
2025-12-01,Michel Barnier,0.25,polymarket
2025-12-02,Michel Barnier,0.25,polymarket
2025-12-03,Michel Barnier,0.25,polymarket
2025-12-04,Michel Barnier,0.25,polymarket
2025-12-05,Michel Barnier,0.25,polymarket
2025-12-06,Michel Barnier,0.75,polymarket
2025-12-07,Michel Barnier,0.7,polymarket
2025-12-08,Michel Barnier,0.4,polymarket
2025-12-09,Michel Barnier,0.25,polymarket
2025-12-10,Michel Barnier,0.2,polymarket
2025-12-11,Michel Barnier,0.2,polymarket
2025-12-12,Michel Barnier,0.2,polymarket
2025-12-13,Michel Barnier,0.2,polymarket
2025-12-14,Michel Barnier,0.2,polymarket
2025-12-15,Michel Barnier,0.2,polymarket
2025-12-16,Michel Barnier,0.2,polymarket
2025-12-17,Michel Barnier,0.2,polymarket
2025-12-18,Michel Barnier,0.2,polymarket
2025-12-19,Michel Barnier,0.2,polymarket
2025-12-20,Michel Barnier,0.2,polymarket
2025-12-21,Michel Barnier,0.2,polymarket
2025-12-22,Michel Barnier,0.25,polymarket
2025-12-23,Michel Barnier,0.2,polymarket
2025-12-24,Michel Barnier,0.2,polymarket
2025-12-25,Michel Barnier,0.25,polymarket
2025-12-26,Michel Barnier,0.25,polymarket
2025-12-27,Michel Barnier,0.25,polymarket
2025-12-28,Michel Barnier,0.25,polymarket
2025-12-29,Michel Barnier,0.25,polymarket
2025-12-30,Michel Barnier,0.25,polymarket
2025-12-31,Michel Barnier,0.25,polymarket
2026-01-01,Michel Barnier,0.25,polymarket
2026-01-02,Michel Barnier,0.2,polymarket
2026-01-03,Michel Barnier,0.2,polymarket
2026-01-04,Michel Barnier,0.25,polymarket
2026-01-05,Michel Barnier,0.15,polymarket
2026-01-06,Michel Barnier,0.15,polymarket
2026-01-07,Michel Barnier,0.15,polymarket
2026-01-08,Michel Barnier,0.15,polymarket
2026-01-09,Michel Barnier,0.15,polymarket
2026-01-10,Michel Barnier,0.15,polymarket
2026-01-11,Michel Barnier,0.15,polymarket
2026-01-12,Michel Barnier,0.15,polymarket
2026-01-13,Michel Barnier,0.15,polymarket
2026-01-14,Michel Barnier,0.15,polymarket
2026-01-15,Michel Barnier,0.15,polymarket
2026-01-16,Michel Barnier,0.15,polymarket
2026-01-17,Michel Barnier,0.15,polymarket
2026-01-18,Michel Barnier,0.15,polymarket
2026-01-19,Michel Barnier,0.15,polymarket
2026-01-20,Michel Barnier,0.15,polymarket
2026-01-21,Michel Barnier,0.15,polymarket
2026-01-22,Michel Barnier,0.2,polymarket
2026-01-23,Michel Barnier,0.2,polymarket
2026-01-24,Michel Barnier,0.15,polymarket
2026-01-25,Michel Barnier,0.2,polymarket
2026-01-26,Michel Barnier,0.2,polymarket
2026-01-27,Michel Barnier,0.25,polymarket
2026-01-28,Michel Barnier,0.25,polymarket
2026-01-29,Michel Barnier,0.2,polymarket
2026-01-30,Michel Barnier,0.2,polymarket
2026-01-31,Michel Barnier,0.2,polymarket
2026-02-01,Michel Barnier,0.2,polymarket
2026-02-02,Michel Barnier,0.15,polymarket
2026-02-03,Michel Barnier,0.15,polymarket
2026-02-04,Michel Barnier,0.15,polymarket
2026-02-05,Michel Barnier,0.15,polymarket
2026-02-06,Michel Barnier,0.15,polymarket
2026-02-07,Michel Barnier,0.2,polymarket
2026-02-08,Michel Barnier,0.2,polymarket
2026-02-09,Michel Barnier,0.2,polymarket
2026-02-10,Michel Barnier,0.15,polymarket
2026-02-11,Michel Barnier,0.15,polymarket
2026-02-12,Michel Barnier,0.15,polymarket
2026-02-13,Michel Barnier,0.15,polymarket
2026-02-14,Michel Barnier,0.25,polymarket
2026-02-15,Michel Barnier,0.25,polymarket
2026-02-16,Michel Barnier,0.25,polymarket
2026-02-17,Michel Barnier,0.25,polymarket
2026-02-18,Michel Barnier,0.25,polymarket
2026-02-19,Michel Barnier,0.25,polymarket
2026-02-20,Michel Barnier,0.25,polymarket
2026-02-21,Michel Barnier,0.25,polymarket
2026-02-22,Michel Barnier,0.25,polymarket
2026-02-23,Michel Barnier,0.25,polymarket
2026-02-24,Michel Barnier,0.15,polymarket
2026-02-25,Michel Barnier,0.15,polymarket
2026-02-26,Michel Barnier,0.15,polymarket
2026-02-27,Michel Barnier,0.15,polymarket
2026-02-28,Michel Barnier,0.15,polymarket
2026-03-01,Michel Barnier,0.15,polymarket
2026-03-02,Michel Barnier,0.15,polymarket
2026-03-03,Michel Barnier,0.15,polymarket
2026-03-04,Michel Barnier,0.15,polymarket
2026-03-05,Michel Barnier,0.15,polymarket
2026-03-06,Michel Barnier,0.15,polymarket
2026-03-07,Michel Barnier,0.15,polymarket
2026-03-08,Michel Barnier,0.15,polymarket
2026-03-09,Michel Barnier,0.15,polymarket
2026-03-10,Michel Barnier,0.15,polymarket
2026-03-11,Michel Barnier,0.15,polymarket
2026-03-12,Michel Barnier,0.15,polymarket
2026-03-13,Michel Barnier,0.15,polymarket
2026-03-14,Michel Barnier,0.15,polymarket
2026-03-17,Michel Barnier,0.15,polymarket
2026-03-18,Michel Barnier,0.15,polymarket
2026-03-20,Michel Barnier,0.15,polymarket
2026-03-21,Michel Barnier,0.15,polymarket
2026-03-22,Michel Barnier,0.2,polymarket
2026-03-23,Michel Barnier,0.15,polymarket
2026-03-24,Michel Barnier,0.15,polymarket
2026-03-25,Michel Barnier,0.2,polymarket
2026-03-26,Michel Barnier,0.25,polymarket
2026-03-27,Michel Barnier,0.25,polymarket
2026-03-28,Michel Barnier,0.15,polymarket
2026-03-29,Michel Barnier,0.25,polymarket
2026-04-05,Michel Barnier,0.55,polymarket
2026-04-09,Michel Barnier,0.55,polymarket
2026-04-22,Michel Barnier,0.75,polymarket
2026-04-23,Michel Barnier,0.75,polymarket
2026-04-24,Michel Barnier,0.55,polymarket
2026-04-25,Michel Barnier,0.45,polymarket
2026-04-26,Michel Barnier,0.45,polymarket
2026-04-27,Michel Barnier,0.45,polymarket
2026-04-28,Michel Barnier,0.45,polymarket
2026-04-29,Michel Barnier,0.45,polymarket
2026-04-30,Michel Barnier,0.45,polymarket
2026-05-01,Michel Barnier,0.45,polymarket
2026-05-02,Michel Barnier,0.45,polymarket
2026-05-03,Michel Barnier,0.45,polymarket
2026-05-04,Michel Barnier,0.55,polymarket
2026-05-05,Michel Barnier,0.55,polymarket
2026-05-06,Michel Barnier,0.55,polymarket
2026-05-07,Michel Barnier,0.55,polymarket
2026-05-08,Michel Barnier,0.55,polymarket
2026-05-09,Michel Barnier,0.55,polymarket
2026-05-10,Michel Barnier,0.55,polymarket
2026-05-11,Michel Barnier,0.55,polymarket
2026-05-12,Michel Barnier,0.55,polymarket
2026-05-13,Michel Barnier,0.55,polymarket
2026-05-14,Michel Barnier,0.55,polymarket
2026-05-15,Michel Barnier,0.55,polymarket
2026-05-16,Michel Barnier,0.55,polymarket
2026-05-17,Michel Barnier,0.55,polymarket
2026-05-18,Michel Barnier,0.55,polymarket
2026-05-19,Michel Barnier,0.65,polymarket
2026-05-20,Michel Barnier,0.65,polymarket
2026-05-21,Michel Barnier,0.65,polymarket
2026-05-22,Michel Barnier,0.65,polymarket
2026-05-23,Michel Barnier,0.65,polymarket
2026-05-24,Michel Barnier,0.65,polymarket
2026-05-25,Michel Barnier,0.65,polymarket
2026-05-26,Michel Barnier,0.65,polymarket
2026-05-27,Michel Barnier,0.65,polymarket
2026-05-28,Michel Barnier,0.65,polymarket
2026-05-29,Michel Barnier,0.65,polymarket
2026-05-30,Michel Barnier,0.65,polymarket
2026-05-31,Michel Barnier,0.65,polymarket
2026-06-01,Michel Barnier,0.65,polymarket
2026-06-02,Michel Barnier,0.65,polymarket
2026-06-03,Michel Barnier,0.65,polymarket
2026-06-04,Michel Barnier,0.65,polymarket
2026-06-05,Michel Barnier,0.65,polymarket
2026-06-06,Michel Barnier,0.65,polymarket
2026-06-07,Michel Barnier,0.65,polymarket
2026-06-08,Michel Barnier,0.65,polymarket
2026-06-09,Michel Barnier,0.65,polymarket
2026-06-10,Michel Barnier,0.65,polymarket
2026-06-11,Michel Barnier,0.65,polymarket
2026-06-12,Michel Barnier,0.75,polymarket
2026-06-13,Michel Barnier,0.75,polymarket
2026-06-14,Michel Barnier,0.75,polymarket
2026-06-15,Michel Barnier,0.75,polymarket
2026-06-16,Michel Barnier,0.75,polymarket
2026-06-17,Michel Barnier,0.75,polymarket
2026-06-18,Michel Barnier,0.75,polymarket
2026-06-19,Michel Barnier,0.75,polymarket
2026-06-20,Michel Barnier,0.75,polymarket
2026-06-21,Michel Barnier,0.75,polymarket
2026-06-22,Michel Barnier,0.75,polymarket
2026-06-23,Michel Barnier,0.75,polymarket
2026-06-24,Michel Barnier,0.75,polymarket
2026-06-25,Michel Barnier,0.75,polymarket
2026-06-26,Michel Barnier,0.75,polymarket
2026-06-27,Michel Barnier,0.75,polymarket
2026-06-28,Michel Barnier,0.75,polymarket
2026-06-29,Michel Barnier,0.75,polymarket
2026-06-30,Michel Barnier,0.75,polymarket
2026-07-01,Michel Barnier,0.75,polymarket
2026-07-02,Michel Barnier,0.75,polymarket
2026-07-03,Michel Barnier,0.75,polymarket
2026-07-04,Michel Barnier,0.75,polymarket
2026-07-05,Michel Barnier,0.75,polymarket
2026-07-06,Michel Barnier,0.75,polymarket
2026-07-07,Michel Barnier,0.75,polymarket
2026-07-08,Michel Barnier,0.75,polymarket
2026-07-09,Michel Barnier,0.75,polymarket
2025-11-14,Nicolas Dupont-Aignan,14.5,polymarket
2025-11-15,Nicolas Dupont-Aignan,1.35,polymarket
2025-11-16,Nicolas Dupont-Aignan,1.1,polymarket
2025-11-17,Nicolas Dupont-Aignan,0.7,polymarket
2025-11-18,Nicolas Dupont-Aignan,0.55,polymarket
2025-11-19,Nicolas Dupont-Aignan,0.5,polymarket
2025-11-20,Nicolas Dupont-Aignan,0.55,polymarket
2025-11-21,Nicolas Dupont-Aignan,0.7,polymarket
2025-11-22,Nicolas Dupont-Aignan,0.4,polymarket
2025-11-23,Nicolas Dupont-Aignan,0.3,polymarket
2025-11-24,Nicolas Dupont-Aignan,0.3,polymarket
2025-11-25,Nicolas Dupont-Aignan,0.25,polymarket
2025-11-26,Nicolas Dupont-Aignan,0.2,polymarket
2025-11-27,Nicolas Dupont-Aignan,0.2,polymarket
2025-11-28,Nicolas Dupont-Aignan,0.2,polymarket
2025-11-29,Nicolas Dupont-Aignan,0.2,polymarket
2025-11-30,Nicolas Dupont-Aignan,0.2,polymarket
2025-12-01,Nicolas Dupont-Aignan,0.2,polymarket
2025-12-02,Nicolas Dupont-Aignan,0.2,polymarket
2025-12-03,Nicolas Dupont-Aignan,0.15,polymarket
2025-12-04,Nicolas Dupont-Aignan,0.15,polymarket
2025-12-05,Nicolas Dupont-Aignan,0.15,polymarket
2025-12-06,Nicolas Dupont-Aignan,0.15,polymarket
2025-12-07,Nicolas Dupont-Aignan,0.15,polymarket
2025-12-08,Nicolas Dupont-Aignan,0.15,polymarket
2025-12-09,Nicolas Dupont-Aignan,0.15,polymarket
2025-12-10,Nicolas Dupont-Aignan,0.15,polymarket
2025-12-11,Nicolas Dupont-Aignan,0.15,polymarket
2025-12-12,Nicolas Dupont-Aignan,0.15,polymarket
2025-12-13,Nicolas Dupont-Aignan,0.15,polymarket
2025-12-14,Nicolas Dupont-Aignan,0.15,polymarket
2025-12-15,Nicolas Dupont-Aignan,0.15,polymarket
2025-12-16,Nicolas Dupont-Aignan,0.15,polymarket
2025-12-17,Nicolas Dupont-Aignan,0.15,polymarket
2025-12-18,Nicolas Dupont-Aignan,0.15,polymarket
2025-12-19,Nicolas Dupont-Aignan,0.15,polymarket
2025-12-20,Nicolas Dupont-Aignan,0.15,polymarket
2025-12-21,Nicolas Dupont-Aignan,0.15,polymarket
2025-12-22,Nicolas Dupont-Aignan,0.15,polymarket
2025-12-23,Nicolas Dupont-Aignan,0.15,polymarket
2025-12-24,Nicolas Dupont-Aignan,0.15,polymarket
2025-12-25,Nicolas Dupont-Aignan,0.15,polymarket
2025-12-26,Nicolas Dupont-Aignan,0.15,polymarket
2025-12-27,Nicolas Dupont-Aignan,0.15,polymarket
2025-12-28,Nicolas Dupont-Aignan,0.15,polymarket
2025-12-29,Nicolas Dupont-Aignan,0.15,polymarket
2025-12-30,Nicolas Dupont-Aignan,0.15,polymarket
2025-12-31,Nicolas Dupont-Aignan,0.15,polymarket
2026-01-01,Nicolas Dupont-Aignan,0.15,polymarket
2026-01-02,Nicolas Dupont-Aignan,0.15,polymarket
2026-01-03,Nicolas Dupont-Aignan,0.15,polymarket
2026-01-04,Nicolas Dupont-Aignan,0.15,polymarket
2026-01-05,Nicolas Dupont-Aignan,0.15,polymarket
2026-01-06,Nicolas Dupont-Aignan,0.15,polymarket
2026-01-07,Nicolas Dupont-Aignan,0.15,polymarket
2026-01-08,Nicolas Dupont-Aignan,0.15,polymarket
2026-01-09,Nicolas Dupont-Aignan,0.15,polymarket
2026-01-10,Nicolas Dupont-Aignan,0.15,polymarket
2026-01-11,Nicolas Dupont-Aignan,0.15,polymarket
2026-01-12,Nicolas Dupont-Aignan,0.15,polymarket
2026-01-13,Nicolas Dupont-Aignan,0.15,polymarket
2026-01-14,Nicolas Dupont-Aignan,0.15,polymarket
2026-01-15,Nicolas Dupont-Aignan,0.15,polymarket
2026-01-16,Nicolas Dupont-Aignan,0.15,polymarket
2026-01-17,Nicolas Dupont-Aignan,0.15,polymarket
2026-01-18,Nicolas Dupont-Aignan,0.15,polymarket
2026-01-19,Nicolas Dupont-Aignan,0.15,polymarket
2026-01-20,Nicolas Dupont-Aignan,0.15,polymarket
2026-01-21,Nicolas Dupont-Aignan,0.15,polymarket
2026-01-22,Nicolas Dupont-Aignan,0.15,polymarket
2026-01-23,Nicolas Dupont-Aignan,0.15,polymarket
2026-01-24,Nicolas Dupont-Aignan,0.15,polymarket
2026-01-25,Nicolas Dupont-Aignan,0.15,polymarket
2026-01-26,Nicolas Dupont-Aignan,0.15,polymarket
2026-01-27,Nicolas Dupont-Aignan,0.25,polymarket
2026-01-28,Nicolas Dupont-Aignan,0.15,polymarket
2026-01-29,Nicolas Dupont-Aignan,0.15,polymarket
2026-01-30,Nicolas Dupont-Aignan,0.15,polymarket
2026-01-31,Nicolas Dupont-Aignan,0.15,polymarket
2026-02-01,Nicolas Dupont-Aignan,0.15,polymarket
2026-02-02,Nicolas Dupont-Aignan,0.2,polymarket
2026-02-03,Nicolas Dupont-Aignan,0.15,polymarket
2026-02-04,Nicolas Dupont-Aignan,0.15,polymarket
2026-02-05,Nicolas Dupont-Aignan,0.15,polymarket
2026-02-06,Nicolas Dupont-Aignan,0.15,polymarket
2026-02-07,Nicolas Dupont-Aignan,0.15,polymarket
2026-02-08,Nicolas Dupont-Aignan,0.15,polymarket
2026-02-09,Nicolas Dupont-Aignan,0.15,polymarket
2026-02-10,Nicolas Dupont-Aignan,0.15,polymarket
2026-02-11,Nicolas Dupont-Aignan,0.15,polymarket
2026-02-12,Nicolas Dupont-Aignan,0.15,polymarket
2026-02-13,Nicolas Dupont-Aignan,0.15,polymarket
2026-02-14,Nicolas Dupont-Aignan,0.15,polymarket
2026-02-15,Nicolas Dupont-Aignan,0.25,polymarket
2026-02-16,Nicolas Dupont-Aignan,0.25,polymarket
2026-02-17,Nicolas Dupont-Aignan,0.25,polymarket
2026-02-18,Nicolas Dupont-Aignan,0.25,polymarket
2026-02-19,Nicolas Dupont-Aignan,0.25,polymarket
2026-02-20,Nicolas Dupont-Aignan,0.2,polymarket
2026-02-21,Nicolas Dupont-Aignan,0.15,polymarket
2026-02-22,Nicolas Dupont-Aignan,0.15,polymarket
2026-02-23,Nicolas Dupont-Aignan,0.15,polymarket
2026-02-24,Nicolas Dupont-Aignan,0.15,polymarket
2026-02-25,Nicolas Dupont-Aignan,0.15,polymarket
2026-02-26,Nicolas Dupont-Aignan,0.15,polymarket
2026-02-27,Nicolas Dupont-Aignan,0.15,polymarket
2026-02-28,Nicolas Dupont-Aignan,0.15,polymarket
2026-03-02,Nicolas Dupont-Aignan,0.15,polymarket
2026-03-03,Nicolas Dupont-Aignan,0.15,polymarket
2026-03-04,Nicolas Dupont-Aignan,0.15,polymarket
2026-03-05,Nicolas Dupont-Aignan,0.15,polymarket
2026-03-06,Nicolas Dupont-Aignan,0.15,polymarket
2026-03-07,Nicolas Dupont-Aignan,0.15,polymarket
2026-03-08,Nicolas Dupont-Aignan,0.15,polymarket
2026-03-09,Nicolas Dupont-Aignan,0.15,polymarket
2026-03-10,Nicolas Dupont-Aignan,0.15,polymarket
2026-03-11,Nicolas Dupont-Aignan,0.15,polymarket
2026-03-12,Nicolas Dupont-Aignan,0.15,polymarket
2026-03-14,Nicolas Dupont-Aignan,0.15,polymarket
2026-03-15,Nicolas Dupont-Aignan,0.15,polymarket
2026-03-16,Nicolas Dupont-Aignan,0.15,polymarket
2026-03-17,Nicolas Dupont-Aignan,0.15,polymarket
2026-03-18,Nicolas Dupont-Aignan,0.15,polymarket
2026-03-19,Nicolas Dupont-Aignan,0.15,polymarket
2026-03-20,Nicolas Dupont-Aignan,0.15,polymarket
2026-03-21,Nicolas Dupont-Aignan,0.15,polymarket
2026-03-22,Nicolas Dupont-Aignan,0.15,polymarket
2026-03-23,Nicolas Dupont-Aignan,0.15,polymarket
2026-03-24,Nicolas Dupont-Aignan,0.15,polymarket
2026-03-25,Nicolas Dupont-Aignan,0.15,polymarket
2026-03-26,Nicolas Dupont-Aignan,0.15,polymarket
2026-03-27,Nicolas Dupont-Aignan,0.25,polymarket
2026-03-28,Nicolas Dupont-Aignan,1.4,polymarket
2026-03-29,Nicolas Dupont-Aignan,0.65,polymarket
2026-03-31,Nicolas Dupont-Aignan,0.25,polymarket
2026-04-02,Nicolas Dupont-Aignan,0.25,polymarket
2026-04-09,Nicolas Dupont-Aignan,0.45,polymarket
2026-04-19,Nicolas Dupont-Aignan,0.65,polymarket
2026-04-22,Nicolas Dupont-Aignan,0.75,polymarket
2026-04-23,Nicolas Dupont-Aignan,0.75,polymarket
2026-04-24,Nicolas Dupont-Aignan,0.65,polymarket
2026-04-25,Nicolas Dupont-Aignan,0.65,polymarket
2026-04-26,Nicolas Dupont-Aignan,0.65,polymarket
2026-04-27,Nicolas Dupont-Aignan,0.65,polymarket
2026-04-28,Nicolas Dupont-Aignan,0.65,polymarket
2026-04-29,Nicolas Dupont-Aignan,0.65,polymarket
2026-04-30,Nicolas Dupont-Aignan,0.65,polymarket
2026-05-01,Nicolas Dupont-Aignan,0.65,polymarket
2026-05-02,Nicolas Dupont-Aignan,0.65,polymarket
2026-05-03,Nicolas Dupont-Aignan,0.65,polymarket
2026-05-04,Nicolas Dupont-Aignan,0.65,polymarket
2026-05-05,Nicolas Dupont-Aignan,0.65,polymarket
2026-05-06,Nicolas Dupont-Aignan,0.65,polymarket
2026-05-07,Nicolas Dupont-Aignan,0.65,polymarket
2026-05-08,Nicolas Dupont-Aignan,0.65,polymarket
2026-05-09,Nicolas Dupont-Aignan,0.65,polymarket
2026-05-10,Nicolas Dupont-Aignan,0.65,polymarket
2026-05-11,Nicolas Dupont-Aignan,0.65,polymarket
2026-05-12,Nicolas Dupont-Aignan,0.65,polymarket
2026-05-13,Nicolas Dupont-Aignan,0.65,polymarket
2026-05-14,Nicolas Dupont-Aignan,0.65,polymarket
2026-05-15,Nicolas Dupont-Aignan,0.65,polymarket
2026-05-16,Nicolas Dupont-Aignan,0.65,polymarket
2026-05-17,Nicolas Dupont-Aignan,0.65,polymarket
2026-05-18,Nicolas Dupont-Aignan,0.65,polymarket
2026-05-19,Nicolas Dupont-Aignan,0.65,polymarket
2026-05-20,Nicolas Dupont-Aignan,0.65,polymarket
2026-05-21,Nicolas Dupont-Aignan,0.65,polymarket
2026-05-22,Nicolas Dupont-Aignan,0.65,polymarket
2026-05-23,Nicolas Dupont-Aignan,0.65,polymarket
2026-05-24,Nicolas Dupont-Aignan,0.65,polymarket
2026-05-25,Nicolas Dupont-Aignan,0.65,polymarket
2026-05-26,Nicolas Dupont-Aignan,0.65,polymarket
2026-05-27,Nicolas Dupont-Aignan,0.65,polymarket
2026-05-28,Nicolas Dupont-Aignan,0.65,polymarket
2026-05-29,Nicolas Dupont-Aignan,0.65,polymarket
2026-05-30,Nicolas Dupont-Aignan,0.65,polymarket
2026-05-31,Nicolas Dupont-Aignan,0.65,polymarket
2026-06-01,Nicolas Dupont-Aignan,0.65,polymarket
2026-06-02,Nicolas Dupont-Aignan,0.65,polymarket
2026-06-03,Nicolas Dupont-Aignan,0.65,polymarket
2026-06-04,Nicolas Dupont-Aignan,0.65,polymarket
2026-06-05,Nicolas Dupont-Aignan,0.65,polymarket
2026-06-06,Nicolas Dupont-Aignan,0.65,polymarket
2026-06-07,Nicolas Dupont-Aignan,0.65,polymarket
2026-06-08,Nicolas Dupont-Aignan,0.65,polymarket
2026-06-09,Nicolas Dupont-Aignan,0.65,polymarket
2026-06-10,Nicolas Dupont-Aignan,0.65,polymarket
2026-06-11,Nicolas Dupont-Aignan,0.65,polymarket
2026-06-12,Nicolas Dupont-Aignan,0.65,polymarket
2026-06-13,Nicolas Dupont-Aignan,0.65,polymarket
2026-06-14,Nicolas Dupont-Aignan,0.65,polymarket
2026-06-15,Nicolas Dupont-Aignan,0.65,polymarket
2026-06-16,Nicolas Dupont-Aignan,0.65,polymarket
2026-06-17,Nicolas Dupont-Aignan,0.65,polymarket
2026-06-18,Nicolas Dupont-Aignan,0.65,polymarket
2026-06-19,Nicolas Dupont-Aignan,0.65,polymarket
2026-06-20,Nicolas Dupont-Aignan,0.65,polymarket
2026-06-21,Nicolas Dupont-Aignan,0.65,polymarket
2026-06-22,Nicolas Dupont-Aignan,0.65,polymarket
2026-06-23,Nicolas Dupont-Aignan,0.65,polymarket
2026-06-24,Nicolas Dupont-Aignan,0.65,polymarket
2026-06-25,Nicolas Dupont-Aignan,0.65,polymarket
2026-06-26,Nicolas Dupont-Aignan,0.65,polymarket
2026-06-27,Nicolas Dupont-Aignan,0.65,polymarket
2026-06-28,Nicolas Dupont-Aignan,0.65,polymarket
2026-06-29,Nicolas Dupont-Aignan,0.65,polymarket
2026-06-30,Nicolas Dupont-Aignan,0.65,polymarket
2026-07-01,Nicolas Dupont-Aignan,0.65,polymarket
2026-07-02,Nicolas Dupont-Aignan,0.65,polymarket
2026-07-03,Nicolas Dupont-Aignan,0.65,polymarket
2026-07-04,Nicolas Dupont-Aignan,0.65,polymarket
2026-07-05,Nicolas Dupont-Aignan,0.65,polymarket
2026-07-06,Nicolas Dupont-Aignan,0.65,polymarket
2026-07-07,Nicolas Dupont-Aignan,0.65,polymarket
2026-07-08,Nicolas Dupont-Aignan,0.65,polymarket
2026-07-09,Nicolas Dupont-Aignan,0.65,polymarket
2025-11-14,Olivier Faure,23.5,polymarket
2025-11-15,Olivier Faure,1.05,polymarket
2025-11-16,Olivier Faure,1.0,polymarket
2025-11-17,Olivier Faure,0.55,polymarket
2025-11-18,Olivier Faure,0.95,polymarket
2025-11-19,Olivier Faure,0.9,polymarket
2025-11-20,Olivier Faure,0.8,polymarket
2025-11-21,Olivier Faure,0.65,polymarket
2025-11-22,Olivier Faure,1.05,polymarket
2025-11-23,Olivier Faure,1.15,polymarket
2025-11-24,Olivier Faure,0.75,polymarket
2025-11-25,Olivier Faure,0.65,polymarket
2025-11-26,Olivier Faure,0.65,polymarket
2025-11-27,Olivier Faure,1.2,polymarket
2025-11-28,Olivier Faure,0.9,polymarket
2025-11-29,Olivier Faure,0.85,polymarket
2025-11-30,Olivier Faure,0.75,polymarket
2025-12-01,Olivier Faure,0.75,polymarket
2025-12-02,Olivier Faure,0.75,polymarket
2025-12-03,Olivier Faure,0.75,polymarket
2025-12-04,Olivier Faure,1.15,polymarket
2025-12-05,Olivier Faure,0.95,polymarket
2025-12-06,Olivier Faure,0.9,polymarket
2025-12-07,Olivier Faure,0.9,polymarket
2025-12-08,Olivier Faure,0.85,polymarket
2025-12-09,Olivier Faure,0.8,polymarket
2025-12-10,Olivier Faure,0.8,polymarket
2025-12-11,Olivier Faure,0.75,polymarket
2025-12-12,Olivier Faure,0.75,polymarket
2025-12-13,Olivier Faure,0.8,polymarket
2025-12-14,Olivier Faure,0.8,polymarket
2025-12-15,Olivier Faure,0.9,polymarket
2025-12-16,Olivier Faure,0.9,polymarket
2025-12-17,Olivier Faure,0.85,polymarket
2025-12-18,Olivier Faure,0.85,polymarket
2025-12-19,Olivier Faure,0.85,polymarket
2025-12-20,Olivier Faure,0.85,polymarket
2025-12-21,Olivier Faure,0.85,polymarket
2025-12-22,Olivier Faure,0.8,polymarket
2025-12-23,Olivier Faure,1.35,polymarket
2025-12-24,Olivier Faure,1.25,polymarket
2025-12-25,Olivier Faure,1.05,polymarket
2025-12-26,Olivier Faure,1.0,polymarket
2025-12-27,Olivier Faure,1.1,polymarket
2025-12-28,Olivier Faure,1.1,polymarket
2025-12-29,Olivier Faure,1.1,polymarket
2025-12-30,Olivier Faure,1.0,polymarket
2025-12-31,Olivier Faure,0.95,polymarket
2026-01-01,Olivier Faure,0.9,polymarket
2026-01-02,Olivier Faure,0.9,polymarket
2026-01-03,Olivier Faure,0.8,polymarket
2026-01-04,Olivier Faure,0.8,polymarket
2026-01-05,Olivier Faure,0.8,polymarket
2026-01-06,Olivier Faure,0.8,polymarket
2026-01-07,Olivier Faure,0.8,polymarket
2026-01-08,Olivier Faure,0.9,polymarket
2026-01-09,Olivier Faure,0.85,polymarket
2026-01-10,Olivier Faure,0.75,polymarket
2026-01-11,Olivier Faure,0.6,polymarket
2026-01-12,Olivier Faure,0.65,polymarket
2026-01-13,Olivier Faure,0.6,polymarket
2026-01-14,Olivier Faure,0.5,polymarket
2026-01-15,Olivier Faure,0.45,polymarket
2026-01-16,Olivier Faure,0.4,polymarket
2026-01-17,Olivier Faure,0.35,polymarket
2026-01-18,Olivier Faure,0.35,polymarket
2026-01-19,Olivier Faure,0.7,polymarket
2026-01-20,Olivier Faure,0.7,polymarket
2026-01-21,Olivier Faure,0.6,polymarket
2026-01-22,Olivier Faure,0.5,polymarket
2026-01-23,Olivier Faure,0.6,polymarket
2026-01-24,Olivier Faure,0.45,polymarket
2026-01-25,Olivier Faure,0.35,polymarket
2026-01-26,Olivier Faure,0.4,polymarket
2026-01-27,Olivier Faure,0.4,polymarket
2026-01-28,Olivier Faure,0.3,polymarket
2026-01-29,Olivier Faure,0.45,polymarket
2026-01-30,Olivier Faure,0.45,polymarket
2026-01-31,Olivier Faure,0.4,polymarket
2026-02-01,Olivier Faure,0.4,polymarket
2026-02-02,Olivier Faure,0.4,polymarket
2026-02-03,Olivier Faure,0.4,polymarket
2026-02-04,Olivier Faure,0.35,polymarket
2026-02-05,Olivier Faure,0.35,polymarket
2026-02-06,Olivier Faure,0.3,polymarket
2026-02-07,Olivier Faure,0.3,polymarket
2026-02-08,Olivier Faure,0.3,polymarket
2026-02-09,Olivier Faure,0.3,polymarket
2026-02-10,Olivier Faure,0.35,polymarket
2026-02-11,Olivier Faure,0.35,polymarket
2026-02-12,Olivier Faure,0.25,polymarket
2026-02-13,Olivier Faure,0.35,polymarket
2026-02-14,Olivier Faure,0.25,polymarket
2026-02-15,Olivier Faure,0.25,polymarket
2026-02-16,Olivier Faure,0.25,polymarket
2026-02-17,Olivier Faure,0.25,polymarket
2026-02-18,Olivier Faure,0.25,polymarket
2026-02-19,Olivier Faure,0.25,polymarket
2026-02-20,Olivier Faure,0.25,polymarket
2026-02-21,Olivier Faure,0.25,polymarket
2026-02-22,Olivier Faure,0.25,polymarket
2026-02-23,Olivier Faure,0.25,polymarket
2026-02-24,Olivier Faure,0.25,polymarket
2026-02-25,Olivier Faure,0.25,polymarket
2026-02-26,Olivier Faure,0.25,polymarket
2026-02-27,Olivier Faure,0.25,polymarket
2026-02-28,Olivier Faure,0.25,polymarket
2026-03-01,Olivier Faure,0.25,polymarket
2026-03-02,Olivier Faure,0.15,polymarket
2026-03-03,Olivier Faure,0.25,polymarket
2026-03-04,Olivier Faure,0.25,polymarket
2026-03-05,Olivier Faure,0.25,polymarket
2026-03-06,Olivier Faure,0.25,polymarket
2026-03-07,Olivier Faure,0.15,polymarket
2026-03-08,Olivier Faure,0.15,polymarket
2026-03-09,Olivier Faure,0.15,polymarket
2026-03-10,Olivier Faure,0.25,polymarket
2026-03-11,Olivier Faure,0.25,polymarket
2026-03-12,Olivier Faure,0.15,polymarket
2026-03-13,Olivier Faure,0.15,polymarket
2026-03-14,Olivier Faure,0.15,polymarket
2026-03-15,Olivier Faure,0.15,polymarket
2026-03-16,Olivier Faure,0.15,polymarket
2026-03-17,Olivier Faure,0.15,polymarket
2026-03-18,Olivier Faure,0.25,polymarket
2026-03-19,Olivier Faure,0.15,polymarket
2026-03-20,Olivier Faure,0.3,polymarket
2026-03-21,Olivier Faure,0.35,polymarket
2026-03-22,Olivier Faure,0.3,polymarket
2026-03-23,Olivier Faure,0.25,polymarket
2026-03-24,Olivier Faure,0.25,polymarket
2026-03-25,Olivier Faure,0.25,polymarket
2026-03-26,Olivier Faure,0.25,polymarket
2026-03-27,Olivier Faure,0.25,polymarket
2026-03-28,Olivier Faure,0.25,polymarket
2026-04-05,Olivier Faure,0.45,polymarket
2026-04-09,Olivier Faure,0.65,polymarket
2026-04-12,Olivier Faure,0.65,polymarket
2026-04-22,Olivier Faure,0.65,polymarket
2026-04-23,Olivier Faure,0.65,polymarket
2026-04-24,Olivier Faure,0.55,polymarket
2026-04-25,Olivier Faure,0.55,polymarket
2026-04-26,Olivier Faure,0.55,polymarket
2026-04-27,Olivier Faure,0.55,polymarket
2026-04-28,Olivier Faure,0.55,polymarket
2026-04-29,Olivier Faure,0.55,polymarket
2026-04-30,Olivier Faure,0.55,polymarket
2026-05-01,Olivier Faure,0.55,polymarket
2026-05-02,Olivier Faure,0.55,polymarket
2026-05-03,Olivier Faure,0.55,polymarket
2026-05-04,Olivier Faure,0.55,polymarket
2026-05-05,Olivier Faure,0.55,polymarket
2026-05-06,Olivier Faure,0.55,polymarket
2026-05-07,Olivier Faure,0.55,polymarket
2026-05-08,Olivier Faure,0.55,polymarket
2026-05-09,Olivier Faure,0.55,polymarket
2026-05-10,Olivier Faure,0.55,polymarket
2026-05-11,Olivier Faure,0.55,polymarket
2026-05-12,Olivier Faure,0.55,polymarket
2026-05-13,Olivier Faure,0.55,polymarket
2026-05-14,Olivier Faure,0.55,polymarket
2026-05-15,Olivier Faure,0.55,polymarket
2026-05-16,Olivier Faure,0.55,polymarket
2026-05-17,Olivier Faure,0.55,polymarket
2026-05-18,Olivier Faure,0.55,polymarket
2026-05-19,Olivier Faure,0.65,polymarket
2026-05-20,Olivier Faure,0.65,polymarket
2026-05-21,Olivier Faure,0.65,polymarket
2026-05-22,Olivier Faure,0.65,polymarket
2026-05-23,Olivier Faure,0.65,polymarket
2026-05-24,Olivier Faure,0.65,polymarket
2026-05-25,Olivier Faure,0.65,polymarket
2026-05-26,Olivier Faure,0.65,polymarket
2026-05-27,Olivier Faure,0.65,polymarket
2026-05-28,Olivier Faure,0.65,polymarket
2026-05-29,Olivier Faure,0.65,polymarket
2026-05-30,Olivier Faure,0.65,polymarket
2026-05-31,Olivier Faure,0.65,polymarket
2026-06-01,Olivier Faure,0.65,polymarket
2026-06-02,Olivier Faure,0.65,polymarket
2026-06-03,Olivier Faure,0.65,polymarket
2026-06-04,Olivier Faure,0.65,polymarket
2026-06-05,Olivier Faure,0.65,polymarket
2026-06-06,Olivier Faure,0.65,polymarket
2026-06-07,Olivier Faure,0.65,polymarket
2026-06-08,Olivier Faure,0.65,polymarket
2026-06-09,Olivier Faure,0.65,polymarket
2026-06-10,Olivier Faure,0.65,polymarket
2026-06-11,Olivier Faure,0.65,polymarket
2026-06-12,Olivier Faure,0.65,polymarket
2026-06-13,Olivier Faure,0.65,polymarket
2026-06-14,Olivier Faure,0.65,polymarket
2026-06-15,Olivier Faure,0.65,polymarket
2026-06-16,Olivier Faure,0.65,polymarket
2026-06-17,Olivier Faure,0.65,polymarket
2026-06-18,Olivier Faure,0.65,polymarket
2026-06-19,Olivier Faure,0.65,polymarket
2026-06-20,Olivier Faure,0.65,polymarket
2026-06-21,Olivier Faure,0.65,polymarket
2026-06-22,Olivier Faure,0.65,polymarket
2026-06-23,Olivier Faure,0.65,polymarket
2026-06-24,Olivier Faure,0.65,polymarket
2026-06-25,Olivier Faure,0.65,polymarket
2026-06-26,Olivier Faure,0.65,polymarket
2026-06-27,Olivier Faure,0.65,polymarket
2026-06-28,Olivier Faure,0.65,polymarket
2026-06-29,Olivier Faure,0.65,polymarket
2026-06-30,Olivier Faure,0.65,polymarket
2026-07-01,Olivier Faure,0.65,polymarket
2026-07-02,Olivier Faure,0.65,polymarket
2026-07-03,Olivier Faure,0.65,polymarket
2026-07-04,Olivier Faure,0.65,polymarket
2026-07-05,Olivier Faure,0.65,polymarket
2026-07-06,Olivier Faure,0.65,polymarket
2026-07-07,Olivier Faure,0.65,polymarket
2026-07-08,Olivier Faure,0.65,polymarket
2026-07-09,Olivier Faure,0.65,polymarket
2025-11-14,Raphaël Glucksmann,43.0,polymarket
2025-11-15,Raphaël Glucksmann,8.0,polymarket
2025-11-16,Raphaël Glucksmann,7.5,polymarket
2025-11-17,Raphaël Glucksmann,7.5,polymarket
2025-11-18,Raphaël Glucksmann,6.0,polymarket
2025-11-19,Raphaël Glucksmann,6.0,polymarket
2025-11-20,Raphaël Glucksmann,6.0,polymarket
2025-11-21,Raphaël Glucksmann,5.5,polymarket
2025-11-22,Raphaël Glucksmann,3.55,polymarket
2025-11-23,Raphaël Glucksmann,3.6,polymarket
2025-11-24,Raphaël Glucksmann,5.2,polymarket
2025-11-25,Raphaël Glucksmann,4.5,polymarket
2025-11-26,Raphaël Glucksmann,4.9,polymarket
2025-11-27,Raphaël Glucksmann,3.8,polymarket
2025-11-28,Raphaël Glucksmann,3.95,polymarket
2025-11-29,Raphaël Glucksmann,2.75,polymarket
2025-11-30,Raphaël Glucksmann,3.1,polymarket
2025-12-01,Raphaël Glucksmann,3.15,polymarket
2025-12-02,Raphaël Glucksmann,3.1,polymarket
2025-12-03,Raphaël Glucksmann,4.75,polymarket
2025-12-04,Raphaël Glucksmann,3.95,polymarket
2025-12-05,Raphaël Glucksmann,4.4,polymarket
2025-12-06,Raphaël Glucksmann,4.15,polymarket
2025-12-07,Raphaël Glucksmann,4.5,polymarket
2025-12-08,Raphaël Glucksmann,4.8,polymarket
2025-12-09,Raphaël Glucksmann,4.0,polymarket
2025-12-10,Raphaël Glucksmann,3.3,polymarket
2025-12-11,Raphaël Glucksmann,2.8,polymarket
2025-12-12,Raphaël Glucksmann,2.65,polymarket
2025-12-13,Raphaël Glucksmann,2.6,polymarket
2025-12-14,Raphaël Glucksmann,2.55,polymarket
2025-12-15,Raphaël Glucksmann,2.55,polymarket
2025-12-16,Raphaël Glucksmann,2.55,polymarket
2025-12-17,Raphaël Glucksmann,2.4,polymarket
2025-12-18,Raphaël Glucksmann,2.4,polymarket
2025-12-19,Raphaël Glucksmann,2.3,polymarket
2025-12-20,Raphaël Glucksmann,2.3,polymarket
2025-12-21,Raphaël Glucksmann,2.3,polymarket
2025-12-22,Raphaël Glucksmann,2.3,polymarket
2025-12-23,Raphaël Glucksmann,2.75,polymarket
2025-12-24,Raphaël Glucksmann,2.9,polymarket
2025-12-25,Raphaël Glucksmann,2.7,polymarket
2025-12-26,Raphaël Glucksmann,2.7,polymarket
2025-12-27,Raphaël Glucksmann,2.7,polymarket
2025-12-28,Raphaël Glucksmann,2.75,polymarket
2025-12-29,Raphaël Glucksmann,3.15,polymarket
2025-12-30,Raphaël Glucksmann,4.25,polymarket
2025-12-31,Raphaël Glucksmann,3.15,polymarket
2026-01-01,Raphaël Glucksmann,3.15,polymarket
2026-01-02,Raphaël Glucksmann,3.15,polymarket
2026-01-03,Raphaël Glucksmann,3.15,polymarket
2026-01-04,Raphaël Glucksmann,3.1,polymarket
2026-01-05,Raphaël Glucksmann,2.9,polymarket
2026-01-06,Raphaël Glucksmann,2.8,polymarket
2026-01-07,Raphaël Glucksmann,2.45,polymarket
2026-01-08,Raphaël Glucksmann,2.6,polymarket
2026-01-09,Raphaël Glucksmann,2.35,polymarket
2026-01-10,Raphaël Glucksmann,2.35,polymarket
2026-01-11,Raphaël Glucksmann,2.35,polymarket
2026-01-12,Raphaël Glucksmann,2.5,polymarket
2026-01-13,Raphaël Glucksmann,2.45,polymarket
2026-01-14,Raphaël Glucksmann,2.15,polymarket
2026-01-15,Raphaël Glucksmann,1.5,polymarket
2026-01-16,Raphaël Glucksmann,2.25,polymarket
2026-01-17,Raphaël Glucksmann,1.95,polymarket
2026-01-18,Raphaël Glucksmann,1.7,polymarket
2026-01-19,Raphaël Glucksmann,1.7,polymarket
2026-01-20,Raphaël Glucksmann,1.75,polymarket
2026-01-21,Raphaël Glucksmann,1.85,polymarket
2026-01-22,Raphaël Glucksmann,1.75,polymarket
2026-01-23,Raphaël Glucksmann,1.35,polymarket
2026-01-24,Raphaël Glucksmann,2.15,polymarket
2026-01-25,Raphaël Glucksmann,2.25,polymarket
2026-01-26,Raphaël Glucksmann,2.25,polymarket
2026-01-27,Raphaël Glucksmann,2.15,polymarket
2026-01-28,Raphaël Glucksmann,2.15,polymarket
2026-01-29,Raphaël Glucksmann,1.75,polymarket
2026-01-30,Raphaël Glucksmann,1.7,polymarket
2026-01-31,Raphaël Glucksmann,1.6,polymarket
2026-02-01,Raphaël Glucksmann,1.8,polymarket
2026-02-02,Raphaël Glucksmann,2.3,polymarket
2026-02-03,Raphaël Glucksmann,1.95,polymarket
2026-02-04,Raphaël Glucksmann,1.85,polymarket
2026-02-05,Raphaël Glucksmann,1.8,polymarket
2026-02-06,Raphaël Glucksmann,1.85,polymarket
2026-02-07,Raphaël Glucksmann,1.75,polymarket
2026-02-08,Raphaël Glucksmann,1.6,polymarket
2026-02-09,Raphaël Glucksmann,1.6,polymarket
2026-02-10,Raphaël Glucksmann,1.8,polymarket
2026-02-11,Raphaël Glucksmann,2.25,polymarket
2026-02-12,Raphaël Glucksmann,1.95,polymarket
2026-02-13,Raphaël Glucksmann,1.95,polymarket
2026-02-14,Raphaël Glucksmann,1.95,polymarket
2026-02-15,Raphaël Glucksmann,2.0,polymarket
2026-02-16,Raphaël Glucksmann,2.15,polymarket
2026-02-17,Raphaël Glucksmann,2.4,polymarket
2026-02-18,Raphaël Glucksmann,2.5,polymarket
2026-02-19,Raphaël Glucksmann,2.3,polymarket
2026-02-20,Raphaël Glucksmann,2.15,polymarket
2026-02-21,Raphaël Glucksmann,1.95,polymarket
2026-02-22,Raphaël Glucksmann,1.95,polymarket
2026-02-23,Raphaël Glucksmann,2.0,polymarket
2026-02-24,Raphaël Glucksmann,2.2,polymarket
2026-02-25,Raphaël Glucksmann,2.15,polymarket
2026-02-26,Raphaël Glucksmann,2.1,polymarket
2026-02-27,Raphaël Glucksmann,1.95,polymarket
2026-02-28,Raphaël Glucksmann,1.95,polymarket
2026-03-02,Raphaël Glucksmann,2.1,polymarket
2026-03-03,Raphaël Glucksmann,2.0,polymarket
2026-03-04,Raphaël Glucksmann,1.95,polymarket
2026-03-05,Raphaël Glucksmann,2.15,polymarket
2026-03-06,Raphaël Glucksmann,2.2,polymarket
2026-03-07,Raphaël Glucksmann,2.25,polymarket
2026-03-08,Raphaël Glucksmann,2.2,polymarket
2026-03-09,Raphaël Glucksmann,2.05,polymarket
2026-03-10,Raphaël Glucksmann,2.4,polymarket
2026-03-11,Raphaël Glucksmann,2.0,polymarket
2026-03-12,Raphaël Glucksmann,2.05,polymarket
2026-03-14,Raphaël Glucksmann,2.15,polymarket
2026-03-17,Raphaël Glucksmann,4.15,polymarket
2026-03-18,Raphaël Glucksmann,4.35,polymarket
2026-03-20,Raphaël Glucksmann,4.15,polymarket
2026-03-21,Raphaël Glucksmann,4.45,polymarket
2026-03-22,Raphaël Glucksmann,4.25,polymarket
2026-03-23,Raphaël Glucksmann,4.7,polymarket
2026-03-24,Raphaël Glucksmann,4.95,polymarket
2026-03-25,Raphaël Glucksmann,4.75,polymarket
2026-03-26,Raphaël Glucksmann,4.3,polymarket
2026-03-27,Raphaël Glucksmann,4.1,polymarket
2026-03-28,Raphaël Glucksmann,4.1,polymarket
2026-03-29,Raphaël Glucksmann,4.45,polymarket
2026-04-09,Raphaël Glucksmann,2.45,polymarket
2026-04-18,Raphaël Glucksmann,1.95,polymarket
2026-04-22,Raphaël Glucksmann,2.0,polymarket
2026-04-23,Raphaël Glucksmann,2.45,polymarket
2026-04-24,Raphaël Glucksmann,2.75,polymarket
2026-04-25,Raphaël Glucksmann,2.25,polymarket
2026-04-26,Raphaël Glucksmann,2.15,polymarket
2026-04-27,Raphaël Glucksmann,2.15,polymarket
2026-04-28,Raphaël Glucksmann,2.45,polymarket
2026-04-29,Raphaël Glucksmann,2.05,polymarket
2026-04-30,Raphaël Glucksmann,2.05,polymarket
2026-05-01,Raphaël Glucksmann,2.05,polymarket
2026-05-02,Raphaël Glucksmann,2.05,polymarket
2026-05-03,Raphaël Glucksmann,2.1,polymarket
2026-05-04,Raphaël Glucksmann,2.15,polymarket
2026-05-05,Raphaël Glucksmann,2.05,polymarket
2026-05-06,Raphaël Glucksmann,2.05,polymarket
2026-05-07,Raphaël Glucksmann,2.05,polymarket
2026-05-08,Raphaël Glucksmann,2.15,polymarket
2026-05-09,Raphaël Glucksmann,2.35,polymarket
2026-05-10,Raphaël Glucksmann,2.35,polymarket
2026-05-11,Raphaël Glucksmann,2.35,polymarket
2026-05-12,Raphaël Glucksmann,3.05,polymarket
2026-05-13,Raphaël Glucksmann,2.95,polymarket
2026-05-14,Raphaël Glucksmann,2.55,polymarket
2026-05-15,Raphaël Glucksmann,2.35,polymarket
2026-05-16,Raphaël Glucksmann,2.4,polymarket
2026-05-17,Raphaël Glucksmann,2.25,polymarket
2026-05-18,Raphaël Glucksmann,2.15,polymarket
2026-05-19,Raphaël Glucksmann,2.15,polymarket
2026-05-20,Raphaël Glucksmann,2.05,polymarket
2026-05-21,Raphaël Glucksmann,2.05,polymarket
2026-05-22,Raphaël Glucksmann,2.05,polymarket
2026-05-23,Raphaël Glucksmann,1.85,polymarket
2026-05-24,Raphaël Glucksmann,1.85,polymarket
2026-05-25,Raphaël Glucksmann,1.85,polymarket
2026-05-26,Raphaël Glucksmann,2.75,polymarket
2026-05-27,Raphaël Glucksmann,3.05,polymarket
2026-05-28,Raphaël Glucksmann,3.05,polymarket
2026-05-29,Raphaël Glucksmann,3.05,polymarket
2026-05-30,Raphaël Glucksmann,3.05,polymarket
2026-05-31,Raphaël Glucksmann,2.85,polymarket
2026-06-01,Raphaël Glucksmann,2.85,polymarket
2026-06-02,Raphaël Glucksmann,2.95,polymarket
2026-06-03,Raphaël Glucksmann,3.1,polymarket
2026-06-04,Raphaël Glucksmann,2.85,polymarket
2026-06-05,Raphaël Glucksmann,2.75,polymarket
2026-06-06,Raphaël Glucksmann,2.75,polymarket
2026-06-07,Raphaël Glucksmann,2.45,polymarket
2026-06-08,Raphaël Glucksmann,2.45,polymarket
2026-06-09,Raphaël Glucksmann,2.35,polymarket
2026-06-10,Raphaël Glucksmann,2.35,polymarket
2026-06-11,Raphaël Glucksmann,1.95,polymarket
2026-06-12,Raphaël Glucksmann,1.85,polymarket
2026-06-13,Raphaël Glucksmann,1.65,polymarket
2026-06-14,Raphaël Glucksmann,1.75,polymarket
2026-06-15,Raphaël Glucksmann,2.15,polymarket
2026-06-16,Raphaël Glucksmann,2.05,polymarket
2026-06-17,Raphaël Glucksmann,2.1,polymarket
2026-06-18,Raphaël Glucksmann,2.0,polymarket
2026-06-19,Raphaël Glucksmann,1.95,polymarket
2026-06-20,Raphaël Glucksmann,1.95,polymarket
2026-06-21,Raphaël Glucksmann,1.95,polymarket
2026-06-22,Raphaël Glucksmann,1.95,polymarket
2026-06-23,Raphaël Glucksmann,1.95,polymarket
2026-06-24,Raphaël Glucksmann,1.85,polymarket
2026-06-25,Raphaël Glucksmann,1.65,polymarket
2026-06-26,Raphaël Glucksmann,1.65,polymarket
2026-06-27,Raphaël Glucksmann,1.85,polymarket
2026-06-28,Raphaël Glucksmann,1.85,polymarket
2026-06-29,Raphaël Glucksmann,1.85,polymarket
2026-06-30,Raphaël Glucksmann,1.85,polymarket
2026-07-01,Raphaël Glucksmann,1.85,polymarket
2026-07-02,Raphaël Glucksmann,1.85,polymarket
2026-07-03,Raphaël Glucksmann,1.85,polymarket
2026-07-04,Raphaël Glucksmann,1.65,polymarket
2026-07-05,Raphaël Glucksmann,1.7,polymarket
2026-07-06,Raphaël Glucksmann,1.65,polymarket
2026-07-07,Raphaël Glucksmann,1.6,polymarket
2026-07-08,Raphaël Glucksmann,1.85,polymarket
2026-07-09,Raphaël Glucksmann,1.85,polymarket
2025-12-09,Sarah Knafo,4.75,polymarket
2025-12-10,Sarah Knafo,4.7,polymarket
2025-12-11,Sarah Knafo,7.25,polymarket
2025-12-12,Sarah Knafo,7.15,polymarket
2025-12-13,Sarah Knafo,8.8,polymarket
2025-12-14,Sarah Knafo,8.85,polymarket
2025-12-15,Sarah Knafo,6.6,polymarket
2025-12-16,Sarah Knafo,9.9,polymarket
2025-12-17,Sarah Knafo,8.45,polymarket
2025-12-18,Sarah Knafo,8.15,polymarket
2025-12-19,Sarah Knafo,8.2,polymarket
2025-12-20,Sarah Knafo,8.35,polymarket
2025-12-21,Sarah Knafo,8.4,polymarket
2025-12-22,Sarah Knafo,8.65,polymarket
2025-12-23,Sarah Knafo,7.75,polymarket
2025-12-24,Sarah Knafo,7.75,polymarket
2025-12-25,Sarah Knafo,6.55,polymarket
2025-12-26,Sarah Knafo,6.25,polymarket
2025-12-27,Sarah Knafo,6.0,polymarket
2025-12-28,Sarah Knafo,6.0,polymarket
2025-12-29,Sarah Knafo,5.9,polymarket
2025-12-30,Sarah Knafo,5.85,polymarket
2025-12-31,Sarah Knafo,4.5,polymarket
2026-01-01,Sarah Knafo,4.45,polymarket
2026-01-02,Sarah Knafo,4.4,polymarket
2026-01-03,Sarah Knafo,5.15,polymarket
2026-01-04,Sarah Knafo,4.95,polymarket
2026-01-05,Sarah Knafo,6.45,polymarket
2026-01-06,Sarah Knafo,4.6,polymarket
2026-01-07,Sarah Knafo,5.4,polymarket
2026-01-08,Sarah Knafo,5.1,polymarket
2026-01-09,Sarah Knafo,4.35,polymarket
2026-01-10,Sarah Knafo,4.55,polymarket
2026-01-11,Sarah Knafo,4.45,polymarket
2026-01-12,Sarah Knafo,4.35,polymarket
2026-01-13,Sarah Knafo,5.25,polymarket
2026-01-14,Sarah Knafo,4.55,polymarket
2026-01-15,Sarah Knafo,5.05,polymarket
2026-01-16,Sarah Knafo,4.85,polymarket
2026-01-17,Sarah Knafo,4.75,polymarket
2026-01-18,Sarah Knafo,5.45,polymarket
2026-01-19,Sarah Knafo,6.05,polymarket
2026-01-20,Sarah Knafo,5.55,polymarket
2026-01-21,Sarah Knafo,5.75,polymarket
2026-01-22,Sarah Knafo,6.15,polymarket
2026-01-23,Sarah Knafo,5.95,polymarket
2026-01-24,Sarah Knafo,5.85,polymarket
2026-01-25,Sarah Knafo,7.35,polymarket
2026-01-26,Sarah Knafo,6.05,polymarket
2026-01-27,Sarah Knafo,4.95,polymarket
2026-01-28,Sarah Knafo,4.45,polymarket
2026-01-29,Sarah Knafo,4.25,polymarket
2026-01-30,Sarah Knafo,3.45,polymarket
2026-01-31,Sarah Knafo,3.95,polymarket
2026-02-01,Sarah Knafo,3.35,polymarket
2026-02-02,Sarah Knafo,3.4,polymarket
2026-02-03,Sarah Knafo,2.85,polymarket
2026-02-04,Sarah Knafo,2.75,polymarket
2026-02-05,Sarah Knafo,3.1,polymarket
2026-02-06,Sarah Knafo,2.85,polymarket
2026-02-07,Sarah Knafo,3.05,polymarket
2026-02-08,Sarah Knafo,3.0,polymarket
2026-02-09,Sarah Knafo,3.75,polymarket
2026-02-10,Sarah Knafo,3.6,polymarket
2026-02-11,Sarah Knafo,2.95,polymarket
2026-02-12,Sarah Knafo,4.95,polymarket
2026-02-13,Sarah Knafo,3.75,polymarket
2026-02-14,Sarah Knafo,3.25,polymarket
2026-02-15,Sarah Knafo,4.85,polymarket
2026-02-16,Sarah Knafo,4.05,polymarket
2026-02-17,Sarah Knafo,3.75,polymarket
2026-02-18,Sarah Knafo,2.85,polymarket
2026-02-19,Sarah Knafo,3.05,polymarket
2026-02-20,Sarah Knafo,2.95,polymarket
2026-02-21,Sarah Knafo,3.15,polymarket
2026-02-22,Sarah Knafo,2.55,polymarket
2026-02-23,Sarah Knafo,2.4,polymarket
2026-02-24,Sarah Knafo,2.55,polymarket
2026-02-25,Sarah Knafo,2.85,polymarket
2026-02-26,Sarah Knafo,2.45,polymarket
2026-02-27,Sarah Knafo,2.6,polymarket
2026-02-28,Sarah Knafo,2.25,polymarket
2026-03-01,Sarah Knafo,2.15,polymarket
2026-03-02,Sarah Knafo,2.6,polymarket
2026-03-03,Sarah Knafo,2.75,polymarket
2026-03-04,Sarah Knafo,2.55,polymarket
2026-03-05,Sarah Knafo,3.1,polymarket
2026-03-06,Sarah Knafo,3.45,polymarket
2026-03-07,Sarah Knafo,3.6,polymarket
2026-03-08,Sarah Knafo,4.1,polymarket
2026-03-09,Sarah Knafo,3.7,polymarket
2026-03-10,Sarah Knafo,3.55,polymarket
2026-03-11,Sarah Knafo,3.3,polymarket
2026-03-12,Sarah Knafo,3.8,polymarket
2026-03-13,Sarah Knafo,3.6,polymarket
2026-03-14,Sarah Knafo,4.15,polymarket
2026-03-15,Sarah Knafo,4.1,polymarket
2026-03-17,Sarah Knafo,3.0,polymarket
2026-03-18,Sarah Knafo,2.95,polymarket
2026-03-19,Sarah Knafo,3.55,polymarket
2026-03-20,Sarah Knafo,3.35,polymarket
2026-03-21,Sarah Knafo,3.8,polymarket
2026-03-22,Sarah Knafo,3.4,polymarket
2026-03-23,Sarah Knafo,3.05,polymarket
2026-03-24,Sarah Knafo,2.95,polymarket
2026-03-25,Sarah Knafo,2.9,polymarket
2026-03-26,Sarah Knafo,3.0,polymarket
2026-03-27,Sarah Knafo,3.2,polymarket
2026-03-28,Sarah Knafo,3.35,polymarket
2026-03-29,Sarah Knafo,3.15,polymarket
2026-03-30,Sarah Knafo,3.5,polymarket
2026-03-31,Sarah Knafo,3.2,polymarket
2026-04-01,Sarah Knafo,3.1,polymarket
2026-04-02,Sarah Knafo,2.95,polymarket
2026-04-03,Sarah Knafo,3.0,polymarket
2026-04-04,Sarah Knafo,2.95,polymarket
2026-04-06,Sarah Knafo,2.45,polymarket
2026-04-07,Sarah Knafo,1.75,polymarket
2026-04-09,Sarah Knafo,1.85,polymarket
2026-04-11,Sarah Knafo,1.85,polymarket
2026-04-13,Sarah Knafo,2.05,polymarket
2026-04-15,Sarah Knafo,1.95,polymarket
2026-04-16,Sarah Knafo,1.85,polymarket
2026-04-17,Sarah Knafo,1.85,polymarket
2026-04-19,Sarah Knafo,1.95,polymarket
2026-04-20,Sarah Knafo,1.95,polymarket
2026-04-21,Sarah Knafo,2.05,polymarket
2026-04-22,Sarah Knafo,1.95,polymarket
2026-04-23,Sarah Knafo,1.95,polymarket
2026-04-24,Sarah Knafo,1.95,polymarket
2026-04-25,Sarah Knafo,1.95,polymarket
2026-04-26,Sarah Knafo,1.9,polymarket
2026-04-27,Sarah Knafo,1.85,polymarket
2026-04-28,Sarah Knafo,2.05,polymarket
2026-04-29,Sarah Knafo,2.05,polymarket
2026-04-30,Sarah Knafo,2.15,polymarket
2026-05-01,Sarah Knafo,2.15,polymarket
2026-05-02,Sarah Knafo,2.05,polymarket
2026-05-03,Sarah Knafo,2.1,polymarket
2026-05-04,Sarah Knafo,2.05,polymarket
2026-05-05,Sarah Knafo,2.15,polymarket
2026-05-06,Sarah Knafo,2.15,polymarket
2026-05-07,Sarah Knafo,2.15,polymarket
2026-05-08,Sarah Knafo,2.15,polymarket
2026-05-09,Sarah Knafo,2.15,polymarket
2026-05-10,Sarah Knafo,2.15,polymarket
2026-05-11,Sarah Knafo,2.05,polymarket
2026-05-12,Sarah Knafo,2.05,polymarket
2026-05-13,Sarah Knafo,2.05,polymarket
2026-05-14,Sarah Knafo,2.05,polymarket
2026-05-15,Sarah Knafo,2.05,polymarket
2026-05-16,Sarah Knafo,2.05,polymarket
2026-05-17,Sarah Knafo,2.05,polymarket
2026-05-18,Sarah Knafo,2.05,polymarket
2026-05-19,Sarah Knafo,2.05,polymarket
2026-05-20,Sarah Knafo,2.05,polymarket
2026-05-21,Sarah Knafo,2.05,polymarket
2026-05-22,Sarah Knafo,2.05,polymarket
2026-05-23,Sarah Knafo,2.05,polymarket
2026-05-24,Sarah Knafo,2.05,polymarket
2026-05-25,Sarah Knafo,2.05,polymarket
2026-05-26,Sarah Knafo,2.05,polymarket
2026-05-27,Sarah Knafo,2.05,polymarket
2026-05-28,Sarah Knafo,2.05,polymarket
2026-05-29,Sarah Knafo,2.05,polymarket
2026-05-30,Sarah Knafo,2.05,polymarket
2026-05-31,Sarah Knafo,2.05,polymarket
2026-06-01,Sarah Knafo,2.05,polymarket
2026-06-02,Sarah Knafo,2.05,polymarket
2026-06-03,Sarah Knafo,2.05,polymarket
2026-06-04,Sarah Knafo,2.05,polymarket
2026-06-05,Sarah Knafo,2.05,polymarket
2026-06-06,Sarah Knafo,2.05,polymarket
2026-06-07,Sarah Knafo,2.05,polymarket
2026-06-08,Sarah Knafo,2.05,polymarket
2026-06-09,Sarah Knafo,2.05,polymarket
2026-06-10,Sarah Knafo,2.05,polymarket
2026-06-11,Sarah Knafo,2.05,polymarket
2026-06-12,Sarah Knafo,2.05,polymarket
2026-06-13,Sarah Knafo,1.95,polymarket
2026-06-14,Sarah Knafo,1.75,polymarket
2026-06-15,Sarah Knafo,1.55,polymarket
2026-06-16,Sarah Knafo,1.05,polymarket
2026-06-17,Sarah Knafo,1.05,polymarket
2026-06-18,Sarah Knafo,0.95,polymarket
2026-06-19,Sarah Knafo,0.75,polymarket
2026-06-20,Sarah Knafo,0.75,polymarket
2026-06-21,Sarah Knafo,0.75,polymarket
2026-06-22,Sarah Knafo,0.75,polymarket
2026-06-23,Sarah Knafo,1.95,polymarket
2026-06-24,Sarah Knafo,2.0,polymarket
2026-06-25,Sarah Knafo,1.95,polymarket
2026-06-26,Sarah Knafo,1.85,polymarket
2026-06-27,Sarah Knafo,1.65,polymarket
2026-06-28,Sarah Knafo,1.65,polymarket
2026-06-29,Sarah Knafo,1.65,polymarket
2026-06-30,Sarah Knafo,1.55,polymarket
2026-07-01,Sarah Knafo,1.35,polymarket
2026-07-02,Sarah Knafo,1.25,polymarket
2026-07-03,Sarah Knafo,1.25,polymarket
2026-07-04,Sarah Knafo,1.25,polymarket
2026-07-05,Sarah Knafo,1.15,polymarket
2026-07-06,Sarah Knafo,1.15,polymarket
2026-07-07,Sarah Knafo,1.15,polymarket
2026-07-08,Sarah Knafo,1.05,polymarket
2026-07-09,Sarah Knafo,1.05,polymarket
2026-01-09,Sébastien Lecornu,5.5,polymarket
2026-01-10,Sébastien Lecornu,5.5,polymarket
2026-01-11,Sébastien Lecornu,4.5,polymarket
2026-01-12,Sébastien Lecornu,4.5,polymarket
2026-01-13,Sébastien Lecornu,4.5,polymarket
2026-01-14,Sébastien Lecornu,4.0,polymarket
2026-01-15,Sébastien Lecornu,4.0,polymarket
2026-01-16,Sébastien Lecornu,4.0,polymarket
2026-01-17,Sébastien Lecornu,3.5,polymarket
2026-01-18,Sébastien Lecornu,3.3,polymarket
2026-01-19,Sébastien Lecornu,3.3,polymarket
2026-01-20,Sébastien Lecornu,3.2,polymarket
2026-01-21,Sébastien Lecornu,3.8,polymarket
2026-01-22,Sébastien Lecornu,3.95,polymarket
2026-01-23,Sébastien Lecornu,3.85,polymarket
2026-01-24,Sébastien Lecornu,3.05,polymarket
2026-01-25,Sébastien Lecornu,2.25,polymarket
2026-01-26,Sébastien Lecornu,2.15,polymarket
2026-01-27,Sébastien Lecornu,2.3,polymarket
2026-01-28,Sébastien Lecornu,2.45,polymarket
2026-01-29,Sébastien Lecornu,2.55,polymarket
2026-01-30,Sébastien Lecornu,2.15,polymarket
2026-01-31,Sébastien Lecornu,2.95,polymarket
2026-02-01,Sébastien Lecornu,2.05,polymarket
2026-02-02,Sébastien Lecornu,2.25,polymarket
2026-02-03,Sébastien Lecornu,2.05,polymarket
2026-02-04,Sébastien Lecornu,2.55,polymarket
2026-02-05,Sébastien Lecornu,2.85,polymarket
2026-02-06,Sébastien Lecornu,2.65,polymarket
2026-02-07,Sébastien Lecornu,3.65,polymarket
2026-02-08,Sébastien Lecornu,3.25,polymarket
2026-02-09,Sébastien Lecornu,3.35,polymarket
2026-02-10,Sébastien Lecornu,3.1,polymarket
2026-02-11,Sébastien Lecornu,3.1,polymarket
2026-02-12,Sébastien Lecornu,2.75,polymarket
2026-02-13,Sébastien Lecornu,2.65,polymarket
2026-02-14,Sébastien Lecornu,2.4,polymarket
2026-02-15,Sébastien Lecornu,2.75,polymarket
2026-02-16,Sébastien Lecornu,2.25,polymarket
2026-02-17,Sébastien Lecornu,1.9,polymarket
2026-02-18,Sébastien Lecornu,1.85,polymarket
2026-02-19,Sébastien Lecornu,1.65,polymarket
2026-02-20,Sébastien Lecornu,1.65,polymarket
2026-02-21,Sébastien Lecornu,1.75,polymarket
2026-02-22,Sébastien Lecornu,1.75,polymarket
2026-02-23,Sébastien Lecornu,1.65,polymarket
2026-02-24,Sébastien Lecornu,1.55,polymarket
2026-02-25,Sébastien Lecornu,1.45,polymarket
2026-02-26,Sébastien Lecornu,1.45,polymarket
2026-02-27,Sébastien Lecornu,1.8,polymarket
2026-02-28,Sébastien Lecornu,2.25,polymarket
2026-03-01,Sébastien Lecornu,2.3,polymarket
2026-03-02,Sébastien Lecornu,3.25,polymarket
2026-03-03,Sébastien Lecornu,2.75,polymarket
2026-03-04,Sébastien Lecornu,2.4,polymarket
2026-03-05,Sébastien Lecornu,2.1,polymarket
2026-03-06,Sébastien Lecornu,1.9,polymarket
2026-03-07,Sébastien Lecornu,2.2,polymarket
2026-03-08,Sébastien Lecornu,1.45,polymarket
2026-03-09,Sébastien Lecornu,1.6,polymarket
2026-03-10,Sébastien Lecornu,1.55,polymarket
2026-03-11,Sébastien Lecornu,2.7,polymarket
2026-03-12,Sébastien Lecornu,3.3,polymarket
2026-03-13,Sébastien Lecornu,3.2,polymarket
2026-03-14,Sébastien Lecornu,2.95,polymarket
2026-03-15,Sébastien Lecornu,2.6,polymarket
2026-03-17,Sébastien Lecornu,2.25,polymarket
2026-03-18,Sébastien Lecornu,1.95,polymarket
2026-03-19,Sébastien Lecornu,1.95,polymarket
2026-03-20,Sébastien Lecornu,1.85,polymarket
2026-03-21,Sébastien Lecornu,2.3,polymarket
2026-03-22,Sébastien Lecornu,2.35,polymarket
2026-03-23,Sébastien Lecornu,1.9,polymarket
2026-03-24,Sébastien Lecornu,1.8,polymarket
2026-03-25,Sébastien Lecornu,1.65,polymarket
2026-03-26,Sébastien Lecornu,1.65,polymarket
2026-03-27,Sébastien Lecornu,1.65,polymarket
2026-03-28,Sébastien Lecornu,1.65,polymarket
2026-03-29,Sébastien Lecornu,1.65,polymarket
2026-03-31,Sébastien Lecornu,1.15,polymarket
2026-04-02,Sébastien Lecornu,0.55,polymarket
2026-04-09,Sébastien Lecornu,0.95,polymarket
2026-04-18,Sébastien Lecornu,1.15,polymarket
2026-04-22,Sébastien Lecornu,1.15,polymarket
2026-04-23,Sébastien Lecornu,1.15,polymarket
2026-04-24,Sébastien Lecornu,1.15,polymarket
2026-04-25,Sébastien Lecornu,1.2,polymarket
2026-04-26,Sébastien Lecornu,1.25,polymarket
2026-04-27,Sébastien Lecornu,1.15,polymarket
2026-04-28,Sébastien Lecornu,1.15,polymarket
2026-04-29,Sébastien Lecornu,1.45,polymarket
2026-04-30,Sébastien Lecornu,1.25,polymarket
2026-05-01,Sébastien Lecornu,1.25,polymarket
2026-05-02,Sébastien Lecornu,1.25,polymarket
2026-05-03,Sébastien Lecornu,1.3,polymarket
2026-05-04,Sébastien Lecornu,1.05,polymarket
2026-05-05,Sébastien Lecornu,1.1,polymarket
2026-05-06,Sébastien Lecornu,1.05,polymarket
2026-05-07,Sébastien Lecornu,1.05,polymarket
2026-05-08,Sébastien Lecornu,1.05,polymarket
2026-05-09,Sébastien Lecornu,1.05,polymarket
2026-05-10,Sébastien Lecornu,1.05,polymarket
2026-05-11,Sébastien Lecornu,1.05,polymarket
2026-05-12,Sébastien Lecornu,1.05,polymarket
2026-05-13,Sébastien Lecornu,1.0,polymarket
2026-05-14,Sébastien Lecornu,0.95,polymarket
2026-05-15,Sébastien Lecornu,0.95,polymarket
2026-05-16,Sébastien Lecornu,0.95,polymarket
2026-05-17,Sébastien Lecornu,0.95,polymarket
2026-05-18,Sébastien Lecornu,0.9,polymarket
2026-05-19,Sébastien Lecornu,1.05,polymarket
2026-05-20,Sébastien Lecornu,1.05,polymarket
2026-05-21,Sébastien Lecornu,1.0,polymarket
2026-05-22,Sébastien Lecornu,1.05,polymarket
2026-05-23,Sébastien Lecornu,1.85,polymarket
2026-05-24,Sébastien Lecornu,1.55,polymarket
2026-05-25,Sébastien Lecornu,1.55,polymarket
2026-05-26,Sébastien Lecornu,2.35,polymarket
2026-05-27,Sébastien Lecornu,2.15,polymarket
2026-05-28,Sébastien Lecornu,1.75,polymarket
2026-05-29,Sébastien Lecornu,1.55,polymarket
2026-05-30,Sébastien Lecornu,1.25,polymarket
2026-05-31,Sébastien Lecornu,1.25,polymarket
2026-06-01,Sébastien Lecornu,1.15,polymarket
2026-06-02,Sébastien Lecornu,1.15,polymarket
2026-06-03,Sébastien Lecornu,1.15,polymarket
2026-06-04,Sébastien Lecornu,1.05,polymarket
2026-06-05,Sébastien Lecornu,1.05,polymarket
2026-06-06,Sébastien Lecornu,1.05,polymarket
2026-06-07,Sébastien Lecornu,1.05,polymarket
2026-06-08,Sébastien Lecornu,0.95,polymarket
2026-06-09,Sébastien Lecornu,0.95,polymarket
2026-06-10,Sébastien Lecornu,0.95,polymarket
2026-06-11,Sébastien Lecornu,0.95,polymarket
2026-06-12,Sébastien Lecornu,0.95,polymarket
2026-06-13,Sébastien Lecornu,0.85,polymarket
2026-06-14,Sébastien Lecornu,0.85,polymarket
2026-06-15,Sébastien Lecornu,0.75,polymarket
2026-06-16,Sébastien Lecornu,0.75,polymarket
2026-06-17,Sébastien Lecornu,0.65,polymarket
2026-06-18,Sébastien Lecornu,0.65,polymarket
2026-06-19,Sébastien Lecornu,0.65,polymarket
2026-06-20,Sébastien Lecornu,0.75,polymarket
2026-06-21,Sébastien Lecornu,0.75,polymarket
2026-06-22,Sébastien Lecornu,0.75,polymarket
2026-06-23,Sébastien Lecornu,0.75,polymarket
2026-06-24,Sébastien Lecornu,0.75,polymarket
2026-06-25,Sébastien Lecornu,0.65,polymarket
2026-06-26,Sébastien Lecornu,0.65,polymarket
2026-06-27,Sébastien Lecornu,0.75,polymarket
2026-06-28,Sébastien Lecornu,0.75,polymarket
2026-06-29,Sébastien Lecornu,0.75,polymarket
2026-06-30,Sébastien Lecornu,0.75,polymarket
2026-07-01,Sébastien Lecornu,0.75,polymarket
2026-07-02,Sébastien Lecornu,0.75,polymarket
2026-07-03,Sébastien Lecornu,0.75,polymarket
2026-07-04,Sébastien Lecornu,0.75,polymarket
2026-07-05,Sébastien Lecornu,0.75,polymarket
2026-07-06,Sébastien Lecornu,0.75,polymarket
2026-07-07,Sébastien Lecornu,0.75,polymarket
2026-07-08,Sébastien Lecornu,0.75,polymarket
2026-07-09,Sébastien Lecornu,0.75,polymarket
2025-11-14,Ségolène Royal,12.5,polymarket
2025-11-15,Ségolène Royal,0.8,polymarket
2025-11-16,Ségolène Royal,0.7,polymarket
2025-11-17,Ségolène Royal,0.75,polymarket
2025-11-18,Ségolène Royal,0.7,polymarket
2025-11-19,Ségolène Royal,0.65,polymarket
2025-11-20,Ségolène Royal,0.5,polymarket
2025-11-21,Ségolène Royal,0.4,polymarket
2025-11-22,Ségolène Royal,0.4,polymarket
2025-11-23,Ségolène Royal,0.45,polymarket
2025-11-24,Ségolène Royal,0.7,polymarket
2025-11-25,Ségolène Royal,0.8,polymarket
2025-11-26,Ségolène Royal,0.7,polymarket
2025-11-27,Ségolène Royal,0.6,polymarket
2025-11-28,Ségolène Royal,0.55,polymarket
2025-11-29,Ségolène Royal,0.25,polymarket
2025-11-30,Ségolène Royal,0.2,polymarket
2025-12-01,Ségolène Royal,0.2,polymarket
2025-12-02,Ségolène Royal,0.2,polymarket
2025-12-03,Ségolène Royal,0.2,polymarket
2025-12-04,Ségolène Royal,0.2,polymarket
2025-12-05,Ségolène Royal,0.2,polymarket
2025-12-06,Ségolène Royal,0.2,polymarket
2025-12-07,Ségolène Royal,0.15,polymarket
2025-12-08,Ségolène Royal,0.15,polymarket
2025-12-09,Ségolène Royal,0.15,polymarket
2025-12-10,Ségolène Royal,0.15,polymarket
2025-12-11,Ségolène Royal,0.15,polymarket
2025-12-12,Ségolène Royal,0.15,polymarket
2025-12-13,Ségolène Royal,0.15,polymarket
2025-12-14,Ségolène Royal,0.15,polymarket
2025-12-15,Ségolène Royal,0.15,polymarket
2025-12-16,Ségolène Royal,0.15,polymarket
2025-12-17,Ségolène Royal,0.15,polymarket
2025-12-18,Ségolène Royal,0.15,polymarket
2025-12-19,Ségolène Royal,0.15,polymarket
2025-12-20,Ségolène Royal,0.15,polymarket
2025-12-21,Ségolène Royal,0.15,polymarket
2025-12-22,Ségolène Royal,0.15,polymarket
2025-12-23,Ségolène Royal,0.15,polymarket
2025-12-24,Ségolène Royal,0.2,polymarket
2025-12-25,Ségolène Royal,0.25,polymarket
2025-12-26,Ségolène Royal,0.3,polymarket
2025-12-27,Ségolène Royal,0.15,polymarket
2025-12-28,Ségolène Royal,0.15,polymarket
2025-12-29,Ségolène Royal,0.2,polymarket
2025-12-30,Ségolène Royal,0.2,polymarket
2025-12-31,Ségolène Royal,5.2,polymarket
2026-01-01,Ségolène Royal,1.2,polymarket
2026-01-02,Ségolène Royal,3.15,polymarket
2026-01-03,Ségolène Royal,2.45,polymarket
2026-01-04,Ségolène Royal,2.55,polymarket
2026-01-05,Ségolène Royal,0.75,polymarket
2026-01-06,Ségolène Royal,0.45,polymarket
2026-01-07,Ségolène Royal,0.3,polymarket
2026-01-08,Ségolène Royal,0.25,polymarket
2026-01-09,Ségolène Royal,0.25,polymarket
2026-01-10,Ségolène Royal,0.25,polymarket
2026-01-11,Ségolène Royal,0.2,polymarket
2026-01-12,Ségolène Royal,0.2,polymarket
2026-01-13,Ségolène Royal,0.2,polymarket
2026-01-14,Ségolène Royal,0.4,polymarket
2026-01-15,Ségolène Royal,0.3,polymarket
2026-01-16,Ségolène Royal,0.3,polymarket
2026-01-17,Ségolène Royal,0.25,polymarket
2026-01-18,Ségolène Royal,0.3,polymarket
2026-01-19,Ségolène Royal,0.3,polymarket
2026-01-20,Ségolène Royal,0.3,polymarket
2026-01-21,Ségolène Royal,0.3,polymarket
2026-01-22,Ségolène Royal,0.25,polymarket
2026-01-23,Ségolène Royal,0.25,polymarket
2026-01-24,Ségolène Royal,0.25,polymarket
2026-01-25,Ségolène Royal,0.2,polymarket
2026-01-26,Ségolène Royal,0.2,polymarket
2026-01-27,Ségolène Royal,0.2,polymarket
2026-01-28,Ségolène Royal,0.2,polymarket
2026-01-29,Ségolène Royal,0.25,polymarket
2026-01-30,Ségolène Royal,0.2,polymarket
2026-01-31,Ségolène Royal,0.2,polymarket
2026-02-01,Ségolène Royal,0.2,polymarket
2026-02-02,Ségolène Royal,0.2,polymarket
2026-02-03,Ségolène Royal,0.2,polymarket
2026-02-04,Ségolène Royal,0.2,polymarket
2026-02-05,Ségolène Royal,0.2,polymarket
2026-02-06,Ségolène Royal,0.2,polymarket
2026-02-07,Ségolène Royal,0.15,polymarket
2026-02-08,Ségolène Royal,0.15,polymarket
2026-02-09,Ségolène Royal,0.15,polymarket
2026-02-10,Ségolène Royal,0.15,polymarket
2026-02-11,Ségolène Royal,0.15,polymarket
2026-02-12,Ségolène Royal,0.15,polymarket
2026-02-13,Ségolène Royal,0.15,polymarket
2026-02-14,Ségolène Royal,0.15,polymarket
2026-02-15,Ségolène Royal,0.25,polymarket
2026-02-17,Ségolène Royal,0.15,polymarket
2026-02-18,Ségolène Royal,0.15,polymarket
2026-02-20,Ségolène Royal,0.2,polymarket
2026-02-21,Ségolène Royal,0.15,polymarket
2026-02-22,Ségolène Royal,0.15,polymarket
2026-02-23,Ségolène Royal,0.15,polymarket
2026-02-24,Ségolène Royal,0.15,polymarket
2026-02-25,Ségolène Royal,0.15,polymarket
2026-02-26,Ségolène Royal,0.15,polymarket
2026-02-27,Ségolène Royal,0.15,polymarket
2026-02-28,Ségolène Royal,0.15,polymarket
2026-03-02,Ségolène Royal,0.15,polymarket
2026-03-03,Ségolène Royal,0.15,polymarket
2026-03-04,Ségolène Royal,0.15,polymarket
2026-03-05,Ségolène Royal,0.15,polymarket
2026-03-06,Ségolène Royal,0.15,polymarket
2026-03-07,Ségolène Royal,0.15,polymarket
2026-03-08,Ségolène Royal,0.15,polymarket
2026-03-09,Ségolène Royal,0.15,polymarket
2026-03-10,Ségolène Royal,0.15,polymarket
2026-03-11,Ségolène Royal,0.15,polymarket
2026-03-12,Ségolène Royal,0.15,polymarket
2026-03-14,Ségolène Royal,0.25,polymarket
2026-03-17,Ségolène Royal,0.15,polymarket
2026-03-18,Ségolène Royal,0.15,polymarket
2026-03-20,Ségolène Royal,0.25,polymarket
2026-03-21,Ségolène Royal,0.25,polymarket
2026-03-22,Ségolène Royal,0.15,polymarket
2026-03-23,Ségolène Royal,0.15,polymarket
2026-03-24,Ségolène Royal,0.15,polymarket
2026-03-25,Ségolène Royal,0.15,polymarket
2026-03-26,Ségolène Royal,0.2,polymarket
2026-03-27,Ségolène Royal,0.25,polymarket
2026-03-28,Ségolène Royal,0.2,polymarket
2026-03-29,Ségolène Royal,0.25,polymarket
2026-04-09,Ségolène Royal,0.65,polymarket
2026-04-22,Ségolène Royal,0.75,polymarket
2026-04-23,Ségolène Royal,0.75,polymarket
2026-04-24,Ségolène Royal,0.45,polymarket
2026-04-25,Ségolène Royal,0.35,polymarket
2026-04-26,Ségolène Royal,0.35,polymarket
2026-04-27,Ségolène Royal,0.45,polymarket
2026-04-28,Ségolène Royal,0.45,polymarket
2026-04-29,Ségolène Royal,0.55,polymarket
2026-04-30,Ségolène Royal,0.55,polymarket
2026-05-01,Ségolène Royal,0.55,polymarket
2026-05-02,Ségolène Royal,0.55,polymarket
2026-05-03,Ségolène Royal,0.55,polymarket
2026-05-04,Ségolène Royal,0.55,polymarket
2026-05-05,Ségolène Royal,0.55,polymarket
2026-05-06,Ségolène Royal,0.55,polymarket
2026-05-07,Ségolène Royal,0.55,polymarket
2026-05-08,Ségolène Royal,0.65,polymarket
2026-05-09,Ségolène Royal,0.65,polymarket
2026-05-10,Ségolène Royal,0.65,polymarket
2026-05-11,Ségolène Royal,0.65,polymarket
2026-05-12,Ségolène Royal,0.65,polymarket
2026-05-13,Ségolène Royal,0.55,polymarket
2026-05-14,Ségolène Royal,0.65,polymarket
2026-05-15,Ségolène Royal,0.65,polymarket
2026-05-16,Ségolène Royal,0.65,polymarket
2026-05-17,Ségolène Royal,0.65,polymarket
2026-05-18,Ségolène Royal,0.65,polymarket
2026-05-19,Ségolène Royal,0.65,polymarket
2026-05-20,Ségolène Royal,0.65,polymarket
2026-05-21,Ségolène Royal,0.65,polymarket
2026-05-22,Ségolène Royal,0.65,polymarket
2026-05-23,Ségolène Royal,0.65,polymarket
2026-05-24,Ségolène Royal,0.65,polymarket
2026-05-25,Ségolène Royal,0.65,polymarket
2026-05-26,Ségolène Royal,0.65,polymarket
2026-05-27,Ségolène Royal,0.65,polymarket
2026-05-28,Ségolène Royal,0.65,polymarket
2026-05-29,Ségolène Royal,0.65,polymarket
2026-05-30,Ségolène Royal,0.65,polymarket
2026-05-31,Ségolène Royal,0.65,polymarket
2026-06-01,Ségolène Royal,0.65,polymarket
2026-06-02,Ségolène Royal,0.65,polymarket
2026-06-03,Ségolène Royal,0.65,polymarket
2026-06-04,Ségolène Royal,0.65,polymarket
2026-06-05,Ségolène Royal,0.65,polymarket
2026-06-06,Ségolène Royal,0.65,polymarket
2026-06-07,Ségolène Royal,0.65,polymarket
2026-06-08,Ségolène Royal,0.65,polymarket
2026-06-09,Ségolène Royal,0.65,polymarket
2026-06-10,Ségolène Royal,0.65,polymarket
2026-06-11,Ségolène Royal,0.65,polymarket
2026-06-12,Ségolène Royal,0.65,polymarket
2026-06-13,Ségolène Royal,0.65,polymarket
2026-06-14,Ségolène Royal,0.65,polymarket
2026-06-15,Ségolène Royal,0.65,polymarket
2026-06-16,Ségolène Royal,0.65,polymarket
2026-06-17,Ségolène Royal,0.65,polymarket
2026-06-18,Ségolène Royal,0.65,polymarket
2026-06-19,Ségolène Royal,0.65,polymarket
2026-06-20,Ségolène Royal,0.65,polymarket
2026-06-21,Ségolène Royal,0.65,polymarket
2026-06-22,Ségolène Royal,0.65,polymarket
2026-06-23,Ségolène Royal,0.65,polymarket
2026-06-24,Ségolène Royal,0.65,polymarket
2026-06-25,Ségolène Royal,0.65,polymarket
2026-06-26,Ségolène Royal,0.65,polymarket
2026-06-27,Ségolène Royal,0.65,polymarket
2026-06-28,Ségolène Royal,0.65,polymarket
2026-06-29,Ségolène Royal,0.65,polymarket
2026-06-30,Ségolène Royal,0.65,polymarket
2026-07-01,Ségolène Royal,0.65,polymarket
2026-07-02,Ségolène Royal,0.65,polymarket
2026-07-03,Ségolène Royal,0.65,polymarket
2026-07-04,Ségolène Royal,0.65,polymarket
2026-07-05,Ségolène Royal,0.65,polymarket
2026-07-06,Ségolène Royal,0.65,polymarket
2026-07-07,Ségolène Royal,0.75,polymarket
2026-07-08,Ségolène Royal,0.75,polymarket
2026-07-09,Ségolène Royal,0.75,polymarket
2025-11-14,Valérie Pécresse,28.0,polymarket
2025-11-15,Valérie Pécresse,0.9,polymarket
2025-11-16,Valérie Pécresse,0.5,polymarket
2025-11-17,Valérie Pécresse,0.55,polymarket
2025-11-18,Valérie Pécresse,0.7,polymarket
2025-11-19,Valérie Pécresse,0.65,polymarket
2025-11-20,Valérie Pécresse,0.65,polymarket
2025-11-21,Valérie Pécresse,0.7,polymarket
2025-11-22,Valérie Pécresse,0.35,polymarket
2025-11-23,Valérie Pécresse,0.25,polymarket
2025-11-24,Valérie Pécresse,0.2,polymarket
2025-11-25,Valérie Pécresse,0.2,polymarket
2025-11-26,Valérie Pécresse,0.2,polymarket
2025-11-27,Valérie Pécresse,0.2,polymarket
2025-11-28,Valérie Pécresse,0.2,polymarket
2025-11-29,Valérie Pécresse,0.15,polymarket
2025-11-30,Valérie Pécresse,0.15,polymarket
2025-12-01,Valérie Pécresse,0.15,polymarket
2025-12-02,Valérie Pécresse,0.15,polymarket
2025-12-03,Valérie Pécresse,0.15,polymarket
2025-12-04,Valérie Pécresse,0.15,polymarket
2025-12-05,Valérie Pécresse,0.15,polymarket
2025-12-06,Valérie Pécresse,0.15,polymarket
2025-12-07,Valérie Pécresse,0.15,polymarket
2025-12-08,Valérie Pécresse,0.15,polymarket
2025-12-09,Valérie Pécresse,0.15,polymarket
2025-12-10,Valérie Pécresse,0.15,polymarket
2025-12-11,Valérie Pécresse,0.15,polymarket
2025-12-12,Valérie Pécresse,0.15,polymarket
2025-12-13,Valérie Pécresse,0.15,polymarket
2025-12-14,Valérie Pécresse,0.15,polymarket
2025-12-15,Valérie Pécresse,0.15,polymarket
2025-12-16,Valérie Pécresse,0.15,polymarket
2025-12-17,Valérie Pécresse,0.15,polymarket
2025-12-18,Valérie Pécresse,0.15,polymarket
2025-12-19,Valérie Pécresse,0.15,polymarket
2025-12-20,Valérie Pécresse,0.15,polymarket
2025-12-21,Valérie Pécresse,0.15,polymarket
2025-12-22,Valérie Pécresse,0.15,polymarket
2025-12-23,Valérie Pécresse,0.15,polymarket
2025-12-24,Valérie Pécresse,0.15,polymarket
2025-12-25,Valérie Pécresse,0.15,polymarket
2025-12-26,Valérie Pécresse,0.15,polymarket
2025-12-27,Valérie Pécresse,0.15,polymarket
2025-12-28,Valérie Pécresse,0.15,polymarket
2025-12-29,Valérie Pécresse,0.15,polymarket
2025-12-30,Valérie Pécresse,0.15,polymarket
2025-12-31,Valérie Pécresse,0.15,polymarket
2026-01-01,Valérie Pécresse,0.15,polymarket
2026-01-02,Valérie Pécresse,0.15,polymarket
2026-01-03,Valérie Pécresse,0.15,polymarket
2026-01-04,Valérie Pécresse,0.15,polymarket
2026-01-05,Valérie Pécresse,0.15,polymarket
2026-01-06,Valérie Pécresse,0.15,polymarket
2026-01-07,Valérie Pécresse,0.15,polymarket
2026-01-08,Valérie Pécresse,0.15,polymarket
2026-01-09,Valérie Pécresse,0.15,polymarket
2026-01-10,Valérie Pécresse,0.15,polymarket
2026-01-11,Valérie Pécresse,0.15,polymarket
2026-01-12,Valérie Pécresse,0.15,polymarket
2026-01-13,Valérie Pécresse,0.15,polymarket
2026-01-14,Valérie Pécresse,0.15,polymarket
2026-01-15,Valérie Pécresse,0.15,polymarket
2026-01-16,Valérie Pécresse,0.15,polymarket
2026-01-17,Valérie Pécresse,0.15,polymarket
2026-01-18,Valérie Pécresse,0.15,polymarket
2026-01-19,Valérie Pécresse,0.15,polymarket
2026-01-20,Valérie Pécresse,0.15,polymarket
2026-01-21,Valérie Pécresse,0.15,polymarket
2026-01-22,Valérie Pécresse,0.15,polymarket
2026-01-23,Valérie Pécresse,0.15,polymarket
2026-01-24,Valérie Pécresse,0.15,polymarket
2026-01-25,Valérie Pécresse,0.15,polymarket
2026-01-26,Valérie Pécresse,0.15,polymarket
2026-01-27,Valérie Pécresse,0.15,polymarket
2026-01-28,Valérie Pécresse,0.15,polymarket
2026-01-29,Valérie Pécresse,0.15,polymarket
2026-01-30,Valérie Pécresse,0.15,polymarket
2026-01-31,Valérie Pécresse,0.15,polymarket
2026-02-01,Valérie Pécresse,0.15,polymarket
2026-02-02,Valérie Pécresse,0.15,polymarket
2026-02-03,Valérie Pécresse,0.15,polymarket
2026-02-04,Valérie Pécresse,0.15,polymarket
2026-02-05,Valérie Pécresse,0.15,polymarket
2026-02-06,Valérie Pécresse,0.15,polymarket
2026-02-07,Valérie Pécresse,0.15,polymarket
2026-02-08,Valérie Pécresse,0.15,polymarket
2026-02-09,Valérie Pécresse,0.15,polymarket
2026-02-10,Valérie Pécresse,0.15,polymarket
2026-02-11,Valérie Pécresse,0.15,polymarket
2026-02-12,Valérie Pécresse,0.15,polymarket
2026-02-13,Valérie Pécresse,0.15,polymarket
2026-02-14,Valérie Pécresse,0.15,polymarket
2026-02-15,Valérie Pécresse,0.15,polymarket
2026-02-16,Valérie Pécresse,0.15,polymarket
2026-02-17,Valérie Pécresse,0.15,polymarket
2026-02-18,Valérie Pécresse,0.15,polymarket
2026-02-19,Valérie Pécresse,0.15,polymarket
2026-02-20,Valérie Pécresse,0.15,polymarket
2026-02-21,Valérie Pécresse,0.15,polymarket
2026-02-22,Valérie Pécresse,0.15,polymarket
2026-02-23,Valérie Pécresse,0.15,polymarket
2026-02-24,Valérie Pécresse,0.15,polymarket
2026-02-25,Valérie Pécresse,0.15,polymarket
2026-02-26,Valérie Pécresse,0.15,polymarket
2026-02-27,Valérie Pécresse,0.15,polymarket
2026-02-28,Valérie Pécresse,0.15,polymarket
2026-03-01,Valérie Pécresse,0.15,polymarket
2026-03-02,Valérie Pécresse,0.15,polymarket
2026-03-03,Valérie Pécresse,0.15,polymarket
2026-03-04,Valérie Pécresse,0.15,polymarket
2026-03-05,Valérie Pécresse,0.15,polymarket
2026-03-06,Valérie Pécresse,0.15,polymarket
2026-03-07,Valérie Pécresse,0.15,polymarket
2026-03-08,Valérie Pécresse,0.15,polymarket
2026-03-09,Valérie Pécresse,0.15,polymarket
2026-03-10,Valérie Pécresse,0.15,polymarket
2026-03-11,Valérie Pécresse,0.15,polymarket
2026-03-12,Valérie Pécresse,0.15,polymarket
2026-03-13,Valérie Pécresse,0.15,polymarket
2026-03-14,Valérie Pécresse,0.15,polymarket
2026-03-15,Valérie Pécresse,0.15,polymarket
2026-03-17,Valérie Pécresse,0.15,polymarket
2026-03-18,Valérie Pécresse,0.15,polymarket
2026-03-19,Valérie Pécresse,0.15,polymarket
2026-03-20,Valérie Pécresse,0.15,polymarket
2026-03-21,Valérie Pécresse,0.15,polymarket
2026-03-22,Valérie Pécresse,0.15,polymarket
2026-03-23,Valérie Pécresse,0.15,polymarket
2026-03-24,Valérie Pécresse,0.15,polymarket
2026-03-25,Valérie Pécresse,0.15,polymarket
2026-03-26,Valérie Pécresse,0.15,polymarket
2026-03-27,Valérie Pécresse,0.25,polymarket
2026-03-28,Valérie Pécresse,0.25,polymarket
2026-03-29,Valérie Pécresse,1.95,polymarket
2026-03-31,Valérie Pécresse,0.35,polymarket
2026-04-02,Valérie Pécresse,0.25,polymarket
2026-04-09,Valérie Pécresse,0.65,polymarket
2026-04-18,Valérie Pécresse,0.75,polymarket
2026-04-22,Valérie Pécresse,0.75,polymarket
2026-04-23,Valérie Pécresse,0.75,polymarket
2026-04-24,Valérie Pécresse,0.75,polymarket
2026-04-25,Valérie Pécresse,0.75,polymarket
2026-04-26,Valérie Pécresse,0.75,polymarket
2026-04-27,Valérie Pécresse,0.65,polymarket
2026-04-28,Valérie Pécresse,0.65,polymarket
2026-04-29,Valérie Pécresse,0.75,polymarket
2026-04-30,Valérie Pécresse,0.75,polymarket
2026-05-01,Valérie Pécresse,0.75,polymarket
2026-05-02,Valérie Pécresse,0.75,polymarket
2026-05-03,Valérie Pécresse,0.75,polymarket
2026-05-04,Valérie Pécresse,0.75,polymarket
2026-05-05,Valérie Pécresse,0.75,polymarket
2026-05-06,Valérie Pécresse,0.75,polymarket
2026-05-07,Valérie Pécresse,0.75,polymarket
2026-05-08,Valérie Pécresse,0.75,polymarket
2026-05-09,Valérie Pécresse,0.75,polymarket
2026-05-10,Valérie Pécresse,0.75,polymarket
2026-05-11,Valérie Pécresse,0.75,polymarket
2026-05-12,Valérie Pécresse,0.75,polymarket
2026-05-13,Valérie Pécresse,0.75,polymarket
2026-05-14,Valérie Pécresse,0.75,polymarket
2026-05-15,Valérie Pécresse,0.75,polymarket
2026-05-16,Valérie Pécresse,0.75,polymarket
2026-05-17,Valérie Pécresse,0.75,polymarket
2026-05-18,Valérie Pécresse,0.75,polymarket
2026-05-19,Valérie Pécresse,0.65,polymarket
2026-05-20,Valérie Pécresse,0.65,polymarket
2026-05-21,Valérie Pécresse,0.65,polymarket
2026-05-22,Valérie Pécresse,0.65,polymarket
2026-05-23,Valérie Pécresse,0.65,polymarket
2026-05-24,Valérie Pécresse,0.65,polymarket
2026-05-25,Valérie Pécresse,0.65,polymarket
2026-05-26,Valérie Pécresse,0.65,polymarket
2026-05-27,Valérie Pécresse,0.65,polymarket
2026-05-28,Valérie Pécresse,0.65,polymarket
2026-05-29,Valérie Pécresse,0.65,polymarket
2026-05-30,Valérie Pécresse,0.65,polymarket
2026-05-31,Valérie Pécresse,0.65,polymarket
2026-06-01,Valérie Pécresse,0.65,polymarket
2026-06-02,Valérie Pécresse,0.65,polymarket
2026-06-03,Valérie Pécresse,0.65,polymarket
2026-06-04,Valérie Pécresse,0.65,polymarket
2026-06-05,Valérie Pécresse,0.65,polymarket
2026-06-06,Valérie Pécresse,0.65,polymarket
2026-06-07,Valérie Pécresse,0.65,polymarket
2026-06-08,Valérie Pécresse,0.65,polymarket
2026-06-09,Valérie Pécresse,0.65,polymarket
2026-06-10,Valérie Pécresse,0.65,polymarket
2026-06-11,Valérie Pécresse,0.65,polymarket
2026-06-12,Valérie Pécresse,0.65,polymarket
2026-06-13,Valérie Pécresse,0.65,polymarket
2026-06-14,Valérie Pécresse,0.65,polymarket
2026-06-15,Valérie Pécresse,0.65,polymarket
2026-06-16,Valérie Pécresse,0.65,polymarket
2026-06-17,Valérie Pécresse,0.65,polymarket
2026-06-18,Valérie Pécresse,0.65,polymarket
2026-06-19,Valérie Pécresse,0.65,polymarket
2026-06-20,Valérie Pécresse,0.65,polymarket
2026-06-21,Valérie Pécresse,0.65,polymarket
2026-06-22,Valérie Pécresse,0.65,polymarket
2026-06-23,Valérie Pécresse,0.65,polymarket
2026-06-24,Valérie Pécresse,0.65,polymarket
2026-06-25,Valérie Pécresse,0.65,polymarket
2026-06-26,Valérie Pécresse,0.65,polymarket
2026-06-27,Valérie Pécresse,0.65,polymarket
2026-06-28,Valérie Pécresse,0.65,polymarket
2026-06-29,Valérie Pécresse,0.65,polymarket
2026-06-30,Valérie Pécresse,0.65,polymarket
2026-07-01,Valérie Pécresse,0.65,polymarket
2026-07-02,Valérie Pécresse,0.65,polymarket
2026-07-03,Valérie Pécresse,0.65,polymarket
2026-07-04,Valérie Pécresse,0.65,polymarket
2026-07-05,Valérie Pécresse,0.65,polymarket
2026-07-06,Valérie Pécresse,0.65,polymarket
2026-07-07,Valérie Pécresse,0.65,polymarket
2026-07-08,Valérie Pécresse,0.65,polymarket
2026-07-09,Valérie Pécresse,0.65,polymarket
2025-11-14,Xavier Bertrand,12.0,polymarket
2025-11-15,Xavier Bertrand,1.25,polymarket
2025-11-16,Xavier Bertrand,1.05,polymarket
2025-11-17,Xavier Bertrand,1.3,polymarket
2025-11-18,Xavier Bertrand,1.05,polymarket
2025-11-19,Xavier Bertrand,0.95,polymarket
2025-11-20,Xavier Bertrand,0.9,polymarket
2025-11-21,Xavier Bertrand,0.7,polymarket
2025-11-22,Xavier Bertrand,0.55,polymarket
2025-11-23,Xavier Bertrand,0.4,polymarket
2025-11-24,Xavier Bertrand,0.7,polymarket
2025-11-25,Xavier Bertrand,0.7,polymarket
2025-11-26,Xavier Bertrand,0.65,polymarket
2025-11-27,Xavier Bertrand,0.55,polymarket
2025-11-28,Xavier Bertrand,0.55,polymarket
2025-11-29,Xavier Bertrand,0.4,polymarket
2025-11-30,Xavier Bertrand,0.4,polymarket
2025-12-01,Xavier Bertrand,0.4,polymarket
2025-12-02,Xavier Bertrand,0.45,polymarket
2025-12-03,Xavier Bertrand,0.45,polymarket
2025-12-04,Xavier Bertrand,0.45,polymarket
2025-12-05,Xavier Bertrand,0.35,polymarket
2025-12-06,Xavier Bertrand,0.3,polymarket
2025-12-07,Xavier Bertrand,0.35,polymarket
2025-12-08,Xavier Bertrand,0.3,polymarket
2025-12-09,Xavier Bertrand,0.35,polymarket
2025-12-10,Xavier Bertrand,0.35,polymarket
2025-12-11,Xavier Bertrand,0.35,polymarket
2025-12-12,Xavier Bertrand,0.35,polymarket
2025-12-13,Xavier Bertrand,0.3,polymarket
2025-12-14,Xavier Bertrand,0.3,polymarket
2025-12-15,Xavier Bertrand,0.3,polymarket
2025-12-16,Xavier Bertrand,0.3,polymarket
2025-12-17,Xavier Bertrand,0.25,polymarket
2025-12-18,Xavier Bertrand,0.25,polymarket
2025-12-19,Xavier Bertrand,0.25,polymarket
2025-12-20,Xavier Bertrand,0.25,polymarket
2025-12-21,Xavier Bertrand,0.2,polymarket
2025-12-22,Xavier Bertrand,0.3,polymarket
2025-12-23,Xavier Bertrand,0.25,polymarket
2025-12-24,Xavier Bertrand,0.25,polymarket
2025-12-25,Xavier Bertrand,0.2,polymarket
2025-12-26,Xavier Bertrand,0.2,polymarket
2025-12-27,Xavier Bertrand,0.15,polymarket
2025-12-28,Xavier Bertrand,0.15,polymarket
2025-12-29,Xavier Bertrand,0.15,polymarket
2025-12-30,Xavier Bertrand,0.15,polymarket
2025-12-31,Xavier Bertrand,0.15,polymarket
2026-01-01,Xavier Bertrand,0.15,polymarket
2026-01-02,Xavier Bertrand,0.15,polymarket
2026-01-03,Xavier Bertrand,0.15,polymarket
2026-01-04,Xavier Bertrand,0.15,polymarket
2026-01-05,Xavier Bertrand,0.15,polymarket
2026-01-06,Xavier Bertrand,0.15,polymarket
2026-01-07,Xavier Bertrand,0.15,polymarket
2026-01-08,Xavier Bertrand,0.15,polymarket
2026-01-09,Xavier Bertrand,0.15,polymarket
2026-01-10,Xavier Bertrand,0.2,polymarket
2026-01-11,Xavier Bertrand,0.2,polymarket
2026-01-12,Xavier Bertrand,0.2,polymarket
2026-01-13,Xavier Bertrand,0.15,polymarket
2026-01-14,Xavier Bertrand,0.2,polymarket
2026-01-15,Xavier Bertrand,0.2,polymarket
2026-01-16,Xavier Bertrand,0.2,polymarket
2026-01-17,Xavier Bertrand,0.15,polymarket
2026-01-18,Xavier Bertrand,0.2,polymarket
2026-01-19,Xavier Bertrand,0.2,polymarket
2026-01-20,Xavier Bertrand,0.25,polymarket
2026-01-21,Xavier Bertrand,0.2,polymarket
2026-01-22,Xavier Bertrand,0.3,polymarket
2026-01-23,Xavier Bertrand,0.2,polymarket
2026-01-24,Xavier Bertrand,0.2,polymarket
2026-01-25,Xavier Bertrand,0.2,polymarket
2026-01-26,Xavier Bertrand,0.3,polymarket
2026-01-27,Xavier Bertrand,0.45,polymarket
2026-01-28,Xavier Bertrand,0.45,polymarket
2026-01-29,Xavier Bertrand,0.45,polymarket
2026-01-30,Xavier Bertrand,0.45,polymarket
2026-01-31,Xavier Bertrand,0.5,polymarket
2026-02-01,Xavier Bertrand,0.5,polymarket
2026-02-02,Xavier Bertrand,0.6,polymarket
2026-02-03,Xavier Bertrand,0.5,polymarket
2026-02-04,Xavier Bertrand,0.4,polymarket
2026-02-05,Xavier Bertrand,0.45,polymarket
2026-02-06,Xavier Bertrand,0.45,polymarket
2026-02-07,Xavier Bertrand,0.45,polymarket
2026-02-08,Xavier Bertrand,0.4,polymarket
2026-02-09,Xavier Bertrand,0.45,polymarket
2026-02-10,Xavier Bertrand,0.4,polymarket
2026-02-11,Xavier Bertrand,0.35,polymarket
2026-02-12,Xavier Bertrand,0.35,polymarket
2026-02-13,Xavier Bertrand,0.35,polymarket
2026-02-14,Xavier Bertrand,0.35,polymarket
2026-02-15,Xavier Bertrand,0.4,polymarket
2026-02-16,Xavier Bertrand,0.4,polymarket
2026-02-17,Xavier Bertrand,0.3,polymarket
2026-02-18,Xavier Bertrand,0.35,polymarket
2026-02-19,Xavier Bertrand,0.25,polymarket
2026-02-20,Xavier Bertrand,0.25,polymarket
2026-02-21,Xavier Bertrand,0.15,polymarket
2026-02-22,Xavier Bertrand,0.15,polymarket
2026-02-23,Xavier Bertrand,0.15,polymarket
2026-02-24,Xavier Bertrand,0.15,polymarket
2026-02-25,Xavier Bertrand,0.15,polymarket
2026-02-26,Xavier Bertrand,0.15,polymarket
2026-02-27,Xavier Bertrand,0.25,polymarket
2026-02-28,Xavier Bertrand,0.25,polymarket
2026-03-01,Xavier Bertrand,0.15,polymarket
2026-03-02,Xavier Bertrand,0.15,polymarket
2026-03-03,Xavier Bertrand,0.15,polymarket
2026-03-04,Xavier Bertrand,0.15,polymarket
2026-03-05,Xavier Bertrand,0.15,polymarket
2026-03-06,Xavier Bertrand,0.15,polymarket
2026-03-07,Xavier Bertrand,0.25,polymarket
2026-03-08,Xavier Bertrand,0.15,polymarket
2026-03-09,Xavier Bertrand,0.3,polymarket
2026-03-10,Xavier Bertrand,0.3,polymarket
2026-03-11,Xavier Bertrand,0.15,polymarket
2026-03-12,Xavier Bertrand,0.15,polymarket
2026-03-13,Xavier Bertrand,0.25,polymarket
2026-03-14,Xavier Bertrand,0.25,polymarket
2026-03-15,Xavier Bertrand,0.25,polymarket
2026-03-16,Xavier Bertrand,0.25,polymarket
2026-03-17,Xavier Bertrand,0.25,polymarket
2026-03-18,Xavier Bertrand,0.45,polymarket
2026-03-19,Xavier Bertrand,0.35,polymarket
2026-03-20,Xavier Bertrand,0.25,polymarket
2026-03-21,Xavier Bertrand,0.3,polymarket
2026-03-22,Xavier Bertrand,0.3,polymarket
2026-03-23,Xavier Bertrand,0.25,polymarket
2026-03-24,Xavier Bertrand,0.25,polymarket
2026-03-25,Xavier Bertrand,0.25,polymarket
2026-03-26,Xavier Bertrand,0.25,polymarket
2026-03-27,Xavier Bertrand,0.25,polymarket
2026-03-28,Xavier Bertrand,0.25,polymarket
2026-03-29,Xavier Bertrand,0.35,polymarket
2026-03-30,Xavier Bertrand,0.25,polymarket
2026-03-31,Xavier Bertrand,0.25,polymarket
2026-04-01,Xavier Bertrand,0.35,polymarket
2026-04-02,Xavier Bertrand,0.25,polymarket
2026-04-09,Xavier Bertrand,0.65,polymarket
2026-04-19,Xavier Bertrand,0.65,polymarket
2026-04-20,Xavier Bertrand,0.65,polymarket
2026-04-21,Xavier Bertrand,0.65,polymarket
2026-04-22,Xavier Bertrand,0.75,polymarket
2026-04-23,Xavier Bertrand,0.75,polymarket
2026-04-24,Xavier Bertrand,0.45,polymarket
2026-04-25,Xavier Bertrand,0.35,polymarket
2026-04-26,Xavier Bertrand,0.35,polymarket
2026-04-27,Xavier Bertrand,0.45,polymarket
2026-04-28,Xavier Bertrand,0.45,polymarket
2026-04-29,Xavier Bertrand,0.55,polymarket
2026-04-30,Xavier Bertrand,0.55,polymarket
2026-05-01,Xavier Bertrand,0.55,polymarket
2026-05-02,Xavier Bertrand,0.55,polymarket
2026-05-03,Xavier Bertrand,0.55,polymarket
2026-05-04,Xavier Bertrand,0.55,polymarket
2026-05-05,Xavier Bertrand,0.55,polymarket
2026-05-06,Xavier Bertrand,0.55,polymarket
2026-05-07,Xavier Bertrand,0.55,polymarket
2026-05-08,Xavier Bertrand,0.55,polymarket
2026-05-09,Xavier Bertrand,0.55,polymarket
2026-05-10,Xavier Bertrand,0.55,polymarket
2026-05-11,Xavier Bertrand,0.55,polymarket
2026-05-12,Xavier Bertrand,0.55,polymarket
2026-05-13,Xavier Bertrand,0.55,polymarket
2026-05-14,Xavier Bertrand,0.55,polymarket
2026-05-15,Xavier Bertrand,0.55,polymarket
2026-05-16,Xavier Bertrand,0.55,polymarket
2026-05-17,Xavier Bertrand,0.55,polymarket
2026-05-18,Xavier Bertrand,0.55,polymarket
2026-05-19,Xavier Bertrand,0.65,polymarket
2026-05-20,Xavier Bertrand,0.65,polymarket
2026-05-21,Xavier Bertrand,0.65,polymarket
2026-05-22,Xavier Bertrand,0.65,polymarket
2026-05-23,Xavier Bertrand,0.65,polymarket
2026-05-24,Xavier Bertrand,0.65,polymarket
2026-05-25,Xavier Bertrand,0.65,polymarket
2026-05-26,Xavier Bertrand,0.65,polymarket
2026-05-27,Xavier Bertrand,0.65,polymarket
2026-05-28,Xavier Bertrand,0.65,polymarket
2026-05-29,Xavier Bertrand,0.65,polymarket
2026-05-30,Xavier Bertrand,0.65,polymarket
2026-05-31,Xavier Bertrand,0.65,polymarket
2026-06-01,Xavier Bertrand,0.65,polymarket
2026-06-02,Xavier Bertrand,0.65,polymarket
2026-06-03,Xavier Bertrand,0.65,polymarket
2026-06-04,Xavier Bertrand,0.65,polymarket
2026-06-05,Xavier Bertrand,0.65,polymarket
2026-06-06,Xavier Bertrand,0.65,polymarket
2026-06-07,Xavier Bertrand,0.65,polymarket
2026-06-08,Xavier Bertrand,0.65,polymarket
2026-06-09,Xavier Bertrand,0.65,polymarket
2026-06-10,Xavier Bertrand,0.65,polymarket
2026-06-11,Xavier Bertrand,0.65,polymarket
2026-06-12,Xavier Bertrand,0.65,polymarket
2026-06-13,Xavier Bertrand,0.65,polymarket
2026-06-14,Xavier Bertrand,0.65,polymarket
2026-06-15,Xavier Bertrand,0.65,polymarket
2026-06-16,Xavier Bertrand,0.65,polymarket
2026-06-17,Xavier Bertrand,0.65,polymarket
2026-06-18,Xavier Bertrand,0.65,polymarket
2026-06-19,Xavier Bertrand,0.65,polymarket
2026-06-20,Xavier Bertrand,0.65,polymarket
2026-06-21,Xavier Bertrand,0.65,polymarket
2026-06-22,Xavier Bertrand,0.65,polymarket
2026-06-23,Xavier Bertrand,0.65,polymarket
2026-06-24,Xavier Bertrand,0.65,polymarket
2026-06-25,Xavier Bertrand,0.65,polymarket
2026-06-26,Xavier Bertrand,0.65,polymarket
2026-06-27,Xavier Bertrand,0.65,polymarket
2026-06-28,Xavier Bertrand,0.65,polymarket
2026-06-29,Xavier Bertrand,0.65,polymarket
2026-06-30,Xavier Bertrand,0.65,polymarket
2026-07-01,Xavier Bertrand,0.65,polymarket
2026-07-02,Xavier Bertrand,0.65,polymarket
2026-07-03,Xavier Bertrand,0.65,polymarket
2026-07-04,Xavier Bertrand,0.65,polymarket
2026-07-05,Xavier Bertrand,0.65,polymarket
2026-07-06,Xavier Bertrand,0.65,polymarket
2026-07-07,Xavier Bertrand,0.65,polymarket
2026-07-08,Xavier Bertrand,0.65,polymarket
2026-07-09,Xavier Bertrand,0.65,polymarket
2025-11-14,Yaël Braun-Pivet,20.0,polymarket
2025-11-15,Yaël Braun-Pivet,1.2,polymarket
2025-11-16,Yaël Braun-Pivet,1.15,polymarket
2025-11-17,Yaël Braun-Pivet,1.2,polymarket
2025-11-18,Yaël Braun-Pivet,1.1,polymarket
2025-11-19,Yaël Braun-Pivet,1.15,polymarket
2025-11-20,Yaël Braun-Pivet,1.05,polymarket
2025-11-21,Yaël Braun-Pivet,1.0,polymarket
2025-11-22,Yaël Braun-Pivet,0.7,polymarket
2025-11-23,Yaël Braun-Pivet,0.35,polymarket
2025-11-24,Yaël Braun-Pivet,0.3,polymarket
2025-11-25,Yaël Braun-Pivet,0.25,polymarket
2025-11-26,Yaël Braun-Pivet,0.25,polymarket
2025-11-27,Yaël Braun-Pivet,0.3,polymarket
2025-11-28,Yaël Braun-Pivet,0.3,polymarket
2025-11-29,Yaël Braun-Pivet,0.2,polymarket
2025-11-30,Yaël Braun-Pivet,0.2,polymarket
2025-12-01,Yaël Braun-Pivet,0.2,polymarket
2025-12-02,Yaël Braun-Pivet,0.2,polymarket
2025-12-03,Yaël Braun-Pivet,0.2,polymarket
2025-12-04,Yaël Braun-Pivet,0.2,polymarket
2025-12-05,Yaël Braun-Pivet,0.2,polymarket
2025-12-06,Yaël Braun-Pivet,0.15,polymarket
2025-12-07,Yaël Braun-Pivet,0.15,polymarket
2025-12-08,Yaël Braun-Pivet,0.15,polymarket
2025-12-09,Yaël Braun-Pivet,0.15,polymarket
2025-12-10,Yaël Braun-Pivet,0.15,polymarket
2025-12-11,Yaël Braun-Pivet,0.15,polymarket
2025-12-12,Yaël Braun-Pivet,0.15,polymarket
2025-12-13,Yaël Braun-Pivet,0.15,polymarket
2025-12-14,Yaël Braun-Pivet,0.15,polymarket
2025-12-15,Yaël Braun-Pivet,0.15,polymarket
2025-12-16,Yaël Braun-Pivet,0.15,polymarket
2025-12-17,Yaël Braun-Pivet,0.15,polymarket
2025-12-18,Yaël Braun-Pivet,0.15,polymarket
2025-12-19,Yaël Braun-Pivet,0.15,polymarket
2025-12-20,Yaël Braun-Pivet,0.15,polymarket
2025-12-21,Yaël Braun-Pivet,0.15,polymarket
2025-12-22,Yaël Braun-Pivet,0.25,polymarket
2025-12-23,Yaël Braun-Pivet,0.25,polymarket
2025-12-24,Yaël Braun-Pivet,0.25,polymarket
2025-12-25,Yaël Braun-Pivet,0.25,polymarket
2025-12-26,Yaël Braun-Pivet,0.35,polymarket
2025-12-27,Yaël Braun-Pivet,0.35,polymarket
2025-12-28,Yaël Braun-Pivet,0.35,polymarket
2025-12-29,Yaël Braun-Pivet,0.35,polymarket
2025-12-30,Yaël Braun-Pivet,0.35,polymarket
2025-12-31,Yaël Braun-Pivet,0.25,polymarket
2026-01-01,Yaël Braun-Pivet,0.25,polymarket
2026-01-02,Yaël Braun-Pivet,0.25,polymarket
2026-01-03,Yaël Braun-Pivet,0.25,polymarket
2026-01-04,Yaël Braun-Pivet,0.25,polymarket
2026-01-05,Yaël Braun-Pivet,0.25,polymarket
2026-01-06,Yaël Braun-Pivet,0.25,polymarket
2026-01-07,Yaël Braun-Pivet,0.25,polymarket
2026-01-08,Yaël Braun-Pivet,0.25,polymarket
2026-01-09,Yaël Braun-Pivet,0.25,polymarket
2026-01-10,Yaël Braun-Pivet,0.25,polymarket
2026-01-11,Yaël Braun-Pivet,0.25,polymarket
2026-01-12,Yaël Braun-Pivet,0.25,polymarket
2026-01-13,Yaël Braun-Pivet,0.25,polymarket
2026-01-14,Yaël Braun-Pivet,0.25,polymarket
2026-01-15,Yaël Braun-Pivet,0.2,polymarket
2026-01-16,Yaël Braun-Pivet,0.2,polymarket
2026-01-17,Yaël Braun-Pivet,0.2,polymarket
2026-01-18,Yaël Braun-Pivet,0.2,polymarket
2026-01-19,Yaël Braun-Pivet,0.2,polymarket
2026-01-20,Yaël Braun-Pivet,0.2,polymarket
2026-01-21,Yaël Braun-Pivet,0.2,polymarket
2026-01-22,Yaël Braun-Pivet,0.2,polymarket
2026-01-23,Yaël Braun-Pivet,0.25,polymarket
2026-01-24,Yaël Braun-Pivet,0.2,polymarket
2026-01-25,Yaël Braun-Pivet,0.2,polymarket
2026-01-26,Yaël Braun-Pivet,0.2,polymarket
2026-01-27,Yaël Braun-Pivet,0.2,polymarket
2026-01-28,Yaël Braun-Pivet,0.2,polymarket
2026-01-29,Yaël Braun-Pivet,0.2,polymarket
2026-01-30,Yaël Braun-Pivet,0.65,polymarket
2026-01-31,Yaël Braun-Pivet,0.25,polymarket
2026-02-01,Yaël Braun-Pivet,0.3,polymarket
2026-02-02,Yaël Braun-Pivet,0.3,polymarket
2026-02-03,Yaël Braun-Pivet,0.2,polymarket
2026-02-04,Yaël Braun-Pivet,0.25,polymarket
2026-02-05,Yaël Braun-Pivet,0.2,polymarket
2026-02-06,Yaël Braun-Pivet,0.2,polymarket
2026-02-07,Yaël Braun-Pivet,0.2,polymarket
2026-02-08,Yaël Braun-Pivet,0.2,polymarket
2026-02-09,Yaël Braun-Pivet,0.25,polymarket
2026-02-10,Yaël Braun-Pivet,0.25,polymarket
2026-02-11,Yaël Braun-Pivet,0.25,polymarket
2026-02-12,Yaël Braun-Pivet,0.15,polymarket
2026-02-13,Yaël Braun-Pivet,0.25,polymarket
2026-02-14,Yaël Braun-Pivet,0.15,polymarket
2026-02-15,Yaël Braun-Pivet,0.25,polymarket
2026-02-16,Yaël Braun-Pivet,0.25,polymarket
2026-02-17,Yaël Braun-Pivet,0.3,polymarket
2026-02-18,Yaël Braun-Pivet,0.25,polymarket
2026-02-19,Yaël Braun-Pivet,0.25,polymarket
2026-02-20,Yaël Braun-Pivet,0.25,polymarket
2026-02-21,Yaël Braun-Pivet,0.25,polymarket
2026-02-22,Yaël Braun-Pivet,0.25,polymarket
2026-02-23,Yaël Braun-Pivet,0.15,polymarket
2026-02-24,Yaël Braun-Pivet,0.15,polymarket
2026-02-25,Yaël Braun-Pivet,0.15,polymarket
2026-02-26,Yaël Braun-Pivet,0.15,polymarket
2026-02-27,Yaël Braun-Pivet,0.15,polymarket
2026-02-28,Yaël Braun-Pivet,0.15,polymarket
2026-03-01,Yaël Braun-Pivet,0.15,polymarket
2026-03-02,Yaël Braun-Pivet,0.15,polymarket
2026-03-03,Yaël Braun-Pivet,0.15,polymarket
2026-03-04,Yaël Braun-Pivet,0.15,polymarket
2026-03-05,Yaël Braun-Pivet,0.15,polymarket
2026-03-06,Yaël Braun-Pivet,0.15,polymarket
2026-03-07,Yaël Braun-Pivet,0.15,polymarket
2026-03-08,Yaël Braun-Pivet,0.15,polymarket
2026-03-09,Yaël Braun-Pivet,0.15,polymarket
2026-03-10,Yaël Braun-Pivet,0.15,polymarket
2026-03-11,Yaël Braun-Pivet,0.15,polymarket
2026-03-12,Yaël Braun-Pivet,0.15,polymarket
2026-03-13,Yaël Braun-Pivet,0.25,polymarket
2026-03-14,Yaël Braun-Pivet,0.25,polymarket
2026-03-15,Yaël Braun-Pivet,0.25,polymarket
2026-03-16,Yaël Braun-Pivet,0.25,polymarket
2026-03-17,Yaël Braun-Pivet,0.15,polymarket
2026-03-18,Yaël Braun-Pivet,0.15,polymarket
2026-03-19,Yaël Braun-Pivet,0.15,polymarket
2026-03-20,Yaël Braun-Pivet,0.15,polymarket
2026-03-21,Yaël Braun-Pivet,0.25,polymarket
2026-03-22,Yaël Braun-Pivet,0.15,polymarket
2026-03-23,Yaël Braun-Pivet,0.15,polymarket
2026-03-24,Yaël Braun-Pivet,0.15,polymarket
2026-03-25,Yaël Braun-Pivet,0.15,polymarket
2026-03-26,Yaël Braun-Pivet,0.15,polymarket
2026-03-27,Yaël Braun-Pivet,0.25,polymarket
2026-03-28,Yaël Braun-Pivet,0.25,polymarket
2026-03-29,Yaël Braun-Pivet,0.25,polymarket
2026-04-09,Yaël Braun-Pivet,0.65,polymarket
2026-04-18,Yaël Braun-Pivet,0.65,polymarket
2026-04-22,Yaël Braun-Pivet,0.75,polymarket
2026-04-23,Yaël Braun-Pivet,0.75,polymarket
2026-04-24,Yaël Braun-Pivet,0.55,polymarket
2026-04-25,Yaël Braun-Pivet,0.55,polymarket
2026-04-26,Yaël Braun-Pivet,0.55,polymarket
2026-04-27,Yaël Braun-Pivet,0.55,polymarket
2026-04-28,Yaël Braun-Pivet,0.55,polymarket
2026-04-29,Yaël Braun-Pivet,0.45,polymarket
2026-04-30,Yaël Braun-Pivet,0.45,polymarket
2026-05-01,Yaël Braun-Pivet,0.45,polymarket
2026-05-02,Yaël Braun-Pivet,0.45,polymarket
2026-05-03,Yaël Braun-Pivet,0.45,polymarket
2026-05-04,Yaël Braun-Pivet,0.45,polymarket
2026-05-05,Yaël Braun-Pivet,0.45,polymarket
2026-05-06,Yaël Braun-Pivet,0.55,polymarket
2026-05-07,Yaël Braun-Pivet,0.55,polymarket
2026-05-08,Yaël Braun-Pivet,0.55,polymarket
2026-05-09,Yaël Braun-Pivet,0.55,polymarket
2026-05-10,Yaël Braun-Pivet,0.55,polymarket
2026-05-11,Yaël Braun-Pivet,0.55,polymarket
2026-05-12,Yaël Braun-Pivet,0.55,polymarket
2026-05-13,Yaël Braun-Pivet,0.55,polymarket
2026-05-14,Yaël Braun-Pivet,0.65,polymarket
2026-05-15,Yaël Braun-Pivet,0.65,polymarket
2026-05-16,Yaël Braun-Pivet,0.65,polymarket
2026-05-17,Yaël Braun-Pivet,0.65,polymarket
2026-05-18,Yaël Braun-Pivet,0.65,polymarket
2026-05-19,Yaël Braun-Pivet,0.65,polymarket
2026-05-20,Yaël Braun-Pivet,0.65,polymarket
2026-05-21,Yaël Braun-Pivet,0.65,polymarket
2026-05-22,Yaël Braun-Pivet,0.65,polymarket
2026-05-23,Yaël Braun-Pivet,0.65,polymarket
2026-05-24,Yaël Braun-Pivet,0.65,polymarket
2026-05-25,Yaël Braun-Pivet,0.65,polymarket
2026-05-26,Yaël Braun-Pivet,0.65,polymarket
2026-05-27,Yaël Braun-Pivet,0.65,polymarket
2026-05-28,Yaël Braun-Pivet,0.65,polymarket
2026-05-29,Yaël Braun-Pivet,0.65,polymarket
2026-05-30,Yaël Braun-Pivet,0.65,polymarket
2026-05-31,Yaël Braun-Pivet,0.65,polymarket
2026-06-01,Yaël Braun-Pivet,0.75,polymarket
2026-06-02,Yaël Braun-Pivet,0.75,polymarket
2026-06-03,Yaël Braun-Pivet,0.75,polymarket
2026-06-04,Yaël Braun-Pivet,0.75,polymarket
2026-06-05,Yaël Braun-Pivet,0.65,polymarket
2026-06-06,Yaël Braun-Pivet,0.65,polymarket
2026-06-07,Yaël Braun-Pivet,0.65,polymarket
2026-06-08,Yaël Braun-Pivet,0.65,polymarket
2026-06-09,Yaël Braun-Pivet,0.65,polymarket
2026-06-10,Yaël Braun-Pivet,0.65,polymarket
2026-06-11,Yaël Braun-Pivet,0.65,polymarket
2026-06-12,Yaël Braun-Pivet,0.65,polymarket
2026-06-13,Yaël Braun-Pivet,0.65,polymarket
2026-06-14,Yaël Braun-Pivet,0.65,polymarket
2026-06-15,Yaël Braun-Pivet,0.65,polymarket
2026-06-16,Yaël Braun-Pivet,0.65,polymarket
2026-06-17,Yaël Braun-Pivet,0.65,polymarket
2026-06-18,Yaël Braun-Pivet,0.65,polymarket
2026-06-19,Yaël Braun-Pivet,0.65,polymarket
2026-06-20,Yaël Braun-Pivet,0.65,polymarket
2026-06-21,Yaël Braun-Pivet,0.65,polymarket
2026-06-22,Yaël Braun-Pivet,0.65,polymarket
2026-06-23,Yaël Braun-Pivet,0.65,polymarket
2026-06-24,Yaël Braun-Pivet,0.65,polymarket
2026-06-25,Yaël Braun-Pivet,0.65,polymarket
2026-06-26,Yaël Braun-Pivet,0.65,polymarket
2026-06-27,Yaël Braun-Pivet,0.65,polymarket
2026-06-28,Yaël Braun-Pivet,0.65,polymarket
2026-06-29,Yaël Braun-Pivet,0.65,polymarket
2026-06-30,Yaël Braun-Pivet,0.65,polymarket
2026-07-01,Yaël Braun-Pivet,0.65,polymarket
2026-07-02,Yaël Braun-Pivet,0.65,polymarket
2026-07-03,Yaël Braun-Pivet,0.65,polymarket
2026-07-04,Yaël Braun-Pivet,0.65,polymarket
2026-07-05,Yaël Braun-Pivet,0.65,polymarket
2026-07-06,Yaël Braun-Pivet,0.65,polymarket
2026-07-07,Yaël Braun-Pivet,0.65,polymarket
2026-07-08,Yaël Braun-Pivet,0.65,polymarket
2026-07-09,Yaël Braun-Pivet,0.65,polymarket
2025-11-14,Édouard Philippe,20.5,polymarket
2025-11-15,Édouard Philippe,23.0,polymarket
2025-11-16,Édouard Philippe,23.5,polymarket
2025-11-17,Édouard Philippe,23.5,polymarket
2025-11-18,Édouard Philippe,24.0,polymarket
2025-11-19,Édouard Philippe,24.0,polymarket
2025-11-20,Édouard Philippe,23.5,polymarket
2025-11-21,Édouard Philippe,25.5,polymarket
2025-11-22,Édouard Philippe,22.0,polymarket
2025-11-23,Édouard Philippe,22.0,polymarket
2025-11-24,Édouard Philippe,22.0,polymarket
2025-11-25,Édouard Philippe,20.5,polymarket
2025-11-26,Édouard Philippe,20.0,polymarket
2025-11-27,Édouard Philippe,23.0,polymarket
2025-11-28,Édouard Philippe,21.5,polymarket
2025-11-29,Édouard Philippe,19.5,polymarket
2025-11-30,Édouard Philippe,20.5,polymarket
2025-12-01,Édouard Philippe,20.5,polymarket
2025-12-02,Édouard Philippe,20.0,polymarket
2025-12-03,Édouard Philippe,20.0,polymarket
2025-12-04,Édouard Philippe,20.0,polymarket
2025-12-05,Édouard Philippe,21.5,polymarket
2025-12-06,Édouard Philippe,21.5,polymarket
2025-12-07,Édouard Philippe,21.5,polymarket
2025-12-08,Édouard Philippe,21.0,polymarket
2025-12-09,Édouard Philippe,19.5,polymarket
2025-12-10,Édouard Philippe,19.5,polymarket
2025-12-11,Édouard Philippe,19.0,polymarket
2025-12-12,Édouard Philippe,18.0,polymarket
2025-12-13,Édouard Philippe,17.0,polymarket
2025-12-14,Édouard Philippe,18.5,polymarket
2025-12-15,Édouard Philippe,18.0,polymarket
2025-12-16,Édouard Philippe,19.5,polymarket
2025-12-17,Édouard Philippe,17.5,polymarket
2025-12-18,Édouard Philippe,18.0,polymarket
2025-12-19,Édouard Philippe,18.0,polymarket
2025-12-20,Édouard Philippe,18.0,polymarket
2025-12-21,Édouard Philippe,18.0,polymarket
2025-12-22,Édouard Philippe,18.0,polymarket
2025-12-23,Édouard Philippe,16.5,polymarket
2025-12-24,Édouard Philippe,16.5,polymarket
2025-12-25,Édouard Philippe,16.0,polymarket
2025-12-26,Édouard Philippe,16.0,polymarket
2025-12-27,Édouard Philippe,15.5,polymarket
2025-12-28,Édouard Philippe,15.0,polymarket
2025-12-29,Édouard Philippe,13.5,polymarket
2025-12-30,Édouard Philippe,14.5,polymarket
2025-12-31,Édouard Philippe,14.5,polymarket
2026-01-01,Édouard Philippe,14.5,polymarket
2026-01-02,Édouard Philippe,17.5,polymarket
2026-01-03,Édouard Philippe,17.5,polymarket
2026-01-04,Édouard Philippe,16.0,polymarket
2026-01-05,Édouard Philippe,15.0,polymarket
2026-01-06,Édouard Philippe,16.5,polymarket
2026-01-07,Édouard Philippe,16.0,polymarket
2026-01-08,Édouard Philippe,16.0,polymarket
2026-01-09,Édouard Philippe,15.5,polymarket
2026-01-10,Édouard Philippe,12.5,polymarket
2026-01-11,Édouard Philippe,14.5,polymarket
2026-01-12,Édouard Philippe,14.5,polymarket
2026-01-13,Édouard Philippe,13.5,polymarket
2026-01-14,Édouard Philippe,13.5,polymarket
2026-01-15,Édouard Philippe,13.0,polymarket
2026-01-16,Édouard Philippe,13.0,polymarket
2026-01-17,Édouard Philippe,12.5,polymarket
2026-01-18,Édouard Philippe,11.5,polymarket
2026-01-19,Édouard Philippe,11.5,polymarket
2026-01-20,Édouard Philippe,12.5,polymarket
2026-01-21,Édouard Philippe,13.0,polymarket
2026-01-22,Édouard Philippe,14.0,polymarket
2026-01-23,Édouard Philippe,13.5,polymarket
2026-01-24,Édouard Philippe,13.0,polymarket
2026-01-25,Édouard Philippe,13.5,polymarket
2026-01-26,Édouard Philippe,13.0,polymarket
2026-01-27,Édouard Philippe,13.5,polymarket
2026-01-28,Édouard Philippe,14.5,polymarket
2026-01-29,Édouard Philippe,16.0,polymarket
2026-01-30,Édouard Philippe,15.0,polymarket
2026-01-31,Édouard Philippe,12.5,polymarket
2026-02-01,Édouard Philippe,14.0,polymarket
2026-02-02,Édouard Philippe,14.0,polymarket
2026-02-03,Édouard Philippe,14.5,polymarket
2026-02-04,Édouard Philippe,13.5,polymarket
2026-02-05,Édouard Philippe,15.0,polymarket
2026-02-06,Édouard Philippe,13.5,polymarket
2026-02-07,Édouard Philippe,14.0,polymarket
2026-02-08,Édouard Philippe,15.5,polymarket
2026-02-09,Édouard Philippe,15.0,polymarket
2026-02-10,Édouard Philippe,14.0,polymarket
2026-02-11,Édouard Philippe,13.5,polymarket
2026-02-12,Édouard Philippe,13.5,polymarket
2026-02-13,Édouard Philippe,14.0,polymarket
2026-02-14,Édouard Philippe,16.0,polymarket
2026-02-15,Édouard Philippe,13.5,polymarket
2026-02-16,Édouard Philippe,13.5,polymarket
2026-02-17,Édouard Philippe,13.5,polymarket
2026-02-18,Édouard Philippe,13.5,polymarket
2026-02-19,Édouard Philippe,15.5,polymarket
2026-02-20,Édouard Philippe,14.5,polymarket
2026-02-21,Édouard Philippe,13.5,polymarket
2026-02-22,Édouard Philippe,15.0,polymarket
2026-02-23,Édouard Philippe,14.5,polymarket
2026-02-24,Édouard Philippe,13.5,polymarket
2026-02-25,Édouard Philippe,13.5,polymarket
2026-02-26,Édouard Philippe,13.5,polymarket
2026-02-27,Édouard Philippe,14.5,polymarket
2026-02-28,Édouard Philippe,13.5,polymarket
2026-03-01,Édouard Philippe,14.0,polymarket
2026-03-02,Édouard Philippe,14.5,polymarket
2026-03-03,Édouard Philippe,14.5,polymarket
2026-03-04,Édouard Philippe,14.5,polymarket
2026-03-05,Édouard Philippe,14.5,polymarket
2026-03-06,Édouard Philippe,14.5,polymarket
2026-03-07,Édouard Philippe,14.5,polymarket
2026-03-08,Édouard Philippe,14.5,polymarket
2026-03-09,Édouard Philippe,13.5,polymarket
2026-03-10,Édouard Philippe,13.5,polymarket
2026-03-11,Édouard Philippe,13.5,polymarket
2026-03-12,Édouard Philippe,13.5,polymarket
2026-03-14,Édouard Philippe,16.5,polymarket
2026-03-17,Édouard Philippe,19.5,polymarket
2026-03-18,Édouard Philippe,18.5,polymarket
2026-03-20,Édouard Philippe,16.5,polymarket
2026-03-21,Édouard Philippe,18.0,polymarket
2026-03-22,Édouard Philippe,17.5,polymarket
2026-03-23,Édouard Philippe,19.5,polymarket
2026-03-24,Édouard Philippe,19.5,polymarket
2026-03-25,Édouard Philippe,21.0,polymarket
2026-03-26,Édouard Philippe,20.5,polymarket
2026-03-27,Édouard Philippe,20.5,polymarket
2026-03-28,Édouard Philippe,20.5,polymarket
2026-03-29,Édouard Philippe,21.5,polymarket
2026-03-30,Édouard Philippe,22.5,polymarket
2026-03-31,Édouard Philippe,26.5,polymarket
2026-04-01,Édouard Philippe,33.5,polymarket
2026-04-02,Édouard Philippe,29.5,polymarket
2026-04-03,Édouard Philippe,29.5,polymarket
2026-04-04,Édouard Philippe,27.5,polymarket
2026-04-07,Édouard Philippe,26.5,polymarket
2026-04-09,Édouard Philippe,23.0,polymarket
2026-04-13,Édouard Philippe,21.5,polymarket
2026-04-15,Édouard Philippe,24.0,polymarket
2026-04-17,Édouard Philippe,23.5,polymarket
2026-04-19,Édouard Philippe,23.5,polymarket
2026-04-20,Édouard Philippe,22.5,polymarket
2026-04-21,Édouard Philippe,22.5,polymarket
2026-04-22,Édouard Philippe,21.5,polymarket
2026-04-23,Édouard Philippe,21.5,polymarket
2026-04-24,Édouard Philippe,21.5,polymarket
2026-04-25,Édouard Philippe,21.5,polymarket
2026-04-26,Édouard Philippe,21.5,polymarket
2026-04-27,Édouard Philippe,21.5,polymarket
2026-04-28,Édouard Philippe,21.5,polymarket
2026-04-29,Édouard Philippe,22.5,polymarket
2026-04-30,Édouard Philippe,21.5,polymarket
2026-05-01,Édouard Philippe,21.5,polymarket
2026-05-02,Édouard Philippe,21.5,polymarket
2026-05-03,Édouard Philippe,20.5,polymarket
2026-05-04,Édouard Philippe,21.5,polymarket
2026-05-05,Édouard Philippe,19.5,polymarket
2026-05-06,Édouard Philippe,20.5,polymarket
2026-05-07,Édouard Philippe,20.5,polymarket
2026-05-08,Édouard Philippe,20.5,polymarket
2026-05-09,Édouard Philippe,18.5,polymarket
2026-05-10,Édouard Philippe,19.5,polymarket
2026-05-11,Édouard Philippe,19.5,polymarket
2026-05-12,Édouard Philippe,19.5,polymarket
2026-05-13,Édouard Philippe,19.5,polymarket
2026-05-14,Édouard Philippe,19.5,polymarket
2026-05-15,Édouard Philippe,19.5,polymarket
2026-05-16,Édouard Philippe,19.5,polymarket
2026-05-17,Édouard Philippe,19.5,polymarket
2026-05-18,Édouard Philippe,19.5,polymarket
2026-05-19,Édouard Philippe,21.5,polymarket
2026-05-20,Édouard Philippe,19.5,polymarket
2026-05-21,Édouard Philippe,19.5,polymarket
2026-05-22,Édouard Philippe,19.5,polymarket
2026-05-23,Édouard Philippe,19.5,polymarket
2026-05-24,Édouard Philippe,18.5,polymarket
2026-05-25,Édouard Philippe,18.5,polymarket
2026-05-26,Édouard Philippe,17.5,polymarket
2026-05-27,Édouard Philippe,15.5,polymarket
2026-05-28,Édouard Philippe,16.5,polymarket
2026-05-29,Édouard Philippe,15.5,polymarket
2026-05-30,Édouard Philippe,15.5,polymarket
2026-05-31,Édouard Philippe,17.5,polymarket
2026-06-01,Édouard Philippe,17.5,polymarket
2026-06-02,Édouard Philippe,16.5,polymarket
2026-06-03,Édouard Philippe,16.5,polymarket
2026-06-04,Édouard Philippe,16.5,polymarket
2026-06-05,Édouard Philippe,16.5,polymarket
2026-06-06,Édouard Philippe,16.5,polymarket
2026-06-07,Édouard Philippe,16.5,polymarket
2026-06-08,Édouard Philippe,16.5,polymarket
2026-06-09,Édouard Philippe,17.5,polymarket
2026-06-10,Édouard Philippe,17.5,polymarket
2026-06-11,Édouard Philippe,17.5,polymarket
2026-06-12,Édouard Philippe,17.5,polymarket
2026-06-13,Édouard Philippe,21.5,polymarket
2026-06-14,Édouard Philippe,20.5,polymarket
2026-06-15,Édouard Philippe,20.5,polymarket
2026-06-16,Édouard Philippe,20.5,polymarket
2026-06-17,Édouard Philippe,19.5,polymarket
2026-06-18,Édouard Philippe,19.5,polymarket
2026-06-19,Édouard Philippe,19.5,polymarket
2026-06-20,Édouard Philippe,19.5,polymarket
2026-06-21,Édouard Philippe,19.5,polymarket
2026-06-22,Édouard Philippe,19.5,polymarket
2026-06-23,Édouard Philippe,19.5,polymarket
2026-06-24,Édouard Philippe,19.5,polymarket
2026-06-25,Édouard Philippe,18.5,polymarket
2026-06-26,Édouard Philippe,19.5,polymarket
2026-06-27,Édouard Philippe,18.5,polymarket
2026-06-28,Édouard Philippe,18.5,polymarket
2026-06-29,Édouard Philippe,18.5,polymarket
2026-06-30,Édouard Philippe,18.5,polymarket
2026-07-01,Édouard Philippe,18.5,polymarket
2026-07-02,Édouard Philippe,20.5,polymarket
2026-07-03,Édouard Philippe,20.5,polymarket
2026-07-04,Édouard Philippe,20.5,polymarket
2026-07-05,Édouard Philippe,20.5,polymarket
2026-07-06,Édouard Philippe,23.5,polymarket
2026-07-07,Édouard Philippe,23.5,polymarket
2026-07-08,Édouard Philippe,25.5,polymarket
2026-07-09,Édouard Philippe,25.5,polymarket
2025-11-14,Élisabeth Borne,26.0,polymarket
2025-11-15,Élisabeth Borne,1.5,polymarket
2025-11-16,Élisabeth Borne,1.5,polymarket
2025-11-17,Élisabeth Borne,1.4,polymarket
2025-11-18,Élisabeth Borne,0.75,polymarket
2025-11-19,Élisabeth Borne,0.7,polymarket
2025-11-20,Élisabeth Borne,0.7,polymarket
2025-11-21,Élisabeth Borne,0.7,polymarket
2025-11-22,Élisabeth Borne,0.35,polymarket
2025-11-23,Élisabeth Borne,0.3,polymarket
2025-11-24,Élisabeth Borne,0.3,polymarket
2025-11-25,Élisabeth Borne,0.3,polymarket
2025-11-26,Élisabeth Borne,0.3,polymarket
2025-11-27,Élisabeth Borne,0.3,polymarket
2025-11-28,Élisabeth Borne,0.3,polymarket
2025-11-29,Élisabeth Borne,0.25,polymarket
2025-11-30,Élisabeth Borne,0.2,polymarket
2025-12-01,Élisabeth Borne,0.2,polymarket
2025-12-02,Élisabeth Borne,0.2,polymarket
2025-12-03,Élisabeth Borne,0.15,polymarket
2025-12-04,Élisabeth Borne,0.15,polymarket
2025-12-05,Élisabeth Borne,0.15,polymarket
2025-12-06,Élisabeth Borne,0.15,polymarket
2025-12-07,Élisabeth Borne,0.15,polymarket
2025-12-08,Élisabeth Borne,0.15,polymarket
2025-12-09,Élisabeth Borne,0.15,polymarket
2025-12-10,Élisabeth Borne,0.15,polymarket
2025-12-11,Élisabeth Borne,0.15,polymarket
2025-12-12,Élisabeth Borne,0.15,polymarket
2025-12-13,Élisabeth Borne,0.15,polymarket
2025-12-14,Élisabeth Borne,0.15,polymarket
2025-12-15,Élisabeth Borne,0.15,polymarket
2025-12-16,Élisabeth Borne,0.15,polymarket
2025-12-17,Élisabeth Borne,0.15,polymarket
2025-12-18,Élisabeth Borne,0.15,polymarket
2025-12-19,Élisabeth Borne,0.15,polymarket
2025-12-20,Élisabeth Borne,0.15,polymarket
2025-12-21,Élisabeth Borne,0.15,polymarket
2025-12-22,Élisabeth Borne,0.15,polymarket
2025-12-23,Élisabeth Borne,0.15,polymarket
2025-12-24,Élisabeth Borne,0.15,polymarket
2025-12-25,Élisabeth Borne,0.15,polymarket
2025-12-26,Élisabeth Borne,0.15,polymarket
2025-12-27,Élisabeth Borne,0.15,polymarket
2025-12-28,Élisabeth Borne,0.15,polymarket
2025-12-29,Élisabeth Borne,0.15,polymarket
2025-12-30,Élisabeth Borne,0.15,polymarket
2025-12-31,Élisabeth Borne,0.15,polymarket
2026-01-01,Élisabeth Borne,0.15,polymarket
2026-01-02,Élisabeth Borne,0.15,polymarket
2026-01-03,Élisabeth Borne,0.15,polymarket
2026-01-04,Élisabeth Borne,0.15,polymarket
2026-01-05,Élisabeth Borne,0.15,polymarket
2026-01-06,Élisabeth Borne,0.15,polymarket
2026-01-07,Élisabeth Borne,0.15,polymarket
2026-01-08,Élisabeth Borne,0.2,polymarket
2026-01-09,Élisabeth Borne,0.15,polymarket
2026-01-10,Élisabeth Borne,0.15,polymarket
2026-01-11,Élisabeth Borne,0.15,polymarket
2026-01-12,Élisabeth Borne,0.15,polymarket
2026-01-13,Élisabeth Borne,0.15,polymarket
2026-01-14,Élisabeth Borne,0.15,polymarket
2026-01-15,Élisabeth Borne,0.15,polymarket
2026-01-16,Élisabeth Borne,0.15,polymarket
2026-01-17,Élisabeth Borne,0.15,polymarket
2026-01-18,Élisabeth Borne,0.15,polymarket
2026-01-19,Élisabeth Borne,0.15,polymarket
2026-01-20,Élisabeth Borne,0.15,polymarket
2026-01-21,Élisabeth Borne,0.15,polymarket
2026-01-22,Élisabeth Borne,0.15,polymarket
2026-01-23,Élisabeth Borne,0.15,polymarket
2026-01-24,Élisabeth Borne,0.15,polymarket
2026-01-25,Élisabeth Borne,0.15,polymarket
2026-01-26,Élisabeth Borne,0.15,polymarket
2026-01-27,Élisabeth Borne,0.15,polymarket
2026-01-28,Élisabeth Borne,0.15,polymarket
2026-01-29,Élisabeth Borne,0.15,polymarket
2026-01-30,Élisabeth Borne,0.15,polymarket
2026-01-31,Élisabeth Borne,0.15,polymarket
2026-02-01,Élisabeth Borne,0.15,polymarket
2026-02-02,Élisabeth Borne,0.15,polymarket
2026-02-03,Élisabeth Borne,0.15,polymarket
2026-02-04,Élisabeth Borne,0.15,polymarket
2026-02-05,Élisabeth Borne,0.15,polymarket
2026-02-06,Élisabeth Borne,0.15,polymarket
2026-02-07,Élisabeth Borne,0.15,polymarket
2026-02-08,Élisabeth Borne,0.15,polymarket
2026-02-09,Élisabeth Borne,0.15,polymarket
2026-02-10,Élisabeth Borne,0.15,polymarket
2026-02-11,Élisabeth Borne,0.15,polymarket
2026-02-12,Élisabeth Borne,0.15,polymarket
2026-02-13,Élisabeth Borne,0.15,polymarket
2026-02-14,Élisabeth Borne,0.15,polymarket
2026-02-15,Élisabeth Borne,0.15,polymarket
2026-02-16,Élisabeth Borne,0.15,polymarket
2026-02-17,Élisabeth Borne,0.15,polymarket
2026-02-18,Élisabeth Borne,0.15,polymarket
2026-02-19,Élisabeth Borne,0.15,polymarket
2026-02-20,Élisabeth Borne,0.15,polymarket
2026-02-21,Élisabeth Borne,0.15,polymarket
2026-02-22,Élisabeth Borne,0.15,polymarket
2026-02-23,Élisabeth Borne,0.15,polymarket
2026-02-24,Élisabeth Borne,0.15,polymarket
2026-02-25,Élisabeth Borne,0.15,polymarket
2026-02-26,Élisabeth Borne,0.15,polymarket
2026-02-27,Élisabeth Borne,0.15,polymarket
2026-02-28,Élisabeth Borne,0.15,polymarket
2026-03-01,Élisabeth Borne,0.15,polymarket
2026-03-02,Élisabeth Borne,0.15,polymarket
2026-03-03,Élisabeth Borne,0.15,polymarket
2026-03-04,Élisabeth Borne,0.15,polymarket
2026-03-05,Élisabeth Borne,0.15,polymarket
2026-03-06,Élisabeth Borne,0.15,polymarket
2026-03-07,Élisabeth Borne,0.15,polymarket
2026-03-08,Élisabeth Borne,0.15,polymarket
2026-03-09,Élisabeth Borne,0.15,polymarket
2026-03-10,Élisabeth Borne,0.15,polymarket
2026-03-11,Élisabeth Borne,0.15,polymarket
2026-03-12,Élisabeth Borne,0.15,polymarket
2026-03-13,Élisabeth Borne,0.15,polymarket
2026-03-14,Élisabeth Borne,0.15,polymarket
2026-03-15,Élisabeth Borne,0.15,polymarket
2026-03-17,Élisabeth Borne,0.15,polymarket
2026-03-18,Élisabeth Borne,0.15,polymarket
2026-03-19,Élisabeth Borne,0.15,polymarket
2026-03-20,Élisabeth Borne,0.15,polymarket
2026-03-21,Élisabeth Borne,0.2,polymarket
2026-03-22,Élisabeth Borne,0.5,polymarket
2026-03-23,Élisabeth Borne,0.25,polymarket
2026-03-24,Élisabeth Borne,0.15,polymarket
2026-03-25,Élisabeth Borne,0.15,polymarket
2026-03-26,Élisabeth Borne,0.15,polymarket
2026-03-27,Élisabeth Borne,0.25,polymarket
2026-03-28,Élisabeth Borne,0.25,polymarket
2026-03-29,Élisabeth Borne,0.25,polymarket
2026-04-09,Élisabeth Borne,0.55,polymarket
2026-04-22,Élisabeth Borne,0.65,polymarket
2026-04-23,Élisabeth Borne,0.65,polymarket
2026-04-24,Élisabeth Borne,0.35,polymarket
2026-04-25,Élisabeth Borne,0.45,polymarket
2026-04-26,Élisabeth Borne,0.45,polymarket
2026-04-27,Élisabeth Borne,0.45,polymarket
2026-04-28,Élisabeth Borne,0.45,polymarket
2026-04-29,Élisabeth Borne,0.55,polymarket
2026-04-30,Élisabeth Borne,0.55,polymarket
2026-05-01,Élisabeth Borne,0.55,polymarket
2026-05-02,Élisabeth Borne,0.55,polymarket
2026-05-03,Élisabeth Borne,0.55,polymarket
2026-05-04,Élisabeth Borne,0.55,polymarket
2026-05-05,Élisabeth Borne,0.55,polymarket
2026-05-06,Élisabeth Borne,0.55,polymarket
2026-05-07,Élisabeth Borne,0.55,polymarket
2026-05-08,Élisabeth Borne,0.55,polymarket
2026-05-09,Élisabeth Borne,0.55,polymarket
2026-05-10,Élisabeth Borne,0.55,polymarket
2026-05-11,Élisabeth Borne,0.55,polymarket
2026-05-12,Élisabeth Borne,0.55,polymarket
2026-05-13,Élisabeth Borne,0.55,polymarket
2026-05-14,Élisabeth Borne,0.55,polymarket
2026-05-15,Élisabeth Borne,0.55,polymarket
2026-05-16,Élisabeth Borne,0.55,polymarket
2026-05-17,Élisabeth Borne,0.55,polymarket
2026-05-18,Élisabeth Borne,0.55,polymarket
2026-05-19,Élisabeth Borne,0.65,polymarket
2026-05-20,Élisabeth Borne,0.65,polymarket
2026-05-21,Élisabeth Borne,0.65,polymarket
2026-05-22,Élisabeth Borne,0.65,polymarket
2026-05-23,Élisabeth Borne,0.65,polymarket
2026-05-24,Élisabeth Borne,0.65,polymarket
2026-05-25,Élisabeth Borne,0.65,polymarket
2026-05-26,Élisabeth Borne,0.65,polymarket
2026-05-27,Élisabeth Borne,0.65,polymarket
2026-05-28,Élisabeth Borne,0.65,polymarket
2026-05-29,Élisabeth Borne,0.65,polymarket
2026-05-30,Élisabeth Borne,0.65,polymarket
2026-05-31,Élisabeth Borne,0.65,polymarket
2026-06-01,Élisabeth Borne,0.65,polymarket
2026-06-02,Élisabeth Borne,0.65,polymarket
2026-06-03,Élisabeth Borne,0.65,polymarket
2026-06-04,Élisabeth Borne,0.65,polymarket
2026-06-05,Élisabeth Borne,0.65,polymarket
2026-06-06,Élisabeth Borne,0.65,polymarket
2026-06-07,Élisabeth Borne,0.65,polymarket
2026-06-08,Élisabeth Borne,0.65,polymarket
2026-06-09,Élisabeth Borne,0.65,polymarket
2026-06-10,Élisabeth Borne,0.65,polymarket
2026-06-11,Élisabeth Borne,0.65,polymarket
2026-06-12,Élisabeth Borne,0.65,polymarket
2026-06-13,Élisabeth Borne,0.65,polymarket
2026-06-14,Élisabeth Borne,0.65,polymarket
2026-06-15,Élisabeth Borne,0.65,polymarket
2026-06-16,Élisabeth Borne,0.65,polymarket
2026-06-17,Élisabeth Borne,0.65,polymarket
2026-06-18,Élisabeth Borne,0.65,polymarket
2026-06-19,Élisabeth Borne,0.65,polymarket
2026-06-20,Élisabeth Borne,0.65,polymarket
2026-06-21,Élisabeth Borne,0.65,polymarket
2026-06-22,Élisabeth Borne,0.65,polymarket
2026-06-23,Élisabeth Borne,0.65,polymarket
2026-06-24,Élisabeth Borne,0.65,polymarket
2026-06-25,Élisabeth Borne,0.65,polymarket
2026-06-26,Élisabeth Borne,0.65,polymarket
2026-06-27,Élisabeth Borne,0.65,polymarket
2026-06-28,Élisabeth Borne,0.65,polymarket
2026-06-29,Élisabeth Borne,0.65,polymarket
2026-06-30,Élisabeth Borne,0.65,polymarket
2026-07-01,Élisabeth Borne,0.65,polymarket
2026-07-02,Élisabeth Borne,0.65,polymarket
2026-07-03,Élisabeth Borne,0.65,polymarket
2026-07-04,Élisabeth Borne,0.65,polymarket
2026-07-05,Élisabeth Borne,0.65,polymarket
2026-07-06,Élisabeth Borne,0.65,polymarket
2026-07-07,Élisabeth Borne,0.65,polymarket
2026-07-08,Élisabeth Borne,0.65,polymarket
2026-07-09,Élisabeth Borne,0.65,polymarket
2025-11-14,Éric Zemmour,21.5,polymarket
2025-11-15,Éric Zemmour,1.2,polymarket
2025-11-16,Éric Zemmour,1.85,polymarket
2025-11-17,Éric Zemmour,4.75,polymarket
2025-11-18,Éric Zemmour,4.65,polymarket
2025-11-19,Éric Zemmour,4.35,polymarket
2025-11-20,Éric Zemmour,4.0,polymarket
2025-11-21,Éric Zemmour,3.25,polymarket
2025-11-22,Éric Zemmour,3.6,polymarket
2025-11-23,Éric Zemmour,1.95,polymarket
2025-11-24,Éric Zemmour,3.45,polymarket
2025-11-25,Éric Zemmour,2.7,polymarket
2025-11-26,Éric Zemmour,2.6,polymarket
2025-11-27,Éric Zemmour,3.6,polymarket
2025-11-28,Éric Zemmour,3.65,polymarket
2025-11-29,Éric Zemmour,2.4,polymarket
2025-11-30,Éric Zemmour,3.2,polymarket
2025-12-01,Éric Zemmour,2.95,polymarket
2025-12-02,Éric Zemmour,2.45,polymarket
2025-12-03,Éric Zemmour,3.1,polymarket
2025-12-04,Éric Zemmour,2.75,polymarket
2025-12-05,Éric Zemmour,2.75,polymarket
2025-12-06,Éric Zemmour,3.1,polymarket
2025-12-07,Éric Zemmour,2.5,polymarket
2025-12-08,Éric Zemmour,2.75,polymarket
2025-12-09,Éric Zemmour,1.9,polymarket
2025-12-10,Éric Zemmour,1.25,polymarket
2025-12-11,Éric Zemmour,1.1,polymarket
2025-12-12,Éric Zemmour,0.6,polymarket
2025-12-13,Éric Zemmour,0.6,polymarket
2025-12-14,Éric Zemmour,0.65,polymarket
2025-12-15,Éric Zemmour,1.25,polymarket
2025-12-16,Éric Zemmour,1.2,polymarket
2025-12-17,Éric Zemmour,1.15,polymarket
2025-12-18,Éric Zemmour,1.1,polymarket
2025-12-19,Éric Zemmour,0.95,polymarket
2025-12-20,Éric Zemmour,1.05,polymarket
2025-12-21,Éric Zemmour,1.05,polymarket
2025-12-22,Éric Zemmour,0.9,polymarket
2025-12-23,Éric Zemmour,0.4,polymarket
2025-12-24,Éric Zemmour,0.4,polymarket
2025-12-25,Éric Zemmour,0.3,polymarket
2025-12-26,Éric Zemmour,0.3,polymarket
2025-12-27,Éric Zemmour,0.4,polymarket
2025-12-28,Éric Zemmour,0.4,polymarket
2025-12-29,Éric Zemmour,0.4,polymarket
2025-12-30,Éric Zemmour,0.4,polymarket
2025-12-31,Éric Zemmour,1.5,polymarket
2026-01-01,Éric Zemmour,0.55,polymarket
2026-01-02,Éric Zemmour,0.35,polymarket
2026-01-03,Éric Zemmour,0.4,polymarket
2026-01-04,Éric Zemmour,0.35,polymarket
2026-01-05,Éric Zemmour,0.35,polymarket
2026-01-06,Éric Zemmour,1.1,polymarket
2026-01-07,Éric Zemmour,0.45,polymarket
2026-01-08,Éric Zemmour,0.9,polymarket
2026-01-09,Éric Zemmour,1.05,polymarket
2026-01-10,Éric Zemmour,0.75,polymarket
2026-01-11,Éric Zemmour,0.8,polymarket
2026-01-12,Éric Zemmour,0.8,polymarket
2026-01-13,Éric Zemmour,1.0,polymarket
2026-01-14,Éric Zemmour,0.8,polymarket
2026-01-15,Éric Zemmour,1.4,polymarket
2026-01-16,Éric Zemmour,1.75,polymarket
2026-01-17,Éric Zemmour,1.4,polymarket
2026-01-18,Éric Zemmour,1.5,polymarket
2026-01-19,Éric Zemmour,1.3,polymarket
2026-01-20,Éric Zemmour,1.3,polymarket
2026-01-21,Éric Zemmour,1.1,polymarket
2026-01-22,Éric Zemmour,1.1,polymarket
2026-01-23,Éric Zemmour,1.0,polymarket
2026-01-24,Éric Zemmour,0.95,polymarket
2026-01-25,Éric Zemmour,1.05,polymarket
2026-01-26,Éric Zemmour,1.5,polymarket
2026-01-27,Éric Zemmour,1.55,polymarket
2026-01-28,Éric Zemmour,1.4,polymarket
2026-01-29,Éric Zemmour,1.5,polymarket
2026-01-30,Éric Zemmour,1.4,polymarket
2026-01-31,Éric Zemmour,1.35,polymarket
2026-02-01,Éric Zemmour,1.25,polymarket
2026-02-02,Éric Zemmour,1.3,polymarket
2026-02-03,Éric Zemmour,1.35,polymarket
2026-02-04,Éric Zemmour,1.2,polymarket
2026-02-05,Éric Zemmour,1.3,polymarket
2026-02-06,Éric Zemmour,1.3,polymarket
2026-02-07,Éric Zemmour,1.15,polymarket
2026-02-08,Éric Zemmour,1.1,polymarket
2026-02-09,Éric Zemmour,1.1,polymarket
2026-02-10,Éric Zemmour,1.1,polymarket
2026-02-11,Éric Zemmour,1.05,polymarket
2026-02-12,Éric Zemmour,1.05,polymarket
2026-02-13,Éric Zemmour,1.05,polymarket
2026-02-14,Éric Zemmour,1.05,polymarket
2026-02-15,Éric Zemmour,1.05,polymarket
2026-02-16,Éric Zemmour,0.85,polymarket
2026-02-17,Éric Zemmour,0.95,polymarket
2026-02-18,Éric Zemmour,1.05,polymarket
2026-02-19,Éric Zemmour,0.95,polymarket
2026-02-20,Éric Zemmour,0.9,polymarket
2026-02-21,Éric Zemmour,0.8,polymarket
2026-02-22,Éric Zemmour,0.85,polymarket
2026-02-23,Éric Zemmour,0.65,polymarket
2026-02-24,Éric Zemmour,0.85,polymarket
2026-02-25,Éric Zemmour,0.85,polymarket
2026-02-26,Éric Zemmour,0.85,polymarket
2026-02-27,Éric Zemmour,0.7,polymarket
2026-02-28,Éric Zemmour,0.85,polymarket
2026-03-01,Éric Zemmour,0.85,polymarket
2026-03-02,Éric Zemmour,0.75,polymarket
2026-03-03,Éric Zemmour,0.7,polymarket
2026-03-04,Éric Zemmour,0.7,polymarket
2026-03-05,Éric Zemmour,0.65,polymarket
2026-03-06,Éric Zemmour,0.7,polymarket
2026-03-07,Éric Zemmour,0.65,polymarket
2026-03-08,Éric Zemmour,0.55,polymarket
2026-03-09,Éric Zemmour,0.7,polymarket
2026-03-10,Éric Zemmour,0.65,polymarket
2026-03-11,Éric Zemmour,0.6,polymarket
2026-03-12,Éric Zemmour,0.55,polymarket
2026-03-14,Éric Zemmour,0.65,polymarket
2026-03-17,Éric Zemmour,0.7,polymarket
2026-03-18,Éric Zemmour,0.75,polymarket
2026-03-20,Éric Zemmour,0.75,polymarket
2026-03-21,Éric Zemmour,0.75,polymarket
2026-03-22,Éric Zemmour,0.75,polymarket
2026-03-23,Éric Zemmour,0.65,polymarket
2026-03-24,Éric Zemmour,0.85,polymarket
2026-03-25,Éric Zemmour,0.85,polymarket
2026-03-26,Éric Zemmour,0.75,polymarket
2026-03-27,Éric Zemmour,0.75,polymarket
2026-03-28,Éric Zemmour,0.75,polymarket
2026-03-29,Éric Zemmour,0.85,polymarket
2026-04-05,Éric Zemmour,0.75,polymarket
2026-04-09,Éric Zemmour,0.75,polymarket
2026-04-18,Éric Zemmour,0.85,polymarket
2026-04-22,Éric Zemmour,0.85,polymarket
2026-04-23,Éric Zemmour,0.85,polymarket
2026-04-24,Éric Zemmour,0.85,polymarket
2026-04-25,Éric Zemmour,0.85,polymarket
2026-04-26,Éric Zemmour,0.85,polymarket
2026-04-27,Éric Zemmour,0.85,polymarket
2026-04-28,Éric Zemmour,0.85,polymarket
2026-04-29,Éric Zemmour,1.1,polymarket
2026-04-30,Éric Zemmour,1.05,polymarket
2026-05-01,Éric Zemmour,0.95,polymarket
2026-05-02,Éric Zemmour,1.05,polymarket
2026-05-03,Éric Zemmour,1.05,polymarket
2026-05-04,Éric Zemmour,1.15,polymarket
2026-05-05,Éric Zemmour,0.85,polymarket
2026-05-06,Éric Zemmour,0.85,polymarket
2026-05-07,Éric Zemmour,0.85,polymarket
2026-05-08,Éric Zemmour,0.95,polymarket
2026-05-09,Éric Zemmour,0.95,polymarket
2026-05-10,Éric Zemmour,0.95,polymarket
2026-05-11,Éric Zemmour,1.25,polymarket
2026-05-12,Éric Zemmour,0.95,polymarket
2026-05-13,Éric Zemmour,0.95,polymarket
2026-05-14,Éric Zemmour,0.95,polymarket
2026-05-15,Éric Zemmour,0.95,polymarket
2026-05-16,Éric Zemmour,0.95,polymarket
2026-05-17,Éric Zemmour,0.95,polymarket
2026-05-18,Éric Zemmour,0.95,polymarket
2026-05-19,Éric Zemmour,0.85,polymarket
2026-05-20,Éric Zemmour,0.85,polymarket
2026-05-21,Éric Zemmour,0.85,polymarket
2026-05-22,Éric Zemmour,0.85,polymarket
2026-05-23,Éric Zemmour,0.85,polymarket
2026-05-24,Éric Zemmour,0.85,polymarket
2026-05-25,Éric Zemmour,0.85,polymarket
2026-05-26,Éric Zemmour,0.85,polymarket
2026-05-27,Éric Zemmour,0.85,polymarket
2026-05-28,Éric Zemmour,0.95,polymarket
2026-05-29,Éric Zemmour,0.95,polymarket
2026-05-30,Éric Zemmour,0.95,polymarket
2026-05-31,Éric Zemmour,0.95,polymarket
2026-06-01,Éric Zemmour,0.95,polymarket
2026-06-02,Éric Zemmour,0.85,polymarket
2026-06-03,Éric Zemmour,1.1,polymarket
2026-06-04,Éric Zemmour,1.05,polymarket
2026-06-05,Éric Zemmour,1.05,polymarket
2026-06-06,Éric Zemmour,0.95,polymarket
2026-06-07,Éric Zemmour,0.95,polymarket
2026-06-08,Éric Zemmour,0.95,polymarket
2026-06-09,Éric Zemmour,0.95,polymarket
2026-06-10,Éric Zemmour,0.95,polymarket
2026-06-11,Éric Zemmour,0.95,polymarket
2026-06-12,Éric Zemmour,0.95,polymarket
2026-06-13,Éric Zemmour,0.95,polymarket
2026-06-14,Éric Zemmour,0.95,polymarket
2026-06-15,Éric Zemmour,0.85,polymarket
2026-06-16,Éric Zemmour,0.85,polymarket
2026-06-17,Éric Zemmour,0.75,polymarket
2026-06-18,Éric Zemmour,0.75,polymarket
2026-06-19,Éric Zemmour,0.75,polymarket
2026-06-20,Éric Zemmour,0.75,polymarket
2026-06-21,Éric Zemmour,0.75,polymarket
2026-06-22,Éric Zemmour,0.75,polymarket
2026-06-23,Éric Zemmour,0.75,polymarket
2026-06-24,Éric Zemmour,0.75,polymarket
2026-06-25,Éric Zemmour,0.75,polymarket
2026-06-26,Éric Zemmour,0.75,polymarket
2026-06-27,Éric Zemmour,0.75,polymarket
2026-06-28,Éric Zemmour,0.75,polymarket
2026-06-29,Éric Zemmour,0.75,polymarket
2026-06-30,Éric Zemmour,0.75,polymarket
2026-07-01,Éric Zemmour,0.75,polymarket
2026-07-02,Éric Zemmour,0.75,polymarket
2026-07-03,Éric Zemmour,0.75,polymarket
2026-07-04,Éric Zemmour,0.75,polymarket
2026-07-05,Éric Zemmour,0.75,polymarket
2026-07-06,Éric Zemmour,0.75,polymarket
2026-07-07,Éric Zemmour,0.85,polymarket
2026-07-08,Éric Zemmour,0.85,polymarket
2026-07-09,Éric Zemmour,0.85,polymarket
