section,scenario,hypothesis_id,hypothesis_candidates,pollster,fieldwork_raw,fieldwork_end,sample_size,candidate,candidate_status,percentage,scraped_at
First round,Until March 2025,3,"Bernard Cazeneuve (LC), Bruno Le Maire (RE), Bruno Retailleau, Carole Delga (PS), Edouard Philippe, Eric Zemmour, Fabien Roussel, Francois Ruffin, François Bayrou (MD), François Hollande (PS), Gabriel Attal, Gerald Darmanin, Jean Castex (IND), Jean Lassalle(RES), Jean-Luc Melenchon, Laurent Wauquiez, Marine Le Pen, Marine Tondelier, Michel Barnier (LR), Nathalie Arthaud (LO), Nicolas Dupont-Aignan (DLF), Olivier Faure, Raphael Glucksmann, Sandrine Rousseau (LE), Xavier Bertrand (NF), Yannick Jadot (LE), Yaël Braun-Pivet (RE), Élisabeth Borne (RE)",Ifop,30–31 Mar 2023,2023-03-31,1105,Bruno Le Maire (RE),unknown,18.0,2026-07-07
First round,Until March 2025,3,"Bernard Cazeneuve (LC), Bruno Le Maire (RE), Bruno Retailleau, Carole Delga (PS), Edouard Philippe, Eric Zemmour, Fabien Roussel, Francois Ruffin, François Bayrou (MD), François Hollande (PS), Gabriel Attal, Gerald Darmanin, Jean Castex (IND), Jean Lassalle(RES), Jean-Luc Melenchon, Laurent Wauquiez, Marine Le Pen, Marine Tondelier, Michel Barnier (LR), Nathalie Arthaud (LO), Nicolas Dupont-Aignan (DLF), Olivier Faure, Raphael Glucksmann, Sandrine Rousseau (LE), Xavier Bertrand (NF), Yannick Jadot (LE), Yaël Braun-Pivet (RE), Élisabeth Borne (RE)",Ifop,30–31 Mar 2023,2023-03-31,1105,Edouard Philippe,undeclared,2.5,2026-07-07
First round,Until March 2025,3,"Bernard Cazeneuve (LC), Bruno Le Maire (RE), Bruno Retailleau, Carole Delga (PS), Edouard Philippe, Eric Zemmour, Fabien Roussel, Francois Ruffin, François Bayrou (MD), François Hollande (PS), Gabriel Attal, Gerald Darmanin, Jean Castex (IND), Jean Lassalle(RES), Jean-Luc Melenchon, Laurent Wauquiez, Marine Le Pen, Marine Tondelier, Michel Barnier (LR), Nathalie Arthaud (LO), Nicolas Dupont-Aignan (DLF), Olivier Faure, Raphael Glucksmann, Sandrine Rousseau (LE), Xavier Bertrand (NF), Yannick Jadot (LE), Yaël Braun-Pivet (RE), Élisabeth Borne (RE)",Ifop,30–31 Mar 2023,2023-03-31,1105,Edouard Philippe,undeclared,26.0,2026-07-07
First round,Until March 2025,3,"Bernard Cazeneuve (LC), Bruno Le Maire (RE), Bruno Retailleau, Carole Delga (PS), Edouard Philippe, Eric Zemmour, Fabien Roussel, Francois Ruffin, François Bayrou (MD), François Hollande (PS), Gabriel Attal, Gerald Darmanin, Jean Castex (IND), Jean Lassalle(RES), Jean-Luc Melenchon, Laurent Wauquiez, Marine Le Pen, Marine Tondelier, Michel Barnier (LR), Nathalie Arthaud (LO), Nicolas Dupont-Aignan (DLF), Olivier Faure, Raphael Glucksmann, Sandrine Rousseau (LE), Xavier Bertrand (NF), Yannick Jadot (LE), Yaël Braun-Pivet (RE), Élisabeth Borne (RE)",Ifop,30–31 Mar 2023,2023-03-31,1105,Edouard Philippe,undeclared,28.0,2026-07-07
First round,Until March 2025,3,"Bernard Cazeneuve (LC), Bruno Le Maire (RE), Bruno Retailleau, Carole Delga (PS), Edouard Philippe, Eric Zemmour, Fabien Roussel, Francois Ruffin, François Bayrou (MD), François Hollande (PS), Gabriel Attal, Gerald Darmanin, Jean Castex (IND), Jean Lassalle(RES), Jean-Luc Melenchon, Laurent Wauquiez, Marine Le Pen, Marine Tondelier, Michel Barnier (LR), Nathalie Arthaud (LO), Nicolas Dupont-Aignan (DLF), Olivier Faure, Raphael Glucksmann, Sandrine Rousseau (LE), Xavier Bertrand (NF), Yannick Jadot (LE), Yaël Braun-Pivet (RE), Élisabeth Borne (RE)",Ifop,30–31 Mar 2023,2023-03-31,1105,Edouard Philippe,undeclared,1.5,2026-07-07
First round,Until March 2025,3,"Bernard Cazeneuve (LC), Bruno Le Maire (RE), Bruno Retailleau, Carole Delga (PS), Edouard Philippe, Eric Zemmour, Fabien Roussel, Francois Ruffin, François Bayrou (MD), François Hollande (PS), Gabriel Attal, Gerald Darmanin, Jean Castex (IND), Jean Lassalle(RES), Jean-Luc Melenchon, Laurent Wauquiez, Marine Le Pen, Marine Tondelier, Michel Barnier (LR), Nathalie Arthaud (LO), Nicolas Dupont-Aignan (DLF), Olivier Faure, Raphael Glucksmann, Sandrine Rousseau (LE), Xavier Bertrand (NF), Yannick Jadot (LE), Yaël Braun-Pivet (RE), Élisabeth Borne (RE)",Ifop,30–31 Mar 2023,2023-03-31,1105,Eric Zemmour,undeclared,6.0,2026-07-07
First round,Until March 2025,3,"Bernard Cazeneuve (LC), Bruno Le Maire (RE), Bruno Retailleau, Carole Delga (PS), Edouard Philippe, Eric Zemmour, Fabien Roussel, Francois Ruffin, François Bayrou (MD), François Hollande (PS), Gabriel Attal, Gerald Darmanin, Jean Castex (IND), Jean Lassalle(RES), Jean-Luc Melenchon, Laurent Wauquiez, Marine Le Pen, Marine Tondelier, Michel Barnier (LR), Nathalie Arthaud (LO), Nicolas Dupont-Aignan (DLF), Olivier Faure, Raphael Glucksmann, Sandrine Rousseau (LE), Xavier Bertrand (NF), Yannick Jadot (LE), Yaël Braun-Pivet (RE), Élisabeth Borne (RE)",Ifop,30–31 Mar 2023,2023-03-31,1105,Eric Zemmour,undeclared,7.0,2026-07-07
First round,Until March 2025,3,"Bernard Cazeneuve (LC), Bruno Le Maire (RE), Bruno Retailleau, Carole Delga (PS), Edouard Philippe, Eric Zemmour, Fabien Roussel, Francois Ruffin, François Bayrou (MD), François Hollande (PS), Gabriel Attal, Gerald Darmanin, Jean Castex (IND), Jean Lassalle(RES), Jean-Luc Melenchon, Laurent Wauquiez, Marine Le Pen, Marine Tondelier, Michel Barnier (LR), Nathalie Arthaud (LO), Nicolas Dupont-Aignan (DLF), Olivier Faure, Raphael Glucksmann, Sandrine Rousseau (LE), Xavier Bertrand (NF), Yannick Jadot (LE), Yaël Braun-Pivet (RE), Élisabeth Borne (RE)",Ifop,30–31 Mar 2023,2023-03-31,1105,Fabien Roussel,undeclared,5.0,2026-07-07
First round,Until March 2025,3,"Bernard Cazeneuve (LC), Bruno Le Maire (RE), Bruno Retailleau, Carole Delga (PS), Edouard Philippe, Eric Zemmour, Fabien Roussel, Francois Ruffin, François Bayrou (MD), François Hollande (PS), Gabriel Attal, Gerald Darmanin, Jean Castex (IND), Jean Lassalle(RES), Jean-Luc Melenchon, Laurent Wauquiez, Marine Le Pen, Marine Tondelier, Michel Barnier (LR), Nathalie Arthaud (LO), Nicolas Dupont-Aignan (DLF), Olivier Faure, Raphael Glucksmann, Sandrine Rousseau (LE), Xavier Bertrand (NF), Yannick Jadot (LE), Yaël Braun-Pivet (RE), Élisabeth Borne (RE)",Ifop,30–31 Mar 2023,2023-03-31,1105,Fabien Roussel,undeclared,6.0,2026-07-07
First round,Until March 2025,3,"Bernard Cazeneuve (LC), Bruno Le Maire (RE), Bruno Retailleau, Carole Delga (PS), Edouard Philippe, Eric Zemmour, Fabien Roussel, Francois Ruffin, François Bayrou (MD), François Hollande (PS), Gabriel Attal, Gerald Darmanin, Jean Castex (IND), Jean Lassalle(RES), Jean-Luc Melenchon, Laurent Wauquiez, Marine Le Pen, Marine Tondelier, Michel Barnier (LR), Nathalie Arthaud (LO), Nicolas Dupont-Aignan (DLF), Olivier Faure, Raphael Glucksmann, Sandrine Rousseau (LE), Xavier Bertrand (NF), Yannick Jadot (LE), Yaël Braun-Pivet (RE), Élisabeth Borne (RE)",Ifop,30–31 Mar 2023,2023-03-31,1105,Fabien Roussel,undeclared,6.5,2026-07-07
First round,Until March 2025,3,"Bernard Cazeneuve (LC), Bruno Le Maire (RE), Bruno Retailleau, Carole Delga (PS), Edouard Philippe, Eric Zemmour, Fabien Roussel, Francois Ruffin, François Bayrou (MD), François Hollande (PS), Gabriel Attal, Gerald Darmanin, Jean Castex (IND), Jean Lassalle(RES), Jean-Luc Melenchon, Laurent Wauquiez, Marine Le Pen, Marine Tondelier, Michel Barnier (LR), Nathalie Arthaud (LO), Nicolas Dupont-Aignan (DLF), Olivier Faure, Raphael Glucksmann, Sandrine Rousseau (LE), Xavier Bertrand (NF), Yannick Jadot (LE), Yaël Braun-Pivet (RE), Élisabeth Borne (RE)",Ifop,30–31 Mar 2023,2023-03-31,1105,François Bayrou (MD),unknown,9.0,2026-07-07
First round,Until March 2025,3,"Bernard Cazeneuve (LC), Bruno Le Maire (RE), Bruno Retailleau, Carole Delga (PS), Edouard Philippe, Eric Zemmour, Fabien Roussel, Francois Ruffin, François Bayrou (MD), François Hollande (PS), Gabriel Attal, Gerald Darmanin, Jean Castex (IND), Jean Lassalle(RES), Jean-Luc Melenchon, Laurent Wauquiez, Marine Le Pen, Marine Tondelier, Michel Barnier (LR), Nathalie Arthaud (LO), Nicolas Dupont-Aignan (DLF), Olivier Faure, Raphael Glucksmann, Sandrine Rousseau (LE), Xavier Bertrand (NF), Yannick Jadot (LE), Yaël Braun-Pivet (RE), Élisabeth Borne (RE)",Ifop,30–31 Mar 2023,2023-03-31,1105,Gerald Darmanin,undeclared,11.0,2026-07-07
First round,Until March 2025,3,"Bernard Cazeneuve (LC), Bruno Le Maire (RE), Bruno Retailleau, Carole Delga (PS), Edouard Philippe, Eric Zemmour, Fabien Roussel, Francois Ruffin, François Bayrou (MD), François Hollande (PS), Gabriel Attal, Gerald Darmanin, Jean Castex (IND), Jean Lassalle(RES), Jean-Luc Melenchon, Laurent Wauquiez, Marine Le Pen, Marine Tondelier, Michel Barnier (LR), Nathalie Arthaud (LO), Nicolas Dupont-Aignan (DLF), Olivier Faure, Raphael Glucksmann, Sandrine Rousseau (LE), Xavier Bertrand (NF), Yannick Jadot (LE), Yaël Braun-Pivet (RE), Élisabeth Borne (RE)",Ifop,30–31 Mar 2023,2023-03-31,1105,Jean Lassalle(RES),unknown,2.0,2026-07-07
First round,Until March 2025,3,"Bernard Cazeneuve (LC), Bruno Le Maire (RE), Bruno Retailleau, Carole Delga (PS), Edouard Philippe, Eric Zemmour, Fabien Roussel, Francois Ruffin, François Bayrou (MD), François Hollande (PS), Gabriel Attal, Gerald Darmanin, Jean Castex (IND), Jean Lassalle(RES), Jean-Luc Melenchon, Laurent Wauquiez, Marine Le Pen, Marine Tondelier, Michel Barnier (LR), Nathalie Arthaud (LO), Nicolas Dupont-Aignan (DLF), Olivier Faure, Raphael Glucksmann, Sandrine Rousseau (LE), Xavier Bertrand (NF), Yannick Jadot (LE), Yaël Braun-Pivet (RE), Élisabeth Borne (RE)",Ifop,30–31 Mar 2023,2023-03-31,1105,Jean Lassalle(RES),unknown,2.5,2026-07-07
First round,Until March 2025,3,"Bernard Cazeneuve (LC), Bruno Le Maire (RE), Bruno Retailleau, Carole Delga (PS), Edouard Philippe, Eric Zemmour, Fabien Roussel, Francois Ruffin, François Bayrou (MD), François Hollande (PS), Gabriel Attal, Gerald Darmanin, Jean Castex (IND), Jean Lassalle(RES), Jean-Luc Melenchon, Laurent Wauquiez, Marine Le Pen, Marine Tondelier, Michel Barnier (LR), Nathalie Arthaud (LO), Nicolas Dupont-Aignan (DLF), Olivier Faure, Raphael Glucksmann, Sandrine Rousseau (LE), Xavier Bertrand (NF), Yannick Jadot (LE), Yaël Braun-Pivet (RE), Élisabeth Borne (RE)",Ifop,30–31 Mar 2023,2023-03-31,1105,Jean Lassalle(RES),unknown,3.0,2026-07-07
First round,Until March 2025,3,"Bernard Cazeneuve (LC), Bruno Le Maire (RE), Bruno Retailleau, Carole Delga (PS), Edouard Philippe, Eric Zemmour, Fabien Roussel, Francois Ruffin, François Bayrou (MD), François Hollande (PS), Gabriel Attal, Gerald Darmanin, Jean Castex (IND), Jean Lassalle(RES), Jean-Luc Melenchon, Laurent Wauquiez, Marine Le Pen, Marine Tondelier, Michel Barnier (LR), Nathalie Arthaud (LO), Nicolas Dupont-Aignan (DLF), Olivier Faure, Raphael Glucksmann, Sandrine Rousseau (LE), Xavier Bertrand (NF), Yannick Jadot (LE), Yaël Braun-Pivet (RE), Élisabeth Borne (RE)",Ifop,30–31 Mar 2023,2023-03-31,1105,Jean-Luc Melenchon,undeclared,17.0,2026-07-07
First round,Until March 2025,3,"Bernard Cazeneuve (LC), Bruno Le Maire (RE), Bruno Retailleau, Carole Delga (PS), Edouard Philippe, Eric Zemmour, Fabien Roussel, Francois Ruffin, François Bayrou (MD), François Hollande (PS), Gabriel Attal, Gerald Darmanin, Jean Castex (IND), Jean Lassalle(RES), Jean-Luc Melenchon, Laurent Wauquiez, Marine Le Pen, Marine Tondelier, Michel Barnier (LR), Nathalie Arthaud (LO), Nicolas Dupont-Aignan (DLF), Olivier Faure, Raphael Glucksmann, Sandrine Rousseau (LE), Xavier Bertrand (NF), Yannick Jadot (LE), Yaël Braun-Pivet (RE), Élisabeth Borne (RE)",Ifop,30–31 Mar 2023,2023-03-31,1105,Jean-Luc Melenchon,undeclared,22.0,2026-07-07
First round,Until March 2025,3,"Bernard Cazeneuve (LC), Bruno Le Maire (RE), Bruno Retailleau, Carole Delga (PS), Edouard Philippe, Eric Zemmour, Fabien Roussel, Francois Ruffin, François Bayrou (MD), François Hollande (PS), Gabriel Attal, Gerald Darmanin, Jean Castex (IND), Jean Lassalle(RES), Jean-Luc Melenchon, Laurent Wauquiez, Marine Le Pen, Marine Tondelier, Michel Barnier (LR), Nathalie Arthaud (LO), Nicolas Dupont-Aignan (DLF), Olivier Faure, Raphael Glucksmann, Sandrine Rousseau (LE), Xavier Bertrand (NF), Yannick Jadot (LE), Yaël Braun-Pivet (RE), Élisabeth Borne (RE)",Ifop,30–31 Mar 2023,2023-03-31,1105,Jean-Luc Melenchon,undeclared,20.0,2026-07-07
First round,Until March 2025,3,"Bernard Cazeneuve (LC), Bruno Le Maire (RE), Bruno Retailleau, Carole Delga (PS), Edouard Philippe, Eric Zemmour, Fabien Roussel, Francois Ruffin, François Bayrou (MD), François Hollande (PS), Gabriel Attal, Gerald Darmanin, Jean Castex (IND), Jean Lassalle(RES), Jean-Luc Melenchon, Laurent Wauquiez, Marine Le Pen, Marine Tondelier, Michel Barnier (LR), Nathalie Arthaud (LO), Nicolas Dupont-Aignan (DLF), Olivier Faure, Raphael Glucksmann, Sandrine Rousseau (LE), Xavier Bertrand (NF), Yannick Jadot (LE), Yaël Braun-Pivet (RE), Élisabeth Borne (RE)",Ifop,30–31 Mar 2023,2023-03-31,1105,Laurent Wauquiez,undeclared,5.0,2026-07-07
First round,Until March 2025,3,"Bernard Cazeneuve (LC), Bruno Le Maire (RE), Bruno Retailleau, Carole Delga (PS), Edouard Philippe, Eric Zemmour, Fabien Roussel, Francois Ruffin, François Bayrou (MD), François Hollande (PS), Gabriel Attal, Gerald Darmanin, Jean Castex (IND), Jean Lassalle(RES), Jean-Luc Melenchon, Laurent Wauquiez, Marine Le Pen, Marine Tondelier, Michel Barnier (LR), Nathalie Arthaud (LO), Nicolas Dupont-Aignan (DLF), Olivier Faure, Raphael Glucksmann, Sandrine Rousseau (LE), Xavier Bertrand (NF), Yannick Jadot (LE), Yaël Braun-Pivet (RE), Élisabeth Borne (RE)",Ifop,30–31 Mar 2023,2023-03-31,1105,Laurent Wauquiez,undeclared,4.0,2026-07-07
First round,Until March 2025,3,"Bernard Cazeneuve (LC), Bruno Le Maire (RE), Bruno Retailleau, Carole Delga (PS), Edouard Philippe, Eric Zemmour, Fabien Roussel, Francois Ruffin, François Bayrou (MD), François Hollande (PS), Gabriel Attal, Gerald Darmanin, Jean Castex (IND), Jean Lassalle(RES), Jean-Luc Melenchon, Laurent Wauquiez, Marine Le Pen, Marine Tondelier, Michel Barnier (LR), Nathalie Arthaud (LO), Nicolas Dupont-Aignan (DLF), Olivier Faure, Raphael Glucksmann, Sandrine Rousseau (LE), Xavier Bertrand (NF), Yannick Jadot (LE), Yaël Braun-Pivet (RE), Élisabeth Borne (RE)",Ifop,30–31 Mar 2023,2023-03-31,1105,Laurent Wauquiez,undeclared,6.0,2026-07-07
First round,Until March 2025,3,"Bernard Cazeneuve (LC), Bruno Le Maire (RE), Bruno Retailleau, Carole Delga (PS), Edouard Philippe, Eric Zemmour, Fabien Roussel, Francois Ruffin, François Bayrou (MD), François Hollande (PS), Gabriel Attal, Gerald Darmanin, Jean Castex (IND), Jean Lassalle(RES), Jean-Luc Melenchon, Laurent Wauquiez, Marine Le Pen, Marine Tondelier, Michel Barnier (LR), Nathalie Arthaud (LO), Nicolas Dupont-Aignan (DLF), Olivier Faure, Raphael Glucksmann, Sandrine Rousseau (LE), Xavier Bertrand (NF), Yannick Jadot (LE), Yaël Braun-Pivet (RE), Élisabeth Borne (RE)",Ifop,30–31 Mar 2023,2023-03-31,1105,Laurent Wauquiez,undeclared,8.0,2026-07-07
First round,Until March 2025,3,"Bernard Cazeneuve (LC), Bruno Le Maire (RE), Bruno Retailleau, Carole Delga (PS), Edouard Philippe, Eric Zemmour, Fabien Roussel, Francois Ruffin, François Bayrou (MD), François Hollande (PS), Gabriel Attal, Gerald Darmanin, Jean Castex (IND), Jean Lassalle(RES), Jean-Luc Melenchon, Laurent Wauquiez, Marine Le Pen, Marine Tondelier, Michel Barnier (LR), Nathalie Arthaud (LO), Nicolas Dupont-Aignan (DLF), Olivier Faure, Raphael Glucksmann, Sandrine Rousseau (LE), Xavier Bertrand (NF), Yannick Jadot (LE), Yaël Braun-Pivet (RE), Élisabeth Borne (RE)",Ifop,30–31 Mar 2023,2023-03-31,1105,Laurent Wauquiez,undeclared,10.0,2026-07-07
First round,Until March 2025,3,"Bernard Cazeneuve (LC), Bruno Le Maire (RE), Bruno Retailleau, Carole Delga (PS), Edouard Philippe, Eric Zemmour, Fabien Roussel, Francois Ruffin, François Bayrou (MD), François Hollande (PS), Gabriel Attal, Gerald Darmanin, Jean Castex (IND), Jean Lassalle(RES), Jean-Luc Melenchon, Laurent Wauquiez, Marine Le Pen, Marine Tondelier, Michel Barnier (LR), Nathalie Arthaud (LO), Nicolas Dupont-Aignan (DLF), Olivier Faure, Raphael Glucksmann, Sandrine Rousseau (LE), Xavier Bertrand (NF), Yannick Jadot (LE), Yaël Braun-Pivet (RE), Élisabeth Borne (RE)",Ifop,30–31 Mar 2023,2023-03-31,1105,Marine Le Pen,candidate,29.0,2026-07-07
First round,Until March 2025,3,"Bernard Cazeneuve (LC), Bruno Le Maire (RE), Bruno Retailleau, Carole Delga (PS), Edouard Philippe, Eric Zemmour, Fabien Roussel, Francois Ruffin, François Bayrou (MD), François Hollande (PS), Gabriel Attal, Gerald Darmanin, Jean Castex (IND), Jean Lassalle(RES), Jean-Luc Melenchon, Laurent Wauquiez, Marine Le Pen, Marine Tondelier, Michel Barnier (LR), Nathalie Arthaud (LO), Nicolas Dupont-Aignan (DLF), Olivier Faure, Raphael Glucksmann, Sandrine Rousseau (LE), Xavier Bertrand (NF), Yannick Jadot (LE), Yaël Braun-Pivet (RE), Élisabeth Borne (RE)",Ifop,30–31 Mar 2023,2023-03-31,1105,Marine Le Pen,candidate,31.0,2026-07-07
First round,Until March 2025,3,"Bernard Cazeneuve (LC), Bruno Le Maire (RE), Bruno Retailleau, Carole Delga (PS), Edouard Philippe, Eric Zemmour, Fabien Roussel, Francois Ruffin, François Bayrou (MD), François Hollande (PS), Gabriel Attal, Gerald Darmanin, Jean Castex (IND), Jean Lassalle(RES), Jean-Luc Melenchon, Laurent Wauquiez, Marine Le Pen, Marine Tondelier, Michel Barnier (LR), Nathalie Arthaud (LO), Nicolas Dupont-Aignan (DLF), Olivier Faure, Raphael Glucksmann, Sandrine Rousseau (LE), Xavier Bertrand (NF), Yannick Jadot (LE), Yaël Braun-Pivet (RE), Élisabeth Borne (RE)",Ifop,30–31 Mar 2023,2023-03-31,1105,Marine Le Pen,candidate,32.0,2026-07-07
First round,Until March 2025,3,"Bernard Cazeneuve (LC), Bruno Le Maire (RE), Bruno Retailleau, Carole Delga (PS), Edouard Philippe, Eric Zemmour, Fabien Roussel, Francois Ruffin, François Bayrou (MD), François Hollande (PS), Gabriel Attal, Gerald Darmanin, Jean Castex (IND), Jean Lassalle(RES), Jean-Luc Melenchon, Laurent Wauquiez, Marine Le Pen, Marine Tondelier, Michel Barnier (LR), Nathalie Arthaud (LO), Nicolas Dupont-Aignan (DLF), Olivier Faure, Raphael Glucksmann, Sandrine Rousseau (LE), Xavier Bertrand (NF), Yannick Jadot (LE), Yaël Braun-Pivet (RE), Élisabeth Borne (RE)",Ifop,30–31 Mar 2023,2023-03-31,1105,Marine Le Pen,candidate,35.0,2026-07-07
First round,Until March 2025,3,"Bernard Cazeneuve (LC), Bruno Le Maire (RE), Bruno Retailleau, Carole Delga (PS), Edouard Philippe, Eric Zemmour, Fabien Roussel, Francois Ruffin, François Bayrou (MD), François Hollande (PS), Gabriel Attal, Gerald Darmanin, Jean Castex (IND), Jean Lassalle(RES), Jean-Luc Melenchon, Laurent Wauquiez, Marine Le Pen, Marine Tondelier, Michel Barnier (LR), Nathalie Arthaud (LO), Nicolas Dupont-Aignan (DLF), Olivier Faure, Raphael Glucksmann, Sandrine Rousseau (LE), Xavier Bertrand (NF), Yannick Jadot (LE), Yaël Braun-Pivet (RE), Élisabeth Borne (RE)",Ifop,30–31 Mar 2023,2023-03-31,1105,Marine Le Pen,candidate,36.0,2026-07-07
First round,Until March 2025,3,"Bernard Cazeneuve (LC), Bruno Le Maire (RE), Bruno Retailleau, Carole Delga (PS), Edouard Philippe, Eric Zemmour, Fabien Roussel, Francois Ruffin, François Bayrou (MD), François Hollande (PS), Gabriel Attal, Gerald Darmanin, Jean Castex (IND), Jean Lassalle(RES), Jean-Luc Melenchon, Laurent Wauquiez, Marine Le Pen, Marine Tondelier, Michel Barnier (LR), Nathalie Arthaud (LO), Nicolas Dupont-Aignan (DLF), Olivier Faure, Raphael Glucksmann, Sandrine Rousseau (LE), Xavier Bertrand (NF), Yannick Jadot (LE), Yaël Braun-Pivet (RE), Élisabeth Borne (RE)",Ifop,30–31 Mar 2023,2023-03-31,1105,Marine Tondelier,undeclared,1.0,2026-07-07
First round,Until March 2025,3,"Bernard Cazeneuve (LC), Bruno Le Maire (RE), Bruno Retailleau, Carole Delga (PS), Edouard Philippe, Eric Zemmour, Fabien Roussel, Francois Ruffin, François Bayrou (MD), François Hollande (PS), Gabriel Attal, Gerald Darmanin, Jean Castex (IND), Jean Lassalle(RES), Jean-Luc Melenchon, Laurent Wauquiez, Marine Le Pen, Marine Tondelier, Michel Barnier (LR), Nathalie Arthaud (LO), Nicolas Dupont-Aignan (DLF), Olivier Faure, Raphael Glucksmann, Sandrine Rousseau (LE), Xavier Bertrand (NF), Yannick Jadot (LE), Yaël Braun-Pivet (RE), Élisabeth Borne (RE)",Ifop,30–31 Mar 2023,2023-03-31,1105,Marine Tondelier,undeclared,2.0,2026-07-07
First round,Until March 2025,3,"Bernard Cazeneuve (LC), Bruno Le Maire (RE), Bruno Retailleau, Carole Delga (PS), Edouard Philippe, Eric Zemmour, Fabien Roussel, Francois Ruffin, François Bayrou (MD), François Hollande (PS), Gabriel Attal, Gerald Darmanin, Jean Castex (IND), Jean Lassalle(RES), Jean-Luc Melenchon, Laurent Wauquiez, Marine Le Pen, Marine Tondelier, Michel Barnier (LR), Nathalie Arthaud (LO), Nicolas Dupont-Aignan (DLF), Olivier Faure, Raphael Glucksmann, Sandrine Rousseau (LE), Xavier Bertrand (NF), Yannick Jadot (LE), Yaël Braun-Pivet (RE), Élisabeth Borne (RE)",Ifop,30–31 Mar 2023,2023-03-31,1105,Nathalie Arthaud (LO),unknown,1.0,2026-07-07
First round,Until March 2025,3,"Bernard Cazeneuve (LC), Bruno Le Maire (RE), Bruno Retailleau, Carole Delga (PS), Edouard Philippe, Eric Zemmour, Fabien Roussel, Francois Ruffin, François Bayrou (MD), François Hollande (PS), Gabriel Attal, Gerald Darmanin, Jean Castex (IND), Jean Lassalle(RES), Jean-Luc Melenchon, Laurent Wauquiez, Marine Le Pen, Marine Tondelier, Michel Barnier (LR), Nathalie Arthaud (LO), Nicolas Dupont-Aignan (DLF), Olivier Faure, Raphael Glucksmann, Sandrine Rousseau (LE), Xavier Bertrand (NF), Yannick Jadot (LE), Yaël Braun-Pivet (RE), Élisabeth Borne (RE)",Ifop,30–31 Mar 2023,2023-03-31,1105,Nathalie Arthaud (LO),unknown,0.5,2026-07-07
First round,Until March 2025,3,"Bernard Cazeneuve (LC), Bruno Le Maire (RE), Bruno Retailleau, Carole Delga (PS), Edouard Philippe, Eric Zemmour, Fabien Roussel, Francois Ruffin, François Bayrou (MD), François Hollande (PS), Gabriel Attal, Gerald Darmanin, Jean Castex (IND), Jean Lassalle(RES), Jean-Luc Melenchon, Laurent Wauquiez, Marine Le Pen, Marine Tondelier, Michel Barnier (LR), Nathalie Arthaud (LO), Nicolas Dupont-Aignan (DLF), Olivier Faure, Raphael Glucksmann, Sandrine Rousseau (LE), Xavier Bertrand (NF), Yannick Jadot (LE), Yaël Braun-Pivet (RE), Élisabeth Borne (RE)",Ifop,30–31 Mar 2023,2023-03-31,1105,Nicolas Dupont-Aignan (DLF),unknown,2.5,2026-07-07
First round,Until March 2025,3,"Bernard Cazeneuve (LC), Bruno Le Maire (RE), Bruno Retailleau, Carole Delga (PS), Edouard Philippe, Eric Zemmour, Fabien Roussel, Francois Ruffin, François Bayrou (MD), François Hollande (PS), Gabriel Attal, Gerald Darmanin, Jean Castex (IND), Jean Lassalle(RES), Jean-Luc Melenchon, Laurent Wauquiez, Marine Le Pen, Marine Tondelier, Michel Barnier (LR), Nathalie Arthaud (LO), Nicolas Dupont-Aignan (DLF), Olivier Faure, Raphael Glucksmann, Sandrine Rousseau (LE), Xavier Bertrand (NF), Yannick Jadot (LE), Yaël Braun-Pivet (RE), Élisabeth Borne (RE)",Ifop,30–31 Mar 2023,2023-03-31,1105,Nicolas Dupont-Aignan (DLF),unknown,3.0,2026-07-07
First round,Until March 2025,3,"Bernard Cazeneuve (LC), Bruno Le Maire (RE), Bruno Retailleau, Carole Delga (PS), Edouard Philippe, Eric Zemmour, Fabien Roussel, Francois Ruffin, François Bayrou (MD), François Hollande (PS), Gabriel Attal, Gerald Darmanin, Jean Castex (IND), Jean Lassalle(RES), Jean-Luc Melenchon, Laurent Wauquiez, Marine Le Pen, Marine Tondelier, Michel Barnier (LR), Nathalie Arthaud (LO), Nicolas Dupont-Aignan (DLF), Olivier Faure, Raphael Glucksmann, Sandrine Rousseau (LE), Xavier Bertrand (NF), Yannick Jadot (LE), Yaël Braun-Pivet (RE), Élisabeth Borne (RE)",Ifop,30–31 Mar 2023,2023-03-31,1105,Nicolas Dupont-Aignan (DLF),unknown,4.0,2026-07-07
First round,Until March 2025,3,"Bernard Cazeneuve (LC), Bruno Le Maire (RE), Bruno Retailleau, Carole Delga (PS), Edouard Philippe, Eric Zemmour, Fabien Roussel, Francois Ruffin, François Bayrou (MD), François Hollande (PS), Gabriel Attal, Gerald Darmanin, Jean Castex (IND), Jean Lassalle(RES), Jean-Luc Melenchon, Laurent Wauquiez, Marine Le Pen, Marine Tondelier, Michel Barnier (LR), Nathalie Arthaud (LO), Nicolas Dupont-Aignan (DLF), Olivier Faure, Raphael Glucksmann, Sandrine Rousseau (LE), Xavier Bertrand (NF), Yannick Jadot (LE), Yaël Braun-Pivet (RE), Élisabeth Borne (RE)",Ifop,30–31 Mar 2023,2023-03-31,1105,Olivier Faure,undeclared,3.0,2026-07-07
First round,Until March 2025,3,"Bernard Cazeneuve (LC), Bruno Le Maire (RE), Bruno Retailleau, Carole Delga (PS), Edouard Philippe, Eric Zemmour, Fabien Roussel, Francois Ruffin, François Bayrou (MD), François Hollande (PS), Gabriel Attal, Gerald Darmanin, Jean Castex (IND), Jean Lassalle(RES), Jean-Luc Melenchon, Laurent Wauquiez, Marine Le Pen, Marine Tondelier, Michel Barnier (LR), Nathalie Arthaud (LO), Nicolas Dupont-Aignan (DLF), Olivier Faure, Raphael Glucksmann, Sandrine Rousseau (LE), Xavier Bertrand (NF), Yannick Jadot (LE), Yaël Braun-Pivet (RE), Élisabeth Borne (RE)",Ifop,30–31 Mar 2023,2023-03-31,1105,Olivier Faure,undeclared,2.0,2026-07-07
First round,Until March 2025,3,"Bernard Cazeneuve (LC), Bruno Le Maire (RE), Bruno Retailleau, Carole Delga (PS), Edouard Philippe, Eric Zemmour, Fabien Roussel, Francois Ruffin, François Bayrou (MD), François Hollande (PS), Gabriel Attal, Gerald Darmanin, Jean Castex (IND), Jean Lassalle(RES), Jean-Luc Melenchon, Laurent Wauquiez, Marine Le Pen, Marine Tondelier, Michel Barnier (LR), Nathalie Arthaud (LO), Nicolas Dupont-Aignan (DLF), Olivier Faure, Raphael Glucksmann, Sandrine Rousseau (LE), Xavier Bertrand (NF), Yannick Jadot (LE), Yaël Braun-Pivet (RE), Élisabeth Borne (RE)",Harris Interactive,6–7 Apr 2023,2023-04-07,1320,Bernard Cazeneuve (LC),unknown,5.0,2026-07-07
First round,Until March 2025,3,"Bernard Cazeneuve (LC), Bruno Le Maire (RE), Bruno Retailleau, Carole Delga (PS), Edouard Philippe, Eric Zemmour, Fabien Roussel, Francois Ruffin, François Bayrou (MD), François Hollande (PS), Gabriel Attal, Gerald Darmanin, Jean Castex (IND), Jean Lassalle(RES), Jean-Luc Melenchon, Laurent Wauquiez, Marine Le Pen, Marine Tondelier, Michel Barnier (LR), Nathalie Arthaud (LO), Nicolas Dupont-Aignan (DLF), Olivier Faure, Raphael Glucksmann, Sandrine Rousseau (LE), Xavier Bertrand (NF), Yannick Jadot (LE), Yaël Braun-Pivet (RE), Élisabeth Borne (RE)",Harris Interactive,6–7 Apr 2023,2023-04-07,1320,Bernard Cazeneuve (LC),unknown,7.0,2026-07-07
First round,Until March 2025,3,"Bernard Cazeneuve (LC), Bruno Le Maire (RE), Bruno Retailleau, Carole Delga (PS), Edouard Philippe, Eric Zemmour, Fabien Roussel, Francois Ruffin, François Bayrou (MD), François Hollande (PS), Gabriel Attal, Gerald Darmanin, Jean Castex (IND), Jean Lassalle(RES), Jean-Luc Melenchon, Laurent Wauquiez, Marine Le Pen, Marine Tondelier, Michel Barnier (LR), Nathalie Arthaud (LO), Nicolas Dupont-Aignan (DLF), Olivier Faure, Raphael Glucksmann, Sandrine Rousseau (LE), Xavier Bertrand (NF), Yannick Jadot (LE), Yaël Braun-Pivet (RE), Élisabeth Borne (RE)",Harris Interactive,6–7 Apr 2023,2023-04-07,1320,Bernard Cazeneuve (LC),unknown,8.0,2026-07-07
First round,Until March 2025,3,"Bernard Cazeneuve (LC), Bruno Le Maire (RE), Bruno Retailleau, Carole Delga (PS), Edouard Philippe, Eric Zemmour, Fabien Roussel, Francois Ruffin, François Bayrou (MD), François Hollande (PS), Gabriel Attal, Gerald Darmanin, Jean Castex (IND), Jean Lassalle(RES), Jean-Luc Melenchon, Laurent Wauquiez, Marine Le Pen, Marine Tondelier, Michel Barnier (LR), Nathalie Arthaud (LO), Nicolas Dupont-Aignan (DLF), Olivier Faure, Raphael Glucksmann, Sandrine Rousseau (LE), Xavier Bertrand (NF), Yannick Jadot (LE), Yaël Braun-Pivet (RE), Élisabeth Borne (RE)",Harris Interactive,6–7 Apr 2023,2023-04-07,1320,Bruno Le Maire (RE),unknown,16.0,2026-07-07
First round,Until March 2025,3,"Bernard Cazeneuve (LC), Bruno Le Maire (RE), Bruno Retailleau, Carole Delga (PS), Edouard Philippe, Eric Zemmour, Fabien Roussel, Francois Ruffin, François Bayrou (MD), François Hollande (PS), Gabriel Attal, Gerald Darmanin, Jean Castex (IND), Jean Lassalle(RES), Jean-Luc Melenchon, Laurent Wauquiez, Marine Le Pen, Marine Tondelier, Michel Barnier (LR), Nathalie Arthaud (LO), Nicolas Dupont-Aignan (DLF), Olivier Faure, Raphael Glucksmann, Sandrine Rousseau (LE), Xavier Bertrand (NF), Yannick Jadot (LE), Yaël Braun-Pivet (RE), Élisabeth Borne (RE)",Harris Interactive,6–7 Apr 2023,2023-04-07,1320,Carole Delga (PS),unknown,3.0,2026-07-07
First round,Until March 2025,3,"Bernard Cazeneuve (LC), Bruno Le Maire (RE), Bruno Retailleau, Carole Delga (PS), Edouard Philippe, Eric Zemmour, Fabien Roussel, Francois Ruffin, François Bayrou (MD), François Hollande (PS), Gabriel Attal, Gerald Darmanin, Jean Castex (IND), Jean Lassalle(RES), Jean-Luc Melenchon, Laurent Wauquiez, Marine Le Pen, Marine Tondelier, Michel Barnier (LR), Nathalie Arthaud (LO), Nicolas Dupont-Aignan (DLF), Olivier Faure, Raphael Glucksmann, Sandrine Rousseau (LE), Xavier Bertrand (NF), Yannick Jadot (LE), Yaël Braun-Pivet (RE), Élisabeth Borne (RE)",Harris Interactive,6–7 Apr 2023,2023-04-07,1320,Edouard Philippe,undeclared,1.0,2026-07-07
First round,Until March 2025,3,"Bernard Cazeneuve (LC), Bruno Le Maire (RE), Bruno Retailleau, Carole Delga (PS), Edouard Philippe, Eric Zemmour, Fabien Roussel, Francois Ruffin, François Bayrou (MD), François Hollande (PS), Gabriel Attal, Gerald Darmanin, Jean Castex (IND), Jean Lassalle(RES), Jean-Luc Melenchon, Laurent Wauquiez, Marine Le Pen, Marine Tondelier, Michel Barnier (LR), Nathalie Arthaud (LO), Nicolas Dupont-Aignan (DLF), Olivier Faure, Raphael Glucksmann, Sandrine Rousseau (LE), Xavier Bertrand (NF), Yannick Jadot (LE), Yaël Braun-Pivet (RE), Élisabeth Borne (RE)",Harris Interactive,6–7 Apr 2023,2023-04-07,1320,Edouard Philippe,undeclared,24.0,2026-07-07
First round,Until March 2025,3,"Bernard Cazeneuve (LC), Bruno Le Maire (RE), Bruno Retailleau, Carole Delga (PS), Edouard Philippe, Eric Zemmour, Fabien Roussel, Francois Ruffin, François Bayrou (MD), François Hollande (PS), Gabriel Attal, Gerald Darmanin, Jean Castex (IND), Jean Lassalle(RES), Jean-Luc Melenchon, Laurent Wauquiez, Marine Le Pen, Marine Tondelier, Michel Barnier (LR), Nathalie Arthaud (LO), Nicolas Dupont-Aignan (DLF), Olivier Faure, Raphael Glucksmann, Sandrine Rousseau (LE), Xavier Bertrand (NF), Yannick Jadot (LE), Yaël Braun-Pivet (RE), Élisabeth Borne (RE)",Harris Interactive,6–7 Apr 2023,2023-04-07,1320,Eric Zemmour,undeclared,7.0,2026-07-07
First round,Until March 2025,3,"Bernard Cazeneuve (LC), Bruno Le Maire (RE), Bruno Retailleau, Carole Delga (PS), Edouard Philippe, Eric Zemmour, Fabien Roussel, Francois Ruffin, François Bayrou (MD), François Hollande (PS), Gabriel Attal, Gerald Darmanin, Jean Castex (IND), Jean Lassalle(RES), Jean-Luc Melenchon, Laurent Wauquiez, Marine Le Pen, Marine Tondelier, Michel Barnier (LR), Nathalie Arthaud (LO), Nicolas Dupont-Aignan (DLF), Olivier Faure, Raphael Glucksmann, Sandrine Rousseau (LE), Xavier Bertrand (NF), Yannick Jadot (LE), Yaël Braun-Pivet (RE), Élisabeth Borne (RE)",Harris Interactive,6–7 Apr 2023,2023-04-07,1320,Eric Zemmour,undeclared,8.0,2026-07-07
First round,Until March 2025,3,"Bernard Cazeneuve (LC), Bruno Le Maire (RE), Bruno Retailleau, Carole Delga (PS), Edouard Philippe, Eric Zemmour, Fabien Roussel, Francois Ruffin, François Bayrou (MD), François Hollande (PS), Gabriel Attal, Gerald Darmanin, Jean Castex (IND), Jean Lassalle(RES), Jean-Luc Melenchon, Laurent Wauquiez, Marine Le Pen, Marine Tondelier, Michel Barnier (LR), Nathalie Arthaud (LO), Nicolas Dupont-Aignan (DLF), Olivier Faure, Raphael Glucksmann, Sandrine Rousseau (LE), Xavier Bertrand (NF), Yannick Jadot (LE), Yaël Braun-Pivet (RE), Élisabeth Borne (RE)",Harris Interactive,6–7 Apr 2023,2023-04-07,1320,Fabien Roussel,undeclared,4.0,2026-07-07
First round,Until March 2025,3,"Bernard Cazeneuve (LC), Bruno Le Maire (RE), Bruno Retailleau, Carole Delga (PS), Edouard Philippe, Eric Zemmour, Fabien Roussel, Francois Ruffin, François Bayrou (MD), François Hollande (PS), Gabriel Attal, Gerald Darmanin, Jean Castex (IND), Jean Lassalle(RES), Jean-Luc Melenchon, Laurent Wauquiez, Marine Le Pen, Marine Tondelier, Michel Barnier (LR), Nathalie Arthaud (LO), Nicolas Dupont-Aignan (DLF), Olivier Faure, Raphael Glucksmann, Sandrine Rousseau (LE), Xavier Bertrand (NF), Yannick Jadot (LE), Yaël Braun-Pivet (RE), Élisabeth Borne (RE)",Harris Interactive,6–7 Apr 2023,2023-04-07,1320,Fabien Roussel,undeclared,5.0,2026-07-07
First round,Until March 2025,3,"Bernard Cazeneuve (LC), Bruno Le Maire (RE), Bruno Retailleau, Carole Delga (PS), Edouard Philippe, Eric Zemmour, Fabien Roussel, Francois Ruffin, François Bayrou (MD), François Hollande (PS), Gabriel Attal, Gerald Darmanin, Jean Castex (IND), Jean Lassalle(RES), Jean-Luc Melenchon, Laurent Wauquiez, Marine Le Pen, Marine Tondelier, Michel Barnier (LR), Nathalie Arthaud (LO), Nicolas Dupont-Aignan (DLF), Olivier Faure, Raphael Glucksmann, Sandrine Rousseau (LE), Xavier Bertrand (NF), Yannick Jadot (LE), Yaël Braun-Pivet (RE), Élisabeth Borne (RE)",Harris Interactive,6–7 Apr 2023,2023-04-07,1320,Gerald Darmanin,undeclared,10.0,2026-07-07
First round,Until March 2025,3,"Bernard Cazeneuve (LC), Bruno Le Maire (RE), Bruno Retailleau, Carole Delga (PS), Edouard Philippe, Eric Zemmour, Fabien Roussel, Francois Ruffin, François Bayrou (MD), François Hollande (PS), Gabriel Attal, Gerald Darmanin, Jean Castex (IND), Jean Lassalle(RES), Jean-Luc Melenchon, Laurent Wauquiez, Marine Le Pen, Marine Tondelier, Michel Barnier (LR), Nathalie Arthaud (LO), Nicolas Dupont-Aignan (DLF), Olivier Faure, Raphael Glucksmann, Sandrine Rousseau (LE), Xavier Bertrand (NF), Yannick Jadot (LE), Yaël Braun-Pivet (RE), Élisabeth Borne (RE)",Harris Interactive,6–7 Apr 2023,2023-04-07,1320,Jean-Luc Melenchon,undeclared,16.0,2026-07-07
First round,Until March 2025,3,"Bernard Cazeneuve (LC), Bruno Le Maire (RE), Bruno Retailleau, Carole Delga (PS), Edouard Philippe, Eric Zemmour, Fabien Roussel, Francois Ruffin, François Bayrou (MD), François Hollande (PS), Gabriel Attal, Gerald Darmanin, Jean Castex (IND), Jean Lassalle(RES), Jean-Luc Melenchon, Laurent Wauquiez, Marine Le Pen, Marine Tondelier, Michel Barnier (LR), Nathalie Arthaud (LO), Nicolas Dupont-Aignan (DLF), Olivier Faure, Raphael Glucksmann, Sandrine Rousseau (LE), Xavier Bertrand (NF), Yannick Jadot (LE), Yaël Braun-Pivet (RE), Élisabeth Borne (RE)",Harris Interactive,6–7 Apr 2023,2023-04-07,1320,Jean-Luc Melenchon,undeclared,18.0,2026-07-07
First round,Until March 2025,3,"Bernard Cazeneuve (LC), Bruno Le Maire (RE), Bruno Retailleau, Carole Delga (PS), Edouard Philippe, Eric Zemmour, Fabien Roussel, Francois Ruffin, François Bayrou (MD), François Hollande (PS), Gabriel Attal, Gerald Darmanin, Jean Castex (IND), Jean Lassalle(RES), Jean-Luc Melenchon, Laurent Wauquiez, Marine Le Pen, Marine Tondelier, Michel Barnier (LR), Nathalie Arthaud (LO), Nicolas Dupont-Aignan (DLF), Olivier Faure, Raphael Glucksmann, Sandrine Rousseau (LE), Xavier Bertrand (NF), Yannick Jadot (LE), Yaël Braun-Pivet (RE), Élisabeth Borne (RE)",Harris Interactive,6–7 Apr 2023,2023-04-07,1320,Jean-Luc Melenchon,undeclared,19.0,2026-07-07
First round,Until March 2025,3,"Bernard Cazeneuve (LC), Bruno Le Maire (RE), Bruno Retailleau, Carole Delga (PS), Edouard Philippe, Eric Zemmour, Fabien Roussel, Francois Ruffin, François Bayrou (MD), François Hollande (PS), Gabriel Attal, Gerald Darmanin, Jean Castex (IND), Jean Lassalle(RES), Jean-Luc Melenchon, Laurent Wauquiez, Marine Le Pen, Marine Tondelier, Michel Barnier (LR), Nathalie Arthaud (LO), Nicolas Dupont-Aignan (DLF), Olivier Faure, Raphael Glucksmann, Sandrine Rousseau (LE), Xavier Bertrand (NF), Yannick Jadot (LE), Yaël Braun-Pivet (RE), Élisabeth Borne (RE)",Harris Interactive,6–7 Apr 2023,2023-04-07,1320,Jean-Luc Melenchon,undeclared,17.0,2026-07-07
First round,Until March 2025,3,"Bernard Cazeneuve (LC), Bruno Le Maire (RE), Bruno Retailleau, Carole Delga (PS), Edouard Philippe, Eric Zemmour, Fabien Roussel, Francois Ruffin, François Bayrou (MD), François Hollande (PS), Gabriel Attal, Gerald Darmanin, Jean Castex (IND), Jean Lassalle(RES), Jean-Luc Melenchon, Laurent Wauquiez, Marine Le Pen, Marine Tondelier, Michel Barnier (LR), Nathalie Arthaud (LO), Nicolas Dupont-Aignan (DLF), Olivier Faure, Raphael Glucksmann, Sandrine Rousseau (LE), Xavier Bertrand (NF), Yannick Jadot (LE), Yaël Braun-Pivet (RE), Élisabeth Borne (RE)",Harris Interactive,6–7 Apr 2023,2023-04-07,1320,Laurent Wauquiez,undeclared,5.0,2026-07-07
First round,Until March 2025,3,"Bernard Cazeneuve (LC), Bruno Le Maire (RE), Bruno Retailleau, Carole Delga (PS), Edouard Philippe, Eric Zemmour, Fabien Roussel, Francois Ruffin, François Bayrou (MD), François Hollande (PS), Gabriel Attal, Gerald Darmanin, Jean Castex (IND), Jean Lassalle(RES), Jean-Luc Melenchon, Laurent Wauquiez, Marine Le Pen, Marine Tondelier, Michel Barnier (LR), Nathalie Arthaud (LO), Nicolas Dupont-Aignan (DLF), Olivier Faure, Raphael Glucksmann, Sandrine Rousseau (LE), Xavier Bertrand (NF), Yannick Jadot (LE), Yaël Braun-Pivet (RE), Élisabeth Borne (RE)",Harris Interactive,6–7 Apr 2023,2023-04-07,1320,Laurent Wauquiez,undeclared,7.0,2026-07-07
First round,Until March 2025,3,"Bernard Cazeneuve (LC), Bruno Le Maire (RE), Bruno Retailleau, Carole Delga (PS), Edouard Philippe, Eric Zemmour, Fabien Roussel, Francois Ruffin, François Bayrou (MD), François Hollande (PS), Gabriel Attal, Gerald Darmanin, Jean Castex (IND), Jean Lassalle(RES), Jean-Luc Melenchon, Laurent Wauquiez, Marine Le Pen, Marine Tondelier, Michel Barnier (LR), Nathalie Arthaud (LO), Nicolas Dupont-Aignan (DLF), Olivier Faure, Raphael Glucksmann, Sandrine Rousseau (LE), Xavier Bertrand (NF), Yannick Jadot (LE), Yaël Braun-Pivet (RE), Élisabeth Borne (RE)",Harris Interactive,6–7 Apr 2023,2023-04-07,1320,Marine Le Pen,candidate,30.0,2026-07-07
First round,Until March 2025,3,"Bernard Cazeneuve (LC), Bruno Le Maire (RE), Bruno Retailleau, Carole Delga (PS), Edouard Philippe, Eric Zemmour, Fabien Roussel, Francois Ruffin, François Bayrou (MD), François Hollande (PS), Gabriel Attal, Gerald Darmanin, Jean Castex (IND), Jean Lassalle(RES), Jean-Luc Melenchon, Laurent Wauquiez, Marine Le Pen, Marine Tondelier, Michel Barnier (LR), Nathalie Arthaud (LO), Nicolas Dupont-Aignan (DLF), Olivier Faure, Raphael Glucksmann, Sandrine Rousseau (LE), Xavier Bertrand (NF), Yannick Jadot (LE), Yaël Braun-Pivet (RE), Élisabeth Borne (RE)",Harris Interactive,6–7 Apr 2023,2023-04-07,1320,Marine Le Pen,candidate,32.0,2026-07-07
First round,Until March 2025,3,"Bernard Cazeneuve (LC), Bruno Le Maire (RE), Bruno Retailleau, Carole Delga (PS), Edouard Philippe, Eric Zemmour, Fabien Roussel, Francois Ruffin, François Bayrou (MD), François Hollande (PS), Gabriel Attal, Gerald Darmanin, Jean Castex (IND), Jean Lassalle(RES), Jean-Luc Melenchon, Laurent Wauquiez, Marine Le Pen, Marine Tondelier, Michel Barnier (LR), Nathalie Arthaud (LO), Nicolas Dupont-Aignan (DLF), Olivier Faure, Raphael Glucksmann, Sandrine Rousseau (LE), Xavier Bertrand (NF), Yannick Jadot (LE), Yaël Braun-Pivet (RE), Élisabeth Borne (RE)",Harris Interactive,6–7 Apr 2023,2023-04-07,1320,Marine Le Pen,candidate,33.0,2026-07-07
First round,Until March 2025,3,"Bernard Cazeneuve (LC), Bruno Le Maire (RE), Bruno Retailleau, Carole Delga (PS), Edouard Philippe, Eric Zemmour, Fabien Roussel, Francois Ruffin, François Bayrou (MD), François Hollande (PS), Gabriel Attal, Gerald Darmanin, Jean Castex (IND), Jean Lassalle(RES), Jean-Luc Melenchon, Laurent Wauquiez, Marine Le Pen, Marine Tondelier, Michel Barnier (LR), Nathalie Arthaud (LO), Nicolas Dupont-Aignan (DLF), Olivier Faure, Raphael Glucksmann, Sandrine Rousseau (LE), Xavier Bertrand (NF), Yannick Jadot (LE), Yaël Braun-Pivet (RE), Élisabeth Borne (RE)",Harris Interactive,6–7 Apr 2023,2023-04-07,1320,Marine Le Pen,candidate,31.0,2026-07-07
First round,Until March 2025,3,"Bernard Cazeneuve (LC), Bruno Le Maire (RE), Bruno Retailleau, Carole Delga (PS), Edouard Philippe, Eric Zemmour, Fabien Roussel, Francois Ruffin, François Bayrou (MD), François Hollande (PS), Gabriel Attal, Gerald Darmanin, Jean Castex (IND), Jean Lassalle(RES), Jean-Luc Melenchon, Laurent Wauquiez, Marine Le Pen, Marine Tondelier, Michel Barnier (LR), Nathalie Arthaud (LO), Nicolas Dupont-Aignan (DLF), Olivier Faure, Raphael Glucksmann, Sandrine Rousseau (LE), Xavier Bertrand (NF), Yannick Jadot (LE), Yaël Braun-Pivet (RE), Élisabeth Borne (RE)",Harris Interactive,6–7 Apr 2023,2023-04-07,1320,Nathalie Arthaud (LO),unknown,1.0,2026-07-07
First round,Until March 2025,3,"Bernard Cazeneuve (LC), Bruno Le Maire (RE), Bruno Retailleau, Carole Delga (PS), Edouard Philippe, Eric Zemmour, Fabien Roussel, Francois Ruffin, François Bayrou (MD), François Hollande (PS), Gabriel Attal, Gerald Darmanin, Jean Castex (IND), Jean Lassalle(RES), Jean-Luc Melenchon, Laurent Wauquiez, Marine Le Pen, Marine Tondelier, Michel Barnier (LR), Nathalie Arthaud (LO), Nicolas Dupont-Aignan (DLF), Olivier Faure, Raphael Glucksmann, Sandrine Rousseau (LE), Xavier Bertrand (NF), Yannick Jadot (LE), Yaël Braun-Pivet (RE), Élisabeth Borne (RE)",Harris Interactive,6–7 Apr 2023,2023-04-07,1320,Nicolas Dupont-Aignan (DLF),unknown,2.0,2026-07-07
First round,Until March 2025,3,"Bernard Cazeneuve (LC), Bruno Le Maire (RE), Bruno Retailleau, Carole Delga (PS), Edouard Philippe, Eric Zemmour, Fabien Roussel, Francois Ruffin, François Bayrou (MD), François Hollande (PS), Gabriel Attal, Gerald Darmanin, Jean Castex (IND), Jean Lassalle(RES), Jean-Luc Melenchon, Laurent Wauquiez, Marine Le Pen, Marine Tondelier, Michel Barnier (LR), Nathalie Arthaud (LO), Nicolas Dupont-Aignan (DLF), Olivier Faure, Raphael Glucksmann, Sandrine Rousseau (LE), Xavier Bertrand (NF), Yannick Jadot (LE), Yaël Braun-Pivet (RE), Élisabeth Borne (RE)",Harris Interactive,6–7 Apr 2023,2023-04-07,1320,Yannick Jadot (LE),unknown,4.0,2026-07-07
First round,Until March 2025,3,"Bernard Cazeneuve (LC), Bruno Le Maire (RE), Bruno Retailleau, Carole Delga (PS), Edouard Philippe, Eric Zemmour, Fabien Roussel, Francois Ruffin, François Bayrou (MD), François Hollande (PS), Gabriel Attal, Gerald Darmanin, Jean Castex (IND), Jean Lassalle(RES), Jean-Luc Melenchon, Laurent Wauquiez, Marine Le Pen, Marine Tondelier, Michel Barnier (LR), Nathalie Arthaud (LO), Nicolas Dupont-Aignan (DLF), Olivier Faure, Raphael Glucksmann, Sandrine Rousseau (LE), Xavier Bertrand (NF), Yannick Jadot (LE), Yaël Braun-Pivet (RE), Élisabeth Borne (RE)",Harris Interactive,6–7 Apr 2023,2023-04-07,1320,Yannick Jadot (LE),unknown,5.0,2026-07-07
First round,Until March 2025,3,"Bernard Cazeneuve (LC), Bruno Le Maire (RE), Bruno Retailleau, Carole Delga (PS), Edouard Philippe, Eric Zemmour, Fabien Roussel, Francois Ruffin, François Bayrou (MD), François Hollande (PS), Gabriel Attal, Gerald Darmanin, Jean Castex (IND), Jean Lassalle(RES), Jean-Luc Melenchon, Laurent Wauquiez, Marine Le Pen, Marine Tondelier, Michel Barnier (LR), Nathalie Arthaud (LO), Nicolas Dupont-Aignan (DLF), Olivier Faure, Raphael Glucksmann, Sandrine Rousseau (LE), Xavier Bertrand (NF), Yannick Jadot (LE), Yaël Braun-Pivet (RE), Élisabeth Borne (RE)",OpinionWay,12–13 Apr 2023,2023-04-13,1038,Edouard Philippe,undeclared,3.0,2026-07-07
First round,Until March 2025,3,"Bernard Cazeneuve (LC), Bruno Le Maire (RE), Bruno Retailleau, Carole Delga (PS), Edouard Philippe, Eric Zemmour, Fabien Roussel, Francois Ruffin, François Bayrou (MD), François Hollande (PS), Gabriel Attal, Gerald Darmanin, Jean Castex (IND), Jean Lassalle(RES), Jean-Luc Melenchon, Laurent Wauquiez, Marine Le Pen, Marine Tondelier, Michel Barnier (LR), Nathalie Arthaud (LO), Nicolas Dupont-Aignan (DLF), Olivier Faure, Raphael Glucksmann, Sandrine Rousseau (LE), Xavier Bertrand (NF), Yannick Jadot (LE), Yaël Braun-Pivet (RE), Élisabeth Borne (RE)",OpinionWay,12–13 Apr 2023,2023-04-13,1038,Edouard Philippe,undeclared,32.0,2026-07-07
First round,Until March 2025,3,"Bernard Cazeneuve (LC), Bruno Le Maire (RE), Bruno Retailleau, Carole Delga (PS), Edouard Philippe, Eric Zemmour, Fabien Roussel, Francois Ruffin, François Bayrou (MD), François Hollande (PS), Gabriel Attal, Gerald Darmanin, Jean Castex (IND), Jean Lassalle(RES), Jean-Luc Melenchon, Laurent Wauquiez, Marine Le Pen, Marine Tondelier, Michel Barnier (LR), Nathalie Arthaud (LO), Nicolas Dupont-Aignan (DLF), Olivier Faure, Raphael Glucksmann, Sandrine Rousseau (LE), Xavier Bertrand (NF), Yannick Jadot (LE), Yaël Braun-Pivet (RE), Élisabeth Borne (RE)",OpinionWay,12–13 Apr 2023,2023-04-13,1038,Eric Zemmour,undeclared,9.0,2026-07-07
First round,Until March 2025,3,"Bernard Cazeneuve (LC), Bruno Le Maire (RE), Bruno Retailleau, Carole Delga (PS), Edouard Philippe, Eric Zemmour, Fabien Roussel, Francois Ruffin, François Bayrou (MD), François Hollande (PS), Gabriel Attal, Gerald Darmanin, Jean Castex (IND), Jean Lassalle(RES), Jean-Luc Melenchon, Laurent Wauquiez, Marine Le Pen, Marine Tondelier, Michel Barnier (LR), Nathalie Arthaud (LO), Nicolas Dupont-Aignan (DLF), Olivier Faure, Raphael Glucksmann, Sandrine Rousseau (LE), Xavier Bertrand (NF), Yannick Jadot (LE), Yaël Braun-Pivet (RE), Élisabeth Borne (RE)",OpinionWay,12–13 Apr 2023,2023-04-13,1038,Jean-Luc Melenchon,undeclared,17.0,2026-07-07
First round,Until March 2025,3,"Bernard Cazeneuve (LC), Bruno Le Maire (RE), Bruno Retailleau, Carole Delga (PS), Edouard Philippe, Eric Zemmour, Fabien Roussel, Francois Ruffin, François Bayrou (MD), François Hollande (PS), Gabriel Attal, Gerald Darmanin, Jean Castex (IND), Jean Lassalle(RES), Jean-Luc Melenchon, Laurent Wauquiez, Marine Le Pen, Marine Tondelier, Michel Barnier (LR), Nathalie Arthaud (LO), Nicolas Dupont-Aignan (DLF), Olivier Faure, Raphael Glucksmann, Sandrine Rousseau (LE), Xavier Bertrand (NF), Yannick Jadot (LE), Yaël Braun-Pivet (RE), Élisabeth Borne (RE)",OpinionWay,12–13 Apr 2023,2023-04-13,1038,Laurent Wauquiez,undeclared,7.0,2026-07-07
First round,Until March 2025,3,"Bernard Cazeneuve (LC), Bruno Le Maire (RE), Bruno Retailleau, Carole Delga (PS), Edouard Philippe, Eric Zemmour, Fabien Roussel, Francois Ruffin, François Bayrou (MD), François Hollande (PS), Gabriel Attal, Gerald Darmanin, Jean Castex (IND), Jean Lassalle(RES), Jean-Luc Melenchon, Laurent Wauquiez, Marine Le Pen, Marine Tondelier, Michel Barnier (LR), Nathalie Arthaud (LO), Nicolas Dupont-Aignan (DLF), Olivier Faure, Raphael Glucksmann, Sandrine Rousseau (LE), Xavier Bertrand (NF), Yannick Jadot (LE), Yaël Braun-Pivet (RE), Élisabeth Borne (RE)",OpinionWay,12–13 Apr 2023,2023-04-13,1038,Nathalie Arthaud (LO),unknown,1.0,2026-07-07
First round,Until March 2025,3,"Bernard Cazeneuve (LC), Bruno Le Maire (RE), Bruno Retailleau, Carole Delga (PS), Edouard Philippe, Eric Zemmour, Fabien Roussel, Francois Ruffin, François Bayrou (MD), François Hollande (PS), Gabriel Attal, Gerald Darmanin, Jean Castex (IND), Jean Lassalle(RES), Jean-Luc Melenchon, Laurent Wauquiez, Marine Le Pen, Marine Tondelier, Michel Barnier (LR), Nathalie Arthaud (LO), Nicolas Dupont-Aignan (DLF), Olivier Faure, Raphael Glucksmann, Sandrine Rousseau (LE), Xavier Bertrand (NF), Yannick Jadot (LE), Yaël Braun-Pivet (RE), Élisabeth Borne (RE)",OpinionWay,12–13 Apr 2023,2023-04-13,1038,Olivier Faure,undeclared,6.0,2026-07-07
First round,Until March 2025,3,"Bernard Cazeneuve (LC), Bruno Le Maire (RE), Bruno Retailleau, Carole Delga (PS), Edouard Philippe, Eric Zemmour, Fabien Roussel, Francois Ruffin, François Bayrou (MD), François Hollande (PS), Gabriel Attal, Gerald Darmanin, Jean Castex (IND), Jean Lassalle(RES), Jean-Luc Melenchon, Laurent Wauquiez, Marine Le Pen, Marine Tondelier, Michel Barnier (LR), Nathalie Arthaud (LO), Nicolas Dupont-Aignan (DLF), Olivier Faure, Raphael Glucksmann, Sandrine Rousseau (LE), Xavier Bertrand (NF), Yannick Jadot (LE), Yaël Braun-Pivet (RE), Élisabeth Borne (RE)",OpinionWay,12–13 Apr 2023,2023-04-13,1038,Sandrine Rousseau (LE),unknown,2.0,2026-07-07
First round,Until March 2025,3,"Bernard Cazeneuve (LC), Bruno Le Maire (RE), Bruno Retailleau, Carole Delga (PS), Edouard Philippe, Eric Zemmour, Fabien Roussel, Francois Ruffin, François Bayrou (MD), François Hollande (PS), Gabriel Attal, Gerald Darmanin, Jean Castex (IND), Jean Lassalle(RES), Jean-Luc Melenchon, Laurent Wauquiez, Marine Le Pen, Marine Tondelier, Michel Barnier (LR), Nathalie Arthaud (LO), Nicolas Dupont-Aignan (DLF), Olivier Faure, Raphael Glucksmann, Sandrine Rousseau (LE), Xavier Bertrand (NF), Yannick Jadot (LE), Yaël Braun-Pivet (RE), Élisabeth Borne (RE)",Harris Interactive,1–4 Sep 2023,2023-09-04,2525,Bernard Cazeneuve (LC),unknown,7.0,2026-07-07
First round,Until March 2025,3,"Bernard Cazeneuve (LC), Bruno Le Maire (RE), Bruno Retailleau, Carole Delga (PS), Edouard Philippe, Eric Zemmour, Fabien Roussel, Francois Ruffin, François Bayrou (MD), François Hollande (PS), Gabriel Attal, Gerald Darmanin, Jean Castex (IND), Jean Lassalle(RES), Jean-Luc Melenchon, Laurent Wauquiez, Marine Le Pen, Marine Tondelier, Michel Barnier (LR), Nathalie Arthaud (LO), Nicolas Dupont-Aignan (DLF), Olivier Faure, Raphael Glucksmann, Sandrine Rousseau (LE), Xavier Bertrand (NF), Yannick Jadot (LE), Yaël Braun-Pivet (RE), Élisabeth Borne (RE)",Harris Interactive,1–4 Sep 2023,2023-09-04,2525,Bernard Cazeneuve (LC),unknown,8.0,2026-07-07
First round,Until March 2025,3,"Bernard Cazeneuve (LC), Bruno Le Maire (RE), Bruno Retailleau, Carole Delga (PS), Edouard Philippe, Eric Zemmour, Fabien Roussel, Francois Ruffin, François Bayrou (MD), François Hollande (PS), Gabriel Attal, Gerald Darmanin, Jean Castex (IND), Jean Lassalle(RES), Jean-Luc Melenchon, Laurent Wauquiez, Marine Le Pen, Marine Tondelier, Michel Barnier (LR), Nathalie Arthaud (LO), Nicolas Dupont-Aignan (DLF), Olivier Faure, Raphael Glucksmann, Sandrine Rousseau (LE), Xavier Bertrand (NF), Yannick Jadot (LE), Yaël Braun-Pivet (RE), Élisabeth Borne (RE)",Harris Interactive,1–4 Sep 2023,2023-09-04,2525,Bernard Cazeneuve (LC),unknown,9.0,2026-07-07
First round,Until March 2025,3,"Bernard Cazeneuve (LC), Bruno Le Maire (RE), Bruno Retailleau, Carole Delga (PS), Edouard Philippe, Eric Zemmour, Fabien Roussel, Francois Ruffin, François Bayrou (MD), François Hollande (PS), Gabriel Attal, Gerald Darmanin, Jean Castex (IND), Jean Lassalle(RES), Jean-Luc Melenchon, Laurent Wauquiez, Marine Le Pen, Marine Tondelier, Michel Barnier (LR), Nathalie Arthaud (LO), Nicolas Dupont-Aignan (DLF), Olivier Faure, Raphael Glucksmann, Sandrine Rousseau (LE), Xavier Bertrand (NF), Yannick Jadot (LE), Yaël Braun-Pivet (RE), Élisabeth Borne (RE)",Harris Interactive,1–4 Sep 2023,2023-09-04,2525,Bernard Cazeneuve (LC),unknown,10.0,2026-07-07
First round,Until March 2025,3,"Bernard Cazeneuve (LC), Bruno Le Maire (RE), Bruno Retailleau, Carole Delga (PS), Edouard Philippe, Eric Zemmour, Fabien Roussel, Francois Ruffin, François Bayrou (MD), François Hollande (PS), Gabriel Attal, Gerald Darmanin, Jean Castex (IND), Jean Lassalle(RES), Jean-Luc Melenchon, Laurent Wauquiez, Marine Le Pen, Marine Tondelier, Michel Barnier (LR), Nathalie Arthaud (LO), Nicolas Dupont-Aignan (DLF), Olivier Faure, Raphael Glucksmann, Sandrine Rousseau (LE), Xavier Bertrand (NF), Yannick Jadot (LE), Yaël Braun-Pivet (RE), Élisabeth Borne (RE)",Harris Interactive,1–4 Sep 2023,2023-09-04,2525,Bernard Cazeneuve (LC),unknown,5.0,2026-07-07
First round,Until March 2025,3,"Bernard Cazeneuve (LC), Bruno Le Maire (RE), Bruno Retailleau, Carole Delga (PS), Edouard Philippe, Eric Zemmour, Fabien Roussel, Francois Ruffin, François Bayrou (MD), François Hollande (PS), Gabriel Attal, Gerald Darmanin, Jean Castex (IND), Jean Lassalle(RES), Jean-Luc Melenchon, Laurent Wauquiez, Marine Le Pen, Marine Tondelier, Michel Barnier (LR), Nathalie Arthaud (LO), Nicolas Dupont-Aignan (DLF), Olivier Faure, Raphael Glucksmann, Sandrine Rousseau (LE), Xavier Bertrand (NF), Yannick Jadot (LE), Yaël Braun-Pivet (RE), Élisabeth Borne (RE)",Harris Interactive,1–4 Sep 2023,2023-09-04,2525,Bruno Le Maire (RE),unknown,16.0,2026-07-07
First round,Until March 2025,3,"Bernard Cazeneuve (LC), Bruno Le Maire (RE), Bruno Retailleau, Carole Delga (PS), Edouard Philippe, Eric Zemmour, Fabien Roussel, Francois Ruffin, François Bayrou (MD), François Hollande (PS), Gabriel Attal, Gerald Darmanin, Jean Castex (IND), Jean Lassalle(RES), Jean-Luc Melenchon, Laurent Wauquiez, Marine Le Pen, Marine Tondelier, Michel Barnier (LR), Nathalie Arthaud (LO), Nicolas Dupont-Aignan (DLF), Olivier Faure, Raphael Glucksmann, Sandrine Rousseau (LE), Xavier Bertrand (NF), Yannick Jadot (LE), Yaël Braun-Pivet (RE), Élisabeth Borne (RE)",Harris Interactive,1–4 Sep 2023,2023-09-04,2525,Edouard Philippe,undeclared,2.0,2026-07-07
First round,Until March 2025,3,"Bernard Cazeneuve (LC), Bruno Le Maire (RE), Bruno Retailleau, Carole Delga (PS), Edouard Philippe, Eric Zemmour, Fabien Roussel, Francois Ruffin, François Bayrou (MD), François Hollande (PS), Gabriel Attal, Gerald Darmanin, Jean Castex (IND), Jean Lassalle(RES), Jean-Luc Melenchon, Laurent Wauquiez, Marine Le Pen, Marine Tondelier, Michel Barnier (LR), Nathalie Arthaud (LO), Nicolas Dupont-Aignan (DLF), Olivier Faure, Raphael Glucksmann, Sandrine Rousseau (LE), Xavier Bertrand (NF), Yannick Jadot (LE), Yaël Braun-Pivet (RE), Élisabeth Borne (RE)",Harris Interactive,1–4 Sep 2023,2023-09-04,2525,Edouard Philippe,undeclared,22.0,2026-07-07
First round,Until March 2025,3,"Bernard Cazeneuve (LC), Bruno Le Maire (RE), Bruno Retailleau, Carole Delga (PS), Edouard Philippe, Eric Zemmour, Fabien Roussel, Francois Ruffin, François Bayrou (MD), François Hollande (PS), Gabriel Attal, Gerald Darmanin, Jean Castex (IND), Jean Lassalle(RES), Jean-Luc Melenchon, Laurent Wauquiez, Marine Le Pen, Marine Tondelier, Michel Barnier (LR), Nathalie Arthaud (LO), Nicolas Dupont-Aignan (DLF), Olivier Faure, Raphael Glucksmann, Sandrine Rousseau (LE), Xavier Bertrand (NF), Yannick Jadot (LE), Yaël Braun-Pivet (RE), Élisabeth Borne (RE)",Harris Interactive,1–4 Sep 2023,2023-09-04,2525,Eric Zemmour,undeclared,6.0,2026-07-07
First round,Until March 2025,3,"Bernard Cazeneuve (LC), Bruno Le Maire (RE), Bruno Retailleau, Carole Delga (PS), Edouard Philippe, Eric Zemmour, Fabien Roussel, Francois Ruffin, François Bayrou (MD), François Hollande (PS), Gabriel Attal, Gerald Darmanin, Jean Castex (IND), Jean Lassalle(RES), Jean-Luc Melenchon, Laurent Wauquiez, Marine Le Pen, Marine Tondelier, Michel Barnier (LR), Nathalie Arthaud (LO), Nicolas Dupont-Aignan (DLF), Olivier Faure, Raphael Glucksmann, Sandrine Rousseau (LE), Xavier Bertrand (NF), Yannick Jadot (LE), Yaël Braun-Pivet (RE), Élisabeth Borne (RE)",Harris Interactive,1–4 Sep 2023,2023-09-04,2525,Eric Zemmour,undeclared,7.0,2026-07-07
First round,Until March 2025,3,"Bernard Cazeneuve (LC), Bruno Le Maire (RE), Bruno Retailleau, Carole Delga (PS), Edouard Philippe, Eric Zemmour, Fabien Roussel, Francois Ruffin, François Bayrou (MD), François Hollande (PS), Gabriel Attal, Gerald Darmanin, Jean Castex (IND), Jean Lassalle(RES), Jean-Luc Melenchon, Laurent Wauquiez, Marine Le Pen, Marine Tondelier, Michel Barnier (LR), Nathalie Arthaud (LO), Nicolas Dupont-Aignan (DLF), Olivier Faure, Raphael Glucksmann, Sandrine Rousseau (LE), Xavier Bertrand (NF), Yannick Jadot (LE), Yaël Braun-Pivet (RE), Élisabeth Borne (RE)",Harris Interactive,1–4 Sep 2023,2023-09-04,2525,Fabien Roussel,undeclared,6.0,2026-07-07
First round,Until March 2025,3,"Bernard Cazeneuve (LC), Bruno Le Maire (RE), Bruno Retailleau, Carole Delga (PS), Edouard Philippe, Eric Zemmour, Fabien Roussel, Francois Ruffin, François Bayrou (MD), François Hollande (PS), Gabriel Attal, Gerald Darmanin, Jean Castex (IND), Jean Lassalle(RES), Jean-Luc Melenchon, Laurent Wauquiez, Marine Le Pen, Marine Tondelier, Michel Barnier (LR), Nathalie Arthaud (LO), Nicolas Dupont-Aignan (DLF), Olivier Faure, Raphael Glucksmann, Sandrine Rousseau (LE), Xavier Bertrand (NF), Yannick Jadot (LE), Yaël Braun-Pivet (RE), Élisabeth Borne (RE)",Harris Interactive,1–4 Sep 2023,2023-09-04,2525,Fabien Roussel,undeclared,5.0,2026-07-07
First round,Until March 2025,3,"Bernard Cazeneuve (LC), Bruno Le Maire (RE), Bruno Retailleau, Carole Delga (PS), Edouard Philippe, Eric Zemmour, Fabien Roussel, Francois Ruffin, François Bayrou (MD), François Hollande (PS), Gabriel Attal, Gerald Darmanin, Jean Castex (IND), Jean Lassalle(RES), Jean-Luc Melenchon, Laurent Wauquiez, Marine Le Pen, Marine Tondelier, Michel Barnier (LR), Nathalie Arthaud (LO), Nicolas Dupont-Aignan (DLF), Olivier Faure, Raphael Glucksmann, Sandrine Rousseau (LE), Xavier Bertrand (NF), Yannick Jadot (LE), Yaël Braun-Pivet (RE), Élisabeth Borne (RE)",Harris Interactive,1–4 Sep 2023,2023-09-04,2525,François Bayrou (MD),unknown,8.0,2026-07-07
First round,Until March 2025,3,"Bernard Cazeneuve (LC), Bruno Le Maire (RE), Bruno Retailleau, Carole Delga (PS), Edouard Philippe, Eric Zemmour, Fabien Roussel, Francois Ruffin, François Bayrou (MD), François Hollande (PS), Gabriel Attal, Gerald Darmanin, Jean Castex (IND), Jean Lassalle(RES), Jean-Luc Melenchon, Laurent Wauquiez, Marine Le Pen, Marine Tondelier, Michel Barnier (LR), Nathalie Arthaud (LO), Nicolas Dupont-Aignan (DLF), Olivier Faure, Raphael Glucksmann, Sandrine Rousseau (LE), Xavier Bertrand (NF), Yannick Jadot (LE), Yaël Braun-Pivet (RE), Élisabeth Borne (RE)",Harris Interactive,1–4 Sep 2023,2023-09-04,2525,Gabriel Attal,undeclared,12.0,2026-07-07
First round,Until March 2025,3,"Bernard Cazeneuve (LC), Bruno Le Maire (RE), Bruno Retailleau, Carole Delga (PS), Edouard Philippe, Eric Zemmour, Fabien Roussel, Francois Ruffin, François Bayrou (MD), François Hollande (PS), Gabriel Attal, Gerald Darmanin, Jean Castex (IND), Jean Lassalle(RES), Jean-Luc Melenchon, Laurent Wauquiez, Marine Le Pen, Marine Tondelier, Michel Barnier (LR), Nathalie Arthaud (LO), Nicolas Dupont-Aignan (DLF), Olivier Faure, Raphael Glucksmann, Sandrine Rousseau (LE), Xavier Bertrand (NF), Yannick Jadot (LE), Yaël Braun-Pivet (RE), Élisabeth Borne (RE)",Harris Interactive,1–4 Sep 2023,2023-09-04,2525,Gerald Darmanin,undeclared,14.0,2026-07-07
First round,Until March 2025,3,"Bernard Cazeneuve (LC), Bruno Le Maire (RE), Bruno Retailleau, Carole Delga (PS), Edouard Philippe, Eric Zemmour, Fabien Roussel, Francois Ruffin, François Bayrou (MD), François Hollande (PS), Gabriel Attal, Gerald Darmanin, Jean Castex (IND), Jean Lassalle(RES), Jean-Luc Melenchon, Laurent Wauquiez, Marine Le Pen, Marine Tondelier, Michel Barnier (LR), Nathalie Arthaud (LO), Nicolas Dupont-Aignan (DLF), Olivier Faure, Raphael Glucksmann, Sandrine Rousseau (LE), Xavier Bertrand (NF), Yannick Jadot (LE), Yaël Braun-Pivet (RE), Élisabeth Borne (RE)",Harris Interactive,1–4 Sep 2023,2023-09-04,2525,Jean Castex (IND),unknown,9.0,2026-07-07
First round,Until March 2025,3,"Bernard Cazeneuve (LC), Bruno Le Maire (RE), Bruno Retailleau, Carole Delga (PS), Edouard Philippe, Eric Zemmour, Fabien Roussel, Francois Ruffin, François Bayrou (MD), François Hollande (PS), Gabriel Attal, Gerald Darmanin, Jean Castex (IND), Jean Lassalle(RES), Jean-Luc Melenchon, Laurent Wauquiez, Marine Le Pen, Marine Tondelier, Michel Barnier (LR), Nathalie Arthaud (LO), Nicolas Dupont-Aignan (DLF), Olivier Faure, Raphael Glucksmann, Sandrine Rousseau (LE), Xavier Bertrand (NF), Yannick Jadot (LE), Yaël Braun-Pivet (RE), Élisabeth Borne (RE)",Harris Interactive,1–4 Sep 2023,2023-09-04,2525,Jean-Luc Melenchon,undeclared,16.0,2026-07-07
First round,Until March 2025,3,"Bernard Cazeneuve (LC), Bruno Le Maire (RE), Bruno Retailleau, Carole Delga (PS), Edouard Philippe, Eric Zemmour, Fabien Roussel, Francois Ruffin, François Bayrou (MD), François Hollande (PS), Gabriel Attal, Gerald Darmanin, Jean Castex (IND), Jean Lassalle(RES), Jean-Luc Melenchon, Laurent Wauquiez, Marine Le Pen, Marine Tondelier, Michel Barnier (LR), Nathalie Arthaud (LO), Nicolas Dupont-Aignan (DLF), Olivier Faure, Raphael Glucksmann, Sandrine Rousseau (LE), Xavier Bertrand (NF), Yannick Jadot (LE), Yaël Braun-Pivet (RE), Élisabeth Borne (RE)",Harris Interactive,1–4 Sep 2023,2023-09-04,2525,Jean-Luc Melenchon,undeclared,17.0,2026-07-07
First round,Until March 2025,3,"Bernard Cazeneuve (LC), Bruno Le Maire (RE), Bruno Retailleau, Carole Delga (PS), Edouard Philippe, Eric Zemmour, Fabien Roussel, Francois Ruffin, François Bayrou (MD), François Hollande (PS), Gabriel Attal, Gerald Darmanin, Jean Castex (IND), Jean Lassalle(RES), Jean-Luc Melenchon, Laurent Wauquiez, Marine Le Pen, Marine Tondelier, Michel Barnier (LR), Nathalie Arthaud (LO), Nicolas Dupont-Aignan (DLF), Olivier Faure, Raphael Glucksmann, Sandrine Rousseau (LE), Xavier Bertrand (NF), Yannick Jadot (LE), Yaël Braun-Pivet (RE), Élisabeth Borne (RE)",Harris Interactive,1–4 Sep 2023,2023-09-04,2525,Laurent Wauquiez,undeclared,7.0,2026-07-07
First round,Until March 2025,3,"Bernard Cazeneuve (LC), Bruno Le Maire (RE), Bruno Retailleau, Carole Delga (PS), Edouard Philippe, Eric Zemmour, Fabien Roussel, Francois Ruffin, François Bayrou (MD), François Hollande (PS), Gabriel Attal, Gerald Darmanin, Jean Castex (IND), Jean Lassalle(RES), Jean-Luc Melenchon, Laurent Wauquiez, Marine Le Pen, Marine Tondelier, Michel Barnier (LR), Nathalie Arthaud (LO), Nicolas Dupont-Aignan (DLF), Olivier Faure, Raphael Glucksmann, Sandrine Rousseau (LE), Xavier Bertrand (NF), Yannick Jadot (LE), Yaël Braun-Pivet (RE), Élisabeth Borne (RE)",Harris Interactive,1–4 Sep 2023,2023-09-04,2525,Laurent Wauquiez,undeclared,9.0,2026-07-07
First round,Until March 2025,3,"Bernard Cazeneuve (LC), Bruno Le Maire (RE), Bruno Retailleau, Carole Delga (PS), Edouard Philippe, Eric Zemmour, Fabien Roussel, Francois Ruffin, François Bayrou (MD), François Hollande (PS), Gabriel Attal, Gerald Darmanin, Jean Castex (IND), Jean Lassalle(RES), Jean-Luc Melenchon, Laurent Wauquiez, Marine Le Pen, Marine Tondelier, Michel Barnier (LR), Nathalie Arthaud (LO), Nicolas Dupont-Aignan (DLF), Olivier Faure, Raphael Glucksmann, Sandrine Rousseau (LE), Xavier Bertrand (NF), Yannick Jadot (LE), Yaël Braun-Pivet (RE), Élisabeth Borne (RE)",Harris Interactive,1–4 Sep 2023,2023-09-04,2525,Laurent Wauquiez,undeclared,10.0,2026-07-07
First round,Until March 2025,3,"Bernard Cazeneuve (LC), Bruno Le Maire (RE), Bruno Retailleau, Carole Delga (PS), Edouard Philippe, Eric Zemmour, Fabien Roussel, Francois Ruffin, François Bayrou (MD), François Hollande (PS), Gabriel Attal, Gerald Darmanin, Jean Castex (IND), Jean Lassalle(RES), Jean-Luc Melenchon, Laurent Wauquiez, Marine Le Pen, Marine Tondelier, Michel Barnier (LR), Nathalie Arthaud (LO), Nicolas Dupont-Aignan (DLF), Olivier Faure, Raphael Glucksmann, Sandrine Rousseau (LE), Xavier Bertrand (NF), Yannick Jadot (LE), Yaël Braun-Pivet (RE), Élisabeth Borne (RE)",Harris Interactive,1–4 Sep 2023,2023-09-04,2525,Laurent Wauquiez,undeclared,8.0,2026-07-07
First round,Until March 2025,3,"Bernard Cazeneuve (LC), Bruno Le Maire (RE), Bruno Retailleau, Carole Delga (PS), Edouard Philippe, Eric Zemmour, Fabien Roussel, Francois Ruffin, François Bayrou (MD), François Hollande (PS), Gabriel Attal, Gerald Darmanin, Jean Castex (IND), Jean Lassalle(RES), Jean-Luc Melenchon, Laurent Wauquiez, Marine Le Pen, Marine Tondelier, Michel Barnier (LR), Nathalie Arthaud (LO), Nicolas Dupont-Aignan (DLF), Olivier Faure, Raphael Glucksmann, Sandrine Rousseau (LE), Xavier Bertrand (NF), Yannick Jadot (LE), Yaël Braun-Pivet (RE), Élisabeth Borne (RE)",Harris Interactive,1–4 Sep 2023,2023-09-04,2525,Laurent Wauquiez,undeclared,5.0,2026-07-07
First round,Until March 2025,3,"Bernard Cazeneuve (LC), Bruno Le Maire (RE), Bruno Retailleau, Carole Delga (PS), Edouard Philippe, Eric Zemmour, Fabien Roussel, Francois Ruffin, François Bayrou (MD), François Hollande (PS), Gabriel Attal, Gerald Darmanin, Jean Castex (IND), Jean Lassalle(RES), Jean-Luc Melenchon, Laurent Wauquiez, Marine Le Pen, Marine Tondelier, Michel Barnier (LR), Nathalie Arthaud (LO), Nicolas Dupont-Aignan (DLF), Olivier Faure, Raphael Glucksmann, Sandrine Rousseau (LE), Xavier Bertrand (NF), Yannick Jadot (LE), Yaël Braun-Pivet (RE), Élisabeth Borne (RE)",Harris Interactive,1–4 Sep 2023,2023-09-04,2525,Marine Le Pen,candidate,32.0,2026-07-07
First round,Until March 2025,3,"Bernard Cazeneuve (LC), Bruno Le Maire (RE), Bruno Retailleau, Carole Delga (PS), Edouard Philippe, Eric Zemmour, Fabien Roussel, Francois Ruffin, François Bayrou (MD), François Hollande (PS), Gabriel Attal, Gerald Darmanin, Jean Castex (IND), Jean Lassalle(RES), Jean-Luc Melenchon, Laurent Wauquiez, Marine Le Pen, Marine Tondelier, Michel Barnier (LR), Nathalie Arthaud (LO), Nicolas Dupont-Aignan (DLF), Olivier Faure, Raphael Glucksmann, Sandrine Rousseau (LE), Xavier Bertrand (NF), Yannick Jadot (LE), Yaël Braun-Pivet (RE), Élisabeth Borne (RE)",Harris Interactive,1–4 Sep 2023,2023-09-04,2525,Marine Le Pen,candidate,33.0,2026-07-07
First round,Until March 2025,3,"Bernard Cazeneuve (LC), Bruno Le Maire (RE), Bruno Retailleau, Carole Delga (PS), Edouard Philippe, Eric Zemmour, Fabien Roussel, Francois Ruffin, François Bayrou (MD), François Hollande (PS), Gabriel Attal, Gerald Darmanin, Jean Castex (IND), Jean Lassalle(RES), Jean-Luc Melenchon, Laurent Wauquiez, Marine Le Pen, Marine Tondelier, Michel Barnier (LR), Nathalie Arthaud (LO), Nicolas Dupont-Aignan (DLF), Olivier Faure, Raphael Glucksmann, Sandrine Rousseau (LE), Xavier Bertrand (NF), Yannick Jadot (LE), Yaël Braun-Pivet (RE), Élisabeth Borne (RE)",Harris Interactive,1–4 Sep 2023,2023-09-04,2525,Marine Le Pen,candidate,30.0,2026-07-07
First round,Until March 2025,3,"Bernard Cazeneuve (LC), Bruno Le Maire (RE), Bruno Retailleau, Carole Delga (PS), Edouard Philippe, Eric Zemmour, Fabien Roussel, Francois Ruffin, François Bayrou (MD), François Hollande (PS), Gabriel Attal, Gerald Darmanin, Jean Castex (IND), Jean Lassalle(RES), Jean-Luc Melenchon, Laurent Wauquiez, Marine Le Pen, Marine Tondelier, Michel Barnier (LR), Nathalie Arthaud (LO), Nicolas Dupont-Aignan (DLF), Olivier Faure, Raphael Glucksmann, Sandrine Rousseau (LE), Xavier Bertrand (NF), Yannick Jadot (LE), Yaël Braun-Pivet (RE), Élisabeth Borne (RE)",Harris Interactive,1–4 Sep 2023,2023-09-04,2525,Nathalie Arthaud (LO),unknown,1.0,2026-07-07
First round,Until March 2025,3,"Bernard Cazeneuve (LC), Bruno Le Maire (RE), Bruno Retailleau, Carole Delga (PS), Edouard Philippe, Eric Zemmour, Fabien Roussel, Francois Ruffin, François Bayrou (MD), François Hollande (PS), Gabriel Attal, Gerald Darmanin, Jean Castex (IND), Jean Lassalle(RES), Jean-Luc Melenchon, Laurent Wauquiez, Marine Le Pen, Marine Tondelier, Michel Barnier (LR), Nathalie Arthaud (LO), Nicolas Dupont-Aignan (DLF), Olivier Faure, Raphael Glucksmann, Sandrine Rousseau (LE), Xavier Bertrand (NF), Yannick Jadot (LE), Yaël Braun-Pivet (RE), Élisabeth Borne (RE)",Harris Interactive,1–4 Sep 2023,2023-09-04,2525,Nicolas Dupont-Aignan (DLF),unknown,2.0,2026-07-07
First round,Until March 2025,3,"Bernard Cazeneuve (LC), Bruno Le Maire (RE), Bruno Retailleau, Carole Delga (PS), Edouard Philippe, Eric Zemmour, Fabien Roussel, Francois Ruffin, François Bayrou (MD), François Hollande (PS), Gabriel Attal, Gerald Darmanin, Jean Castex (IND), Jean Lassalle(RES), Jean-Luc Melenchon, Laurent Wauquiez, Marine Le Pen, Marine Tondelier, Michel Barnier (LR), Nathalie Arthaud (LO), Nicolas Dupont-Aignan (DLF), Olivier Faure, Raphael Glucksmann, Sandrine Rousseau (LE), Xavier Bertrand (NF), Yannick Jadot (LE), Yaël Braun-Pivet (RE), Élisabeth Borne (RE)",Harris Interactive,1–4 Sep 2023,2023-09-04,2525,Nicolas Dupont-Aignan (DLF),unknown,3.0,2026-07-07
First round,Until March 2025,3,"Bernard Cazeneuve (LC), Bruno Le Maire (RE), Bruno Retailleau, Carole Delga (PS), Edouard Philippe, Eric Zemmour, Fabien Roussel, Francois Ruffin, François Bayrou (MD), François Hollande (PS), Gabriel Attal, Gerald Darmanin, Jean Castex (IND), Jean Lassalle(RES), Jean-Luc Melenchon, Laurent Wauquiez, Marine Le Pen, Marine Tondelier, Michel Barnier (LR), Nathalie Arthaud (LO), Nicolas Dupont-Aignan (DLF), Olivier Faure, Raphael Glucksmann, Sandrine Rousseau (LE), Xavier Bertrand (NF), Yannick Jadot (LE), Yaël Braun-Pivet (RE), Élisabeth Borne (RE)",Harris Interactive,1–4 Sep 2023,2023-09-04,2525,Yannick Jadot (LE),unknown,5.0,2026-07-07
First round,Until March 2025,3,"Bernard Cazeneuve (LC), Bruno Le Maire (RE), Bruno Retailleau, Carole Delga (PS), Edouard Philippe, Eric Zemmour, Fabien Roussel, Francois Ruffin, François Bayrou (MD), François Hollande (PS), Gabriel Attal, Gerald Darmanin, Jean Castex (IND), Jean Lassalle(RES), Jean-Luc Melenchon, Laurent Wauquiez, Marine Le Pen, Marine Tondelier, Michel Barnier (LR), Nathalie Arthaud (LO), Nicolas Dupont-Aignan (DLF), Olivier Faure, Raphael Glucksmann, Sandrine Rousseau (LE), Xavier Bertrand (NF), Yannick Jadot (LE), Yaël Braun-Pivet (RE), Élisabeth Borne (RE)",Harris Interactive,1–4 Sep 2023,2023-09-04,2525,Yannick Jadot (LE),unknown,6.0,2026-07-07
First round,Until March 2025,3,"Bernard Cazeneuve (LC), Bruno Le Maire (RE), Bruno Retailleau, Carole Delga (PS), Edouard Philippe, Eric Zemmour, Fabien Roussel, Francois Ruffin, François Bayrou (MD), François Hollande (PS), Gabriel Attal, Gerald Darmanin, Jean Castex (IND), Jean Lassalle(RES), Jean-Luc Melenchon, Laurent Wauquiez, Marine Le Pen, Marine Tondelier, Michel Barnier (LR), Nathalie Arthaud (LO), Nicolas Dupont-Aignan (DLF), Olivier Faure, Raphael Glucksmann, Sandrine Rousseau (LE), Xavier Bertrand (NF), Yannick Jadot (LE), Yaël Braun-Pivet (RE), Élisabeth Borne (RE)",Harris Interactive,1–4 Sep 2023,2023-09-04,2525,Yannick Jadot (LE),unknown,7.0,2026-07-07
First round,Until March 2025,3,"Bernard Cazeneuve (LC), Bruno Le Maire (RE), Bruno Retailleau, Carole Delga (PS), Edouard Philippe, Eric Zemmour, Fabien Roussel, Francois Ruffin, François Bayrou (MD), François Hollande (PS), Gabriel Attal, Gerald Darmanin, Jean Castex (IND), Jean Lassalle(RES), Jean-Luc Melenchon, Laurent Wauquiez, Marine Le Pen, Marine Tondelier, Michel Barnier (LR), Nathalie Arthaud (LO), Nicolas Dupont-Aignan (DLF), Olivier Faure, Raphael Glucksmann, Sandrine Rousseau (LE), Xavier Bertrand (NF), Yannick Jadot (LE), Yaël Braun-Pivet (RE), Élisabeth Borne (RE)",Harris Interactive,1–4 Sep 2023,2023-09-04,2525,Yaël Braun-Pivet (RE),unknown,5.0,2026-07-07
First round,Until March 2025,3,"Bernard Cazeneuve (LC), Bruno Le Maire (RE), Bruno Retailleau, Carole Delga (PS), Edouard Philippe, Eric Zemmour, Fabien Roussel, Francois Ruffin, François Bayrou (MD), François Hollande (PS), Gabriel Attal, Gerald Darmanin, Jean Castex (IND), Jean Lassalle(RES), Jean-Luc Melenchon, Laurent Wauquiez, Marine Le Pen, Marine Tondelier, Michel Barnier (LR), Nathalie Arthaud (LO), Nicolas Dupont-Aignan (DLF), Olivier Faure, Raphael Glucksmann, Sandrine Rousseau (LE), Xavier Bertrand (NF), Yannick Jadot (LE), Yaël Braun-Pivet (RE), Élisabeth Borne (RE)",Harris Interactive,1–4 Sep 2023,2023-09-04,2525,Élisabeth Borne (RE),unknown,11.0,2026-07-07
First round,Until March 2025,3,"Bernard Cazeneuve (LC), Bruno Le Maire (RE), Bruno Retailleau, Carole Delga (PS), Edouard Philippe, Eric Zemmour, Fabien Roussel, Francois Ruffin, François Bayrou (MD), François Hollande (PS), Gabriel Attal, Gerald Darmanin, Jean Castex (IND), Jean Lassalle(RES), Jean-Luc Melenchon, Laurent Wauquiez, Marine Le Pen, Marine Tondelier, Michel Barnier (LR), Nathalie Arthaud (LO), Nicolas Dupont-Aignan (DLF), Olivier Faure, Raphael Glucksmann, Sandrine Rousseau (LE), Xavier Bertrand (NF), Yannick Jadot (LE), Yaël Braun-Pivet (RE), Élisabeth Borne (RE)",Ifop,24–25 Oct 2023,2023-10-25,1179,Bruno Le Maire (RE),unknown,18.0,2026-07-07
First round,Until March 2025,3,"Bernard Cazeneuve (LC), Bruno Le Maire (RE), Bruno Retailleau, Carole Delga (PS), Edouard Philippe, Eric Zemmour, Fabien Roussel, Francois Ruffin, François Bayrou (MD), François Hollande (PS), Gabriel Attal, Gerald Darmanin, Jean Castex (IND), Jean Lassalle(RES), Jean-Luc Melenchon, Laurent Wauquiez, Marine Le Pen, Marine Tondelier, Michel Barnier (LR), Nathalie Arthaud (LO), Nicolas Dupont-Aignan (DLF), Olivier Faure, Raphael Glucksmann, Sandrine Rousseau (LE), Xavier Bertrand (NF), Yannick Jadot (LE), Yaël Braun-Pivet (RE), Élisabeth Borne (RE)",Ifop,24–25 Oct 2023,2023-10-25,1179,Edouard Philippe,undeclared,1.0,2026-07-07
First round,Until March 2025,3,"Bernard Cazeneuve (LC), Bruno Le Maire (RE), Bruno Retailleau, Carole Delga (PS), Edouard Philippe, Eric Zemmour, Fabien Roussel, Francois Ruffin, François Bayrou (MD), François Hollande (PS), Gabriel Attal, Gerald Darmanin, Jean Castex (IND), Jean Lassalle(RES), Jean-Luc Melenchon, Laurent Wauquiez, Marine Le Pen, Marine Tondelier, Michel Barnier (LR), Nathalie Arthaud (LO), Nicolas Dupont-Aignan (DLF), Olivier Faure, Raphael Glucksmann, Sandrine Rousseau (LE), Xavier Bertrand (NF), Yannick Jadot (LE), Yaël Braun-Pivet (RE), Élisabeth Borne (RE)",Ifop,24–25 Oct 2023,2023-10-25,1179,Edouard Philippe,undeclared,1.5,2026-07-07
First round,Until March 2025,3,"Bernard Cazeneuve (LC), Bruno Le Maire (RE), Bruno Retailleau, Carole Delga (PS), Edouard Philippe, Eric Zemmour, Fabien Roussel, Francois Ruffin, François Bayrou (MD), François Hollande (PS), Gabriel Attal, Gerald Darmanin, Jean Castex (IND), Jean Lassalle(RES), Jean-Luc Melenchon, Laurent Wauquiez, Marine Le Pen, Marine Tondelier, Michel Barnier (LR), Nathalie Arthaud (LO), Nicolas Dupont-Aignan (DLF), Olivier Faure, Raphael Glucksmann, Sandrine Rousseau (LE), Xavier Bertrand (NF), Yannick Jadot (LE), Yaël Braun-Pivet (RE), Élisabeth Borne (RE)",Ifop,24–25 Oct 2023,2023-10-25,1179,Edouard Philippe,undeclared,2.0,2026-07-07
First round,Until March 2025,3,"Bernard Cazeneuve (LC), Bruno Le Maire (RE), Bruno Retailleau, Carole Delga (PS), Edouard Philippe, Eric Zemmour, Fabien Roussel, Francois Ruffin, François Bayrou (MD), François Hollande (PS), Gabriel Attal, Gerald Darmanin, Jean Castex (IND), Jean Lassalle(RES), Jean-Luc Melenchon, Laurent Wauquiez, Marine Le Pen, Marine Tondelier, Michel Barnier (LR), Nathalie Arthaud (LO), Nicolas Dupont-Aignan (DLF), Olivier Faure, Raphael Glucksmann, Sandrine Rousseau (LE), Xavier Bertrand (NF), Yannick Jadot (LE), Yaël Braun-Pivet (RE), Élisabeth Borne (RE)",Ifop,24–25 Oct 2023,2023-10-25,1179,Edouard Philippe,undeclared,26.0,2026-07-07
First round,Until March 2025,3,"Bernard Cazeneuve (LC), Bruno Le Maire (RE), Bruno Retailleau, Carole Delga (PS), Edouard Philippe, Eric Zemmour, Fabien Roussel, Francois Ruffin, François Bayrou (MD), François Hollande (PS), Gabriel Attal, Gerald Darmanin, Jean Castex (IND), Jean Lassalle(RES), Jean-Luc Melenchon, Laurent Wauquiez, Marine Le Pen, Marine Tondelier, Michel Barnier (LR), Nathalie Arthaud (LO), Nicolas Dupont-Aignan (DLF), Olivier Faure, Raphael Glucksmann, Sandrine Rousseau (LE), Xavier Bertrand (NF), Yannick Jadot (LE), Yaël Braun-Pivet (RE), Élisabeth Borne (RE)",Ifop,24–25 Oct 2023,2023-10-25,1179,Edouard Philippe,undeclared,25.0,2026-07-07
First round,Until March 2025,3,"Bernard Cazeneuve (LC), Bruno Le Maire (RE), Bruno Retailleau, Carole Delga (PS), Edouard Philippe, Eric Zemmour, Fabien Roussel, Francois Ruffin, François Bayrou (MD), François Hollande (PS), Gabriel Attal, Gerald Darmanin, Jean Castex (IND), Jean Lassalle(RES), Jean-Luc Melenchon, Laurent Wauquiez, Marine Le Pen, Marine Tondelier, Michel Barnier (LR), Nathalie Arthaud (LO), Nicolas Dupont-Aignan (DLF), Olivier Faure, Raphael Glucksmann, Sandrine Rousseau (LE), Xavier Bertrand (NF), Yannick Jadot (LE), Yaël Braun-Pivet (RE), Élisabeth Borne (RE)",Ifop,24–25 Oct 2023,2023-10-25,1179,Eric Zemmour,undeclared,6.0,2026-07-07
First round,Until March 2025,3,"Bernard Cazeneuve (LC), Bruno Le Maire (RE), Bruno Retailleau, Carole Delga (PS), Edouard Philippe, Eric Zemmour, Fabien Roussel, Francois Ruffin, François Bayrou (MD), François Hollande (PS), Gabriel Attal, Gerald Darmanin, Jean Castex (IND), Jean Lassalle(RES), Jean-Luc Melenchon, Laurent Wauquiez, Marine Le Pen, Marine Tondelier, Michel Barnier (LR), Nathalie Arthaud (LO), Nicolas Dupont-Aignan (DLF), Olivier Faure, Raphael Glucksmann, Sandrine Rousseau (LE), Xavier Bertrand (NF), Yannick Jadot (LE), Yaël Braun-Pivet (RE), Élisabeth Borne (RE)",Ifop,24–25 Oct 2023,2023-10-25,1179,Eric Zemmour,undeclared,7.0,2026-07-07
First round,Until March 2025,3,"Bernard Cazeneuve (LC), Bruno Le Maire (RE), Bruno Retailleau, Carole Delga (PS), Edouard Philippe, Eric Zemmour, Fabien Roussel, Francois Ruffin, François Bayrou (MD), François Hollande (PS), Gabriel Attal, Gerald Darmanin, Jean Castex (IND), Jean Lassalle(RES), Jean-Luc Melenchon, Laurent Wauquiez, Marine Le Pen, Marine Tondelier, Michel Barnier (LR), Nathalie Arthaud (LO), Nicolas Dupont-Aignan (DLF), Olivier Faure, Raphael Glucksmann, Sandrine Rousseau (LE), Xavier Bertrand (NF), Yannick Jadot (LE), Yaël Braun-Pivet (RE), Élisabeth Borne (RE)",Ifop,24–25 Oct 2023,2023-10-25,1179,Eric Zemmour,undeclared,6.5,2026-07-07
First round,Until March 2025,3,"Bernard Cazeneuve (LC), Bruno Le Maire (RE), Bruno Retailleau, Carole Delga (PS), Edouard Philippe, Eric Zemmour, Fabien Roussel, Francois Ruffin, François Bayrou (MD), François Hollande (PS), Gabriel Attal, Gerald Darmanin, Jean Castex (IND), Jean Lassalle(RES), Jean-Luc Melenchon, Laurent Wauquiez, Marine Le Pen, Marine Tondelier, Michel Barnier (LR), Nathalie Arthaud (LO), Nicolas Dupont-Aignan (DLF), Olivier Faure, Raphael Glucksmann, Sandrine Rousseau (LE), Xavier Bertrand (NF), Yannick Jadot (LE), Yaël Braun-Pivet (RE), Élisabeth Borne (RE)",Ifop,24–25 Oct 2023,2023-10-25,1179,Fabien Roussel,undeclared,6.0,2026-07-07
First round,Until March 2025,3,"Bernard Cazeneuve (LC), Bruno Le Maire (RE), Bruno Retailleau, Carole Delga (PS), Edouard Philippe, Eric Zemmour, Fabien Roussel, Francois Ruffin, François Bayrou (MD), François Hollande (PS), Gabriel Attal, Gerald Darmanin, Jean Castex (IND), Jean Lassalle(RES), Jean-Luc Melenchon, Laurent Wauquiez, Marine Le Pen, Marine Tondelier, Michel Barnier (LR), Nathalie Arthaud (LO), Nicolas Dupont-Aignan (DLF), Olivier Faure, Raphael Glucksmann, Sandrine Rousseau (LE), Xavier Bertrand (NF), Yannick Jadot (LE), Yaël Braun-Pivet (RE), Élisabeth Borne (RE)",Ifop,24–25 Oct 2023,2023-10-25,1179,Fabien Roussel,undeclared,7.0,2026-07-07
First round,Until March 2025,3,"Bernard Cazeneuve (LC), Bruno Le Maire (RE), Bruno Retailleau, Carole Delga (PS), Edouard Philippe, Eric Zemmour, Fabien Roussel, Francois Ruffin, François Bayrou (MD), François Hollande (PS), Gabriel Attal, Gerald Darmanin, Jean Castex (IND), Jean Lassalle(RES), Jean-Luc Melenchon, Laurent Wauquiez, Marine Le Pen, Marine Tondelier, Michel Barnier (LR), Nathalie Arthaud (LO), Nicolas Dupont-Aignan (DLF), Olivier Faure, Raphael Glucksmann, Sandrine Rousseau (LE), Xavier Bertrand (NF), Yannick Jadot (LE), Yaël Braun-Pivet (RE), Élisabeth Borne (RE)",Ifop,24–25 Oct 2023,2023-10-25,1179,Fabien Roussel,undeclared,7.5,2026-07-07
First round,Until March 2025,3,"Bernard Cazeneuve (LC), Bruno Le Maire (RE), Bruno Retailleau, Carole Delga (PS), Edouard Philippe, Eric Zemmour, Fabien Roussel, Francois Ruffin, François Bayrou (MD), François Hollande (PS), Gabriel Attal, Gerald Darmanin, Jean Castex (IND), Jean Lassalle(RES), Jean-Luc Melenchon, Laurent Wauquiez, Marine Le Pen, Marine Tondelier, Michel Barnier (LR), Nathalie Arthaud (LO), Nicolas Dupont-Aignan (DLF), Olivier Faure, Raphael Glucksmann, Sandrine Rousseau (LE), Xavier Bertrand (NF), Yannick Jadot (LE), Yaël Braun-Pivet (RE), Élisabeth Borne (RE)",Ifop,24–25 Oct 2023,2023-10-25,1179,Francois Ruffin,undeclared,7.0,2026-07-07
First round,Until March 2025,3,"Bernard Cazeneuve (LC), Bruno Le Maire (RE), Bruno Retailleau, Carole Delga (PS), Edouard Philippe, Eric Zemmour, Fabien Roussel, Francois Ruffin, François Bayrou (MD), François Hollande (PS), Gabriel Attal, Gerald Darmanin, Jean Castex (IND), Jean Lassalle(RES), Jean-Luc Melenchon, Laurent Wauquiez, Marine Le Pen, Marine Tondelier, Michel Barnier (LR), Nathalie Arthaud (LO), Nicolas Dupont-Aignan (DLF), Olivier Faure, Raphael Glucksmann, Sandrine Rousseau (LE), Xavier Bertrand (NF), Yannick Jadot (LE), Yaël Braun-Pivet (RE), Élisabeth Borne (RE)",Ifop,24–25 Oct 2023,2023-10-25,1179,Gabriel Attal,undeclared,19.0,2026-07-07
First round,Until March 2025,3,"Bernard Cazeneuve (LC), Bruno Le Maire (RE), Bruno Retailleau, Carole Delga (PS), Edouard Philippe, Eric Zemmour, Fabien Roussel, Francois Ruffin, François Bayrou (MD), François Hollande (PS), Gabriel Attal, Gerald Darmanin, Jean Castex (IND), Jean Lassalle(RES), Jean-Luc Melenchon, Laurent Wauquiez, Marine Le Pen, Marine Tondelier, Michel Barnier (LR), Nathalie Arthaud (LO), Nicolas Dupont-Aignan (DLF), Olivier Faure, Raphael Glucksmann, Sandrine Rousseau (LE), Xavier Bertrand (NF), Yannick Jadot (LE), Yaël Braun-Pivet (RE), Élisabeth Borne (RE)",Ifop,24–25 Oct 2023,2023-10-25,1179,Gerald Darmanin,undeclared,16.0,2026-07-07
First round,Until March 2025,3,"Bernard Cazeneuve (LC), Bruno Le Maire (RE), Bruno Retailleau, Carole Delga (PS), Edouard Philippe, Eric Zemmour, Fabien Roussel, Francois Ruffin, François Bayrou (MD), François Hollande (PS), Gabriel Attal, Gerald Darmanin, Jean Castex (IND), Jean Lassalle(RES), Jean-Luc Melenchon, Laurent Wauquiez, Marine Le Pen, Marine Tondelier, Michel Barnier (LR), Nathalie Arthaud (LO), Nicolas Dupont-Aignan (DLF), Olivier Faure, Raphael Glucksmann, Sandrine Rousseau (LE), Xavier Bertrand (NF), Yannick Jadot (LE), Yaël Braun-Pivet (RE), Élisabeth Borne (RE)",Ifop,24–25 Oct 2023,2023-10-25,1179,Jean Lassalle(RES),unknown,4.0,2026-07-07
First round,Until March 2025,3,"Bernard Cazeneuve (LC), Bruno Le Maire (RE), Bruno Retailleau, Carole Delga (PS), Edouard Philippe, Eric Zemmour, Fabien Roussel, Francois Ruffin, François Bayrou (MD), François Hollande (PS), Gabriel Attal, Gerald Darmanin, Jean Castex (IND), Jean Lassalle(RES), Jean-Luc Melenchon, Laurent Wauquiez, Marine Le Pen, Marine Tondelier, Michel Barnier (LR), Nathalie Arthaud (LO), Nicolas Dupont-Aignan (DLF), Olivier Faure, Raphael Glucksmann, Sandrine Rousseau (LE), Xavier Bertrand (NF), Yannick Jadot (LE), Yaël Braun-Pivet (RE), Élisabeth Borne (RE)",Ifop,24–25 Oct 2023,2023-10-25,1179,Jean Lassalle(RES),unknown,3.5,2026-07-07
First round,Until March 2025,3,"Bernard Cazeneuve (LC), Bruno Le Maire (RE), Bruno Retailleau, Carole Delga (PS), Edouard Philippe, Eric Zemmour, Fabien Roussel, Francois Ruffin, François Bayrou (MD), François Hollande (PS), Gabriel Attal, Gerald Darmanin, Jean Castex (IND), Jean Lassalle(RES), Jean-Luc Melenchon, Laurent Wauquiez, Marine Le Pen, Marine Tondelier, Michel Barnier (LR), Nathalie Arthaud (LO), Nicolas Dupont-Aignan (DLF), Olivier Faure, Raphael Glucksmann, Sandrine Rousseau (LE), Xavier Bertrand (NF), Yannick Jadot (LE), Yaël Braun-Pivet (RE), Élisabeth Borne (RE)",Ifop,24–25 Oct 2023,2023-10-25,1179,Jean Lassalle(RES),unknown,3.0,2026-07-07
First round,Until March 2025,3,"Bernard Cazeneuve (LC), Bruno Le Maire (RE), Bruno Retailleau, Carole Delga (PS), Edouard Philippe, Eric Zemmour, Fabien Roussel, Francois Ruffin, François Bayrou (MD), François Hollande (PS), Gabriel Attal, Gerald Darmanin, Jean Castex (IND), Jean Lassalle(RES), Jean-Luc Melenchon, Laurent Wauquiez, Marine Le Pen, Marine Tondelier, Michel Barnier (LR), Nathalie Arthaud (LO), Nicolas Dupont-Aignan (DLF), Olivier Faure, Raphael Glucksmann, Sandrine Rousseau (LE), Xavier Bertrand (NF), Yannick Jadot (LE), Yaël Braun-Pivet (RE), Élisabeth Borne (RE)",Ifop,24–25 Oct 2023,2023-10-25,1179,Jean Lassalle(RES),unknown,2.5,2026-07-07
First round,Until March 2025,3,"Bernard Cazeneuve (LC), Bruno Le Maire (RE), Bruno Retailleau, Carole Delga (PS), Edouard Philippe, Eric Zemmour, Fabien Roussel, Francois Ruffin, François Bayrou (MD), François Hollande (PS), Gabriel Attal, Gerald Darmanin, Jean Castex (IND), Jean Lassalle(RES), Jean-Luc Melenchon, Laurent Wauquiez, Marine Le Pen, Marine Tondelier, Michel Barnier (LR), Nathalie Arthaud (LO), Nicolas Dupont-Aignan (DLF), Olivier Faure, Raphael Glucksmann, Sandrine Rousseau (LE), Xavier Bertrand (NF), Yannick Jadot (LE), Yaël Braun-Pivet (RE), Élisabeth Borne (RE)",Ifop,24–25 Oct 2023,2023-10-25,1179,Jean-Luc Melenchon,undeclared,14.0,2026-07-07
First round,Until March 2025,3,"Bernard Cazeneuve (LC), Bruno Le Maire (RE), Bruno Retailleau, Carole Delga (PS), Edouard Philippe, Eric Zemmour, Fabien Roussel, Francois Ruffin, François Bayrou (MD), François Hollande (PS), Gabriel Attal, Gerald Darmanin, Jean Castex (IND), Jean Lassalle(RES), Jean-Luc Melenchon, Laurent Wauquiez, Marine Le Pen, Marine Tondelier, Michel Barnier (LR), Nathalie Arthaud (LO), Nicolas Dupont-Aignan (DLF), Olivier Faure, Raphael Glucksmann, Sandrine Rousseau (LE), Xavier Bertrand (NF), Yannick Jadot (LE), Yaël Braun-Pivet (RE), Élisabeth Borne (RE)",Ifop,24–25 Oct 2023,2023-10-25,1179,Jean-Luc Melenchon,undeclared,15.0,2026-07-07
First round,Until March 2025,3,"Bernard Cazeneuve (LC), Bruno Le Maire (RE), Bruno Retailleau, Carole Delga (PS), Edouard Philippe, Eric Zemmour, Fabien Roussel, Francois Ruffin, François Bayrou (MD), François Hollande (PS), Gabriel Attal, Gerald Darmanin, Jean Castex (IND), Jean Lassalle(RES), Jean-Luc Melenchon, Laurent Wauquiez, Marine Le Pen, Marine Tondelier, Michel Barnier (LR), Nathalie Arthaud (LO), Nicolas Dupont-Aignan (DLF), Olivier Faure, Raphael Glucksmann, Sandrine Rousseau (LE), Xavier Bertrand (NF), Yannick Jadot (LE), Yaël Braun-Pivet (RE), Élisabeth Borne (RE)",Ifop,24–25 Oct 2023,2023-10-25,1179,Laurent Wauquiez,undeclared,6.0,2026-07-07
First round,Until March 2025,3,"Bernard Cazeneuve (LC), Bruno Le Maire (RE), Bruno Retailleau, Carole Delga (PS), Edouard Philippe, Eric Zemmour, Fabien Roussel, Francois Ruffin, François Bayrou (MD), François Hollande (PS), Gabriel Attal, Gerald Darmanin, Jean Castex (IND), Jean Lassalle(RES), Jean-Luc Melenchon, Laurent Wauquiez, Marine Le Pen, Marine Tondelier, Michel Barnier (LR), Nathalie Arthaud (LO), Nicolas Dupont-Aignan (DLF), Olivier Faure, Raphael Glucksmann, Sandrine Rousseau (LE), Xavier Bertrand (NF), Yannick Jadot (LE), Yaël Braun-Pivet (RE), Élisabeth Borne (RE)",Ifop,24–25 Oct 2023,2023-10-25,1179,Laurent Wauquiez,undeclared,5.0,2026-07-07
First round,Until March 2025,3,"Bernard Cazeneuve (LC), Bruno Le Maire (RE), Bruno Retailleau, Carole Delga (PS), Edouard Philippe, Eric Zemmour, Fabien Roussel, Francois Ruffin, François Bayrou (MD), François Hollande (PS), Gabriel Attal, Gerald Darmanin, Jean Castex (IND), Jean Lassalle(RES), Jean-Luc Melenchon, Laurent Wauquiez, Marine Le Pen, Marine Tondelier, Michel Barnier (LR), Nathalie Arthaud (LO), Nicolas Dupont-Aignan (DLF), Olivier Faure, Raphael Glucksmann, Sandrine Rousseau (LE), Xavier Bertrand (NF), Yannick Jadot (LE), Yaël Braun-Pivet (RE), Élisabeth Borne (RE)",Ifop,24–25 Oct 2023,2023-10-25,1179,Marine Le Pen,candidate,33.0,2026-07-07
First round,Until March 2025,3,"Bernard Cazeneuve (LC), Bruno Le Maire (RE), Bruno Retailleau, Carole Delga (PS), Edouard Philippe, Eric Zemmour, Fabien Roussel, Francois Ruffin, François Bayrou (MD), François Hollande (PS), Gabriel Attal, Gerald Darmanin, Jean Castex (IND), Jean Lassalle(RES), Jean-Luc Melenchon, Laurent Wauquiez, Marine Le Pen, Marine Tondelier, Michel Barnier (LR), Nathalie Arthaud (LO), Nicolas Dupont-Aignan (DLF), Olivier Faure, Raphael Glucksmann, Sandrine Rousseau (LE), Xavier Bertrand (NF), Yannick Jadot (LE), Yaël Braun-Pivet (RE), Élisabeth Borne (RE)",Ifop,24–25 Oct 2023,2023-10-25,1179,Marine Le Pen,candidate,32.0,2026-07-07
First round,Until March 2025,3,"Bernard Cazeneuve (LC), Bruno Le Maire (RE), Bruno Retailleau, Carole Delga (PS), Edouard Philippe, Eric Zemmour, Fabien Roussel, Francois Ruffin, François Bayrou (MD), François Hollande (PS), Gabriel Attal, Gerald Darmanin, Jean Castex (IND), Jean Lassalle(RES), Jean-Luc Melenchon, Laurent Wauquiez, Marine Le Pen, Marine Tondelier, Michel Barnier (LR), Nathalie Arthaud (LO), Nicolas Dupont-Aignan (DLF), Olivier Faure, Raphael Glucksmann, Sandrine Rousseau (LE), Xavier Bertrand (NF), Yannick Jadot (LE), Yaël Braun-Pivet (RE), Élisabeth Borne (RE)",Ifop,24–25 Oct 2023,2023-10-25,1179,Marine Le Pen,candidate,31.0,2026-07-07
First round,Until March 2025,3,"Bernard Cazeneuve (LC), Bruno Le Maire (RE), Bruno Retailleau, Carole Delga (PS), Edouard Philippe, Eric Zemmour, Fabien Roussel, Francois Ruffin, François Bayrou (MD), François Hollande (PS), Gabriel Attal, Gerald Darmanin, Jean Castex (IND), Jean Lassalle(RES), Jean-Luc Melenchon, Laurent Wauquiez, Marine Le Pen, Marine Tondelier, Michel Barnier (LR), Nathalie Arthaud (LO), Nicolas Dupont-Aignan (DLF), Olivier Faure, Raphael Glucksmann, Sandrine Rousseau (LE), Xavier Bertrand (NF), Yannick Jadot (LE), Yaël Braun-Pivet (RE), Élisabeth Borne (RE)",Ifop,24–25 Oct 2023,2023-10-25,1179,Marine Tondelier,undeclared,2.0,2026-07-07
First round,Until March 2025,3,"Bernard Cazeneuve (LC), Bruno Le Maire (RE), Bruno Retailleau, Carole Delga (PS), Edouard Philippe, Eric Zemmour, Fabien Roussel, Francois Ruffin, François Bayrou (MD), François Hollande (PS), Gabriel Attal, Gerald Darmanin, Jean Castex (IND), Jean Lassalle(RES), Jean-Luc Melenchon, Laurent Wauquiez, Marine Le Pen, Marine Tondelier, Michel Barnier (LR), Nathalie Arthaud (LO), Nicolas Dupont-Aignan (DLF), Olivier Faure, Raphael Glucksmann, Sandrine Rousseau (LE), Xavier Bertrand (NF), Yannick Jadot (LE), Yaël Braun-Pivet (RE), Élisabeth Borne (RE)",Ifop,24–25 Oct 2023,2023-10-25,1179,Marine Tondelier,undeclared,1.0,2026-07-07
First round,Until March 2025,3,"Bernard Cazeneuve (LC), Bruno Le Maire (RE), Bruno Retailleau, Carole Delga (PS), Edouard Philippe, Eric Zemmour, Fabien Roussel, Francois Ruffin, François Bayrou (MD), François Hollande (PS), Gabriel Attal, Gerald Darmanin, Jean Castex (IND), Jean Lassalle(RES), Jean-Luc Melenchon, Laurent Wauquiez, Marine Le Pen, Marine Tondelier, Michel Barnier (LR), Nathalie Arthaud (LO), Nicolas Dupont-Aignan (DLF), Olivier Faure, Raphael Glucksmann, Sandrine Rousseau (LE), Xavier Bertrand (NF), Yannick Jadot (LE), Yaël Braun-Pivet (RE), Élisabeth Borne (RE)",Ifop,24–25 Oct 2023,2023-10-25,1179,Nathalie Arthaud (LO),unknown,1.0,2026-07-07
First round,Until March 2025,3,"Bernard Cazeneuve (LC), Bruno Le Maire (RE), Bruno Retailleau, Carole Delga (PS), Edouard Philippe, Eric Zemmour, Fabien Roussel, Francois Ruffin, François Bayrou (MD), François Hollande (PS), Gabriel Attal, Gerald Darmanin, Jean Castex (IND), Jean Lassalle(RES), Jean-Luc Melenchon, Laurent Wauquiez, Marine Le Pen, Marine Tondelier, Michel Barnier (LR), Nathalie Arthaud (LO), Nicolas Dupont-Aignan (DLF), Olivier Faure, Raphael Glucksmann, Sandrine Rousseau (LE), Xavier Bertrand (NF), Yannick Jadot (LE), Yaël Braun-Pivet (RE), Élisabeth Borne (RE)",Ifop,24–25 Oct 2023,2023-10-25,1179,Nathalie Arthaud (LO),unknown,1.5,2026-07-07
First round,Until March 2025,3,"Bernard Cazeneuve (LC), Bruno Le Maire (RE), Bruno Retailleau, Carole Delga (PS), Edouard Philippe, Eric Zemmour, Fabien Roussel, Francois Ruffin, François Bayrou (MD), François Hollande (PS), Gabriel Attal, Gerald Darmanin, Jean Castex (IND), Jean Lassalle(RES), Jean-Luc Melenchon, Laurent Wauquiez, Marine Le Pen, Marine Tondelier, Michel Barnier (LR), Nathalie Arthaud (LO), Nicolas Dupont-Aignan (DLF), Olivier Faure, Raphael Glucksmann, Sandrine Rousseau (LE), Xavier Bertrand (NF), Yannick Jadot (LE), Yaël Braun-Pivet (RE), Élisabeth Borne (RE)",Ifop,24–25 Oct 2023,2023-10-25,1179,Nicolas Dupont-Aignan (DLF),unknown,3.0,2026-07-07
First round,Until March 2025,3,"Bernard Cazeneuve (LC), Bruno Le Maire (RE), Bruno Retailleau, Carole Delga (PS), Edouard Philippe, Eric Zemmour, Fabien Roussel, Francois Ruffin, François Bayrou (MD), François Hollande (PS), Gabriel Attal, Gerald Darmanin, Jean Castex (IND), Jean Lassalle(RES), Jean-Luc Melenchon, Laurent Wauquiez, Marine Le Pen, Marine Tondelier, Michel Barnier (LR), Nathalie Arthaud (LO), Nicolas Dupont-Aignan (DLF), Olivier Faure, Raphael Glucksmann, Sandrine Rousseau (LE), Xavier Bertrand (NF), Yannick Jadot (LE), Yaël Braun-Pivet (RE), Élisabeth Borne (RE)",Ifop,24–25 Oct 2023,2023-10-25,1179,Nicolas Dupont-Aignan (DLF),unknown,2.5,2026-07-07
First round,Until March 2025,3,"Bernard Cazeneuve (LC), Bruno Le Maire (RE), Bruno Retailleau, Carole Delga (PS), Edouard Philippe, Eric Zemmour, Fabien Roussel, Francois Ruffin, François Bayrou (MD), François Hollande (PS), Gabriel Attal, Gerald Darmanin, Jean Castex (IND), Jean Lassalle(RES), Jean-Luc Melenchon, Laurent Wauquiez, Marine Le Pen, Marine Tondelier, Michel Barnier (LR), Nathalie Arthaud (LO), Nicolas Dupont-Aignan (DLF), Olivier Faure, Raphael Glucksmann, Sandrine Rousseau (LE), Xavier Bertrand (NF), Yannick Jadot (LE), Yaël Braun-Pivet (RE), Élisabeth Borne (RE)",Ifop,24–25 Oct 2023,2023-10-25,1179,Nicolas Dupont-Aignan (DLF),unknown,2.0,2026-07-07
First round,Until March 2025,3,"Bernard Cazeneuve (LC), Bruno Le Maire (RE), Bruno Retailleau, Carole Delga (PS), Edouard Philippe, Eric Zemmour, Fabien Roussel, Francois Ruffin, François Bayrou (MD), François Hollande (PS), Gabriel Attal, Gerald Darmanin, Jean Castex (IND), Jean Lassalle(RES), Jean-Luc Melenchon, Laurent Wauquiez, Marine Le Pen, Marine Tondelier, Michel Barnier (LR), Nathalie Arthaud (LO), Nicolas Dupont-Aignan (DLF), Olivier Faure, Raphael Glucksmann, Sandrine Rousseau (LE), Xavier Bertrand (NF), Yannick Jadot (LE), Yaël Braun-Pivet (RE), Élisabeth Borne (RE)",Ifop,24–25 Oct 2023,2023-10-25,1179,Olivier Faure,undeclared,5.0,2026-07-07
First round,Until March 2025,3,"Bernard Cazeneuve (LC), Bruno Le Maire (RE), Bruno Retailleau, Carole Delga (PS), Edouard Philippe, Eric Zemmour, Fabien Roussel, Francois Ruffin, François Bayrou (MD), François Hollande (PS), Gabriel Attal, Gerald Darmanin, Jean Castex (IND), Jean Lassalle(RES), Jean-Luc Melenchon, Laurent Wauquiez, Marine Le Pen, Marine Tondelier, Michel Barnier (LR), Nathalie Arthaud (LO), Nicolas Dupont-Aignan (DLF), Olivier Faure, Raphael Glucksmann, Sandrine Rousseau (LE), Xavier Bertrand (NF), Yannick Jadot (LE), Yaël Braun-Pivet (RE), Élisabeth Borne (RE)",Ifop,24–25 Oct 2023,2023-10-25,1179,Olivier Faure,undeclared,6.0,2026-07-07
First round,Until March 2025,3,"Bernard Cazeneuve (LC), Bruno Le Maire (RE), Bruno Retailleau, Carole Delga (PS), Edouard Philippe, Eric Zemmour, Fabien Roussel, Francois Ruffin, François Bayrou (MD), François Hollande (PS), Gabriel Attal, Gerald Darmanin, Jean Castex (IND), Jean Lassalle(RES), Jean-Luc Melenchon, Laurent Wauquiez, Marine Le Pen, Marine Tondelier, Michel Barnier (LR), Nathalie Arthaud (LO), Nicolas Dupont-Aignan (DLF), Olivier Faure, Raphael Glucksmann, Sandrine Rousseau (LE), Xavier Bertrand (NF), Yannick Jadot (LE), Yaël Braun-Pivet (RE), Élisabeth Borne (RE)",Ifop,24–25 Oct 2023,2023-10-25,1179,Olivier Faure,undeclared,5.5,2026-07-07
First round,Until March 2025,3,"Bernard Cazeneuve (LC), Bruno Le Maire (RE), Bruno Retailleau, Carole Delga (PS), Edouard Philippe, Eric Zemmour, Fabien Roussel, Francois Ruffin, François Bayrou (MD), François Hollande (PS), Gabriel Attal, Gerald Darmanin, Jean Castex (IND), Jean Lassalle(RES), Jean-Luc Melenchon, Laurent Wauquiez, Marine Le Pen, Marine Tondelier, Michel Barnier (LR), Nathalie Arthaud (LO), Nicolas Dupont-Aignan (DLF), Olivier Faure, Raphael Glucksmann, Sandrine Rousseau (LE), Xavier Bertrand (NF), Yannick Jadot (LE), Yaël Braun-Pivet (RE), Élisabeth Borne (RE)",Ifop,24–25 Oct 2023,2023-10-25,1179,Olivier Faure,undeclared,4.0,2026-07-07
First round,Until March 2025,3,"Bernard Cazeneuve (LC), Bruno Le Maire (RE), Bruno Retailleau, Carole Delga (PS), Edouard Philippe, Eric Zemmour, Fabien Roussel, Francois Ruffin, François Bayrou (MD), François Hollande (PS), Gabriel Attal, Gerald Darmanin, Jean Castex (IND), Jean Lassalle(RES), Jean-Luc Melenchon, Laurent Wauquiez, Marine Le Pen, Marine Tondelier, Michel Barnier (LR), Nathalie Arthaud (LO), Nicolas Dupont-Aignan (DLF), Olivier Faure, Raphael Glucksmann, Sandrine Rousseau (LE), Xavier Bertrand (NF), Yannick Jadot (LE), Yaël Braun-Pivet (RE), Élisabeth Borne (RE)",Ifop,9–10 Jan 2024,2024-01-10,1144,Edouard Philippe,undeclared,2.0,2026-07-07
First round,Until March 2025,3,"Bernard Cazeneuve (LC), Bruno Le Maire (RE), Bruno Retailleau, Carole Delga (PS), Edouard Philippe, Eric Zemmour, Fabien Roussel, Francois Ruffin, François Bayrou (MD), François Hollande (PS), Gabriel Attal, Gerald Darmanin, Jean Castex (IND), Jean Lassalle(RES), Jean-Luc Melenchon, Laurent Wauquiez, Marine Le Pen, Marine Tondelier, Michel Barnier (LR), Nathalie Arthaud (LO), Nicolas Dupont-Aignan (DLF), Olivier Faure, Raphael Glucksmann, Sandrine Rousseau (LE), Xavier Bertrand (NF), Yannick Jadot (LE), Yaël Braun-Pivet (RE), Élisabeth Borne (RE)",Ifop,9–10 Jan 2024,2024-01-10,1144,Edouard Philippe,undeclared,1.5,2026-07-07
First round,Until March 2025,3,"Bernard Cazeneuve (LC), Bruno Le Maire (RE), Bruno Retailleau, Carole Delga (PS), Edouard Philippe, Eric Zemmour, Fabien Roussel, Francois Ruffin, François Bayrou (MD), François Hollande (PS), Gabriel Attal, Gerald Darmanin, Jean Castex (IND), Jean Lassalle(RES), Jean-Luc Melenchon, Laurent Wauquiez, Marine Le Pen, Marine Tondelier, Michel Barnier (LR), Nathalie Arthaud (LO), Nicolas Dupont-Aignan (DLF), Olivier Faure, Raphael Glucksmann, Sandrine Rousseau (LE), Xavier Bertrand (NF), Yannick Jadot (LE), Yaël Braun-Pivet (RE), Élisabeth Borne (RE)",Ifop,9–10 Jan 2024,2024-01-10,1144,Edouard Philippe,undeclared,26.0,2026-07-07
First round,Until March 2025,3,"Bernard Cazeneuve (LC), Bruno Le Maire (RE), Bruno Retailleau, Carole Delga (PS), Edouard Philippe, Eric Zemmour, Fabien Roussel, Francois Ruffin, François Bayrou (MD), François Hollande (PS), Gabriel Attal, Gerald Darmanin, Jean Castex (IND), Jean Lassalle(RES), Jean-Luc Melenchon, Laurent Wauquiez, Marine Le Pen, Marine Tondelier, Michel Barnier (LR), Nathalie Arthaud (LO), Nicolas Dupont-Aignan (DLF), Olivier Faure, Raphael Glucksmann, Sandrine Rousseau (LE), Xavier Bertrand (NF), Yannick Jadot (LE), Yaël Braun-Pivet (RE), Élisabeth Borne (RE)",Ifop,9–10 Jan 2024,2024-01-10,1144,Edouard Philippe,undeclared,25.0,2026-07-07
First round,Until March 2025,3,"Bernard Cazeneuve (LC), Bruno Le Maire (RE), Bruno Retailleau, Carole Delga (PS), Edouard Philippe, Eric Zemmour, Fabien Roussel, Francois Ruffin, François Bayrou (MD), François Hollande (PS), Gabriel Attal, Gerald Darmanin, Jean Castex (IND), Jean Lassalle(RES), Jean-Luc Melenchon, Laurent Wauquiez, Marine Le Pen, Marine Tondelier, Michel Barnier (LR), Nathalie Arthaud (LO), Nicolas Dupont-Aignan (DLF), Olivier Faure, Raphael Glucksmann, Sandrine Rousseau (LE), Xavier Bertrand (NF), Yannick Jadot (LE), Yaël Braun-Pivet (RE), Élisabeth Borne (RE)",Ifop,9–10 Jan 2024,2024-01-10,1144,Eric Zemmour,undeclared,9.0,2026-07-07
First round,Until March 2025,3,"Bernard Cazeneuve (LC), Bruno Le Maire (RE), Bruno Retailleau, Carole Delga (PS), Edouard Philippe, Eric Zemmour, Fabien Roussel, Francois Ruffin, François Bayrou (MD), François Hollande (PS), Gabriel Attal, Gerald Darmanin, Jean Castex (IND), Jean Lassalle(RES), Jean-Luc Melenchon, Laurent Wauquiez, Marine Le Pen, Marine Tondelier, Michel Barnier (LR), Nathalie Arthaud (LO), Nicolas Dupont-Aignan (DLF), Olivier Faure, Raphael Glucksmann, Sandrine Rousseau (LE), Xavier Bertrand (NF), Yannick Jadot (LE), Yaël Braun-Pivet (RE), Élisabeth Borne (RE)",Ifop,9–10 Jan 2024,2024-01-10,1144,Eric Zemmour,undeclared,8.0,2026-07-07
First round,Until March 2025,3,"Bernard Cazeneuve (LC), Bruno Le Maire (RE), Bruno Retailleau, Carole Delga (PS), Edouard Philippe, Eric Zemmour, Fabien Roussel, Francois Ruffin, François Bayrou (MD), François Hollande (PS), Gabriel Attal, Gerald Darmanin, Jean Castex (IND), Jean Lassalle(RES), Jean-Luc Melenchon, Laurent Wauquiez, Marine Le Pen, Marine Tondelier, Michel Barnier (LR), Nathalie Arthaud (LO), Nicolas Dupont-Aignan (DLF), Olivier Faure, Raphael Glucksmann, Sandrine Rousseau (LE), Xavier Bertrand (NF), Yannick Jadot (LE), Yaël Braun-Pivet (RE), Élisabeth Borne (RE)",Ifop,9–10 Jan 2024,2024-01-10,1144,Eric Zemmour,undeclared,6.5,2026-07-07
First round,Until March 2025,3,"Bernard Cazeneuve (LC), Bruno Le Maire (RE), Bruno Retailleau, Carole Delga (PS), Edouard Philippe, Eric Zemmour, Fabien Roussel, Francois Ruffin, François Bayrou (MD), François Hollande (PS), Gabriel Attal, Gerald Darmanin, Jean Castex (IND), Jean Lassalle(RES), Jean-Luc Melenchon, Laurent Wauquiez, Marine Le Pen, Marine Tondelier, Michel Barnier (LR), Nathalie Arthaud (LO), Nicolas Dupont-Aignan (DLF), Olivier Faure, Raphael Glucksmann, Sandrine Rousseau (LE), Xavier Bertrand (NF), Yannick Jadot (LE), Yaël Braun-Pivet (RE), Élisabeth Borne (RE)",Ifop,9–10 Jan 2024,2024-01-10,1144,Fabien Roussel,undeclared,5.0,2026-07-07
First round,Until March 2025,3,"Bernard Cazeneuve (LC), Bruno Le Maire (RE), Bruno Retailleau, Carole Delga (PS), Edouard Philippe, Eric Zemmour, Fabien Roussel, Francois Ruffin, François Bayrou (MD), François Hollande (PS), Gabriel Attal, Gerald Darmanin, Jean Castex (IND), Jean Lassalle(RES), Jean-Luc Melenchon, Laurent Wauquiez, Marine Le Pen, Marine Tondelier, Michel Barnier (LR), Nathalie Arthaud (LO), Nicolas Dupont-Aignan (DLF), Olivier Faure, Raphael Glucksmann, Sandrine Rousseau (LE), Xavier Bertrand (NF), Yannick Jadot (LE), Yaël Braun-Pivet (RE), Élisabeth Borne (RE)",Ifop,9–10 Jan 2024,2024-01-10,1144,Fabien Roussel,undeclared,6.0,2026-07-07
First round,Until March 2025,3,"Bernard Cazeneuve (LC), Bruno Le Maire (RE), Bruno Retailleau, Carole Delga (PS), Edouard Philippe, Eric Zemmour, Fabien Roussel, Francois Ruffin, François Bayrou (MD), François Hollande (PS), Gabriel Attal, Gerald Darmanin, Jean Castex (IND), Jean Lassalle(RES), Jean-Luc Melenchon, Laurent Wauquiez, Marine Le Pen, Marine Tondelier, Michel Barnier (LR), Nathalie Arthaud (LO), Nicolas Dupont-Aignan (DLF), Olivier Faure, Raphael Glucksmann, Sandrine Rousseau (LE), Xavier Bertrand (NF), Yannick Jadot (LE), Yaël Braun-Pivet (RE), Élisabeth Borne (RE)",Ifop,9–10 Jan 2024,2024-01-10,1144,Fabien Roussel,undeclared,6.5,2026-07-07
First round,Until March 2025,3,"Bernard Cazeneuve (LC), Bruno Le Maire (RE), Bruno Retailleau, Carole Delga (PS), Edouard Philippe, Eric Zemmour, Fabien Roussel, Francois Ruffin, François Bayrou (MD), François Hollande (PS), Gabriel Attal, Gerald Darmanin, Jean Castex (IND), Jean Lassalle(RES), Jean-Luc Melenchon, Laurent Wauquiez, Marine Le Pen, Marine Tondelier, Michel Barnier (LR), Nathalie Arthaud (LO), Nicolas Dupont-Aignan (DLF), Olivier Faure, Raphael Glucksmann, Sandrine Rousseau (LE), Xavier Bertrand (NF), Yannick Jadot (LE), Yaël Braun-Pivet (RE), Élisabeth Borne (RE)",Ifop,9–10 Jan 2024,2024-01-10,1144,Gabriel Attal,undeclared,24.0,2026-07-07
First round,Until March 2025,3,"Bernard Cazeneuve (LC), Bruno Le Maire (RE), Bruno Retailleau, Carole Delga (PS), Edouard Philippe, Eric Zemmour, Fabien Roussel, Francois Ruffin, François Bayrou (MD), François Hollande (PS), Gabriel Attal, Gerald Darmanin, Jean Castex (IND), Jean Lassalle(RES), Jean-Luc Melenchon, Laurent Wauquiez, Marine Le Pen, Marine Tondelier, Michel Barnier (LR), Nathalie Arthaud (LO), Nicolas Dupont-Aignan (DLF), Olivier Faure, Raphael Glucksmann, Sandrine Rousseau (LE), Xavier Bertrand (NF), Yannick Jadot (LE), Yaël Braun-Pivet (RE), Élisabeth Borne (RE)",Ifop,9–10 Jan 2024,2024-01-10,1144,Gabriel Attal,undeclared,23.0,2026-07-07
First round,Until March 2025,3,"Bernard Cazeneuve (LC), Bruno Le Maire (RE), Bruno Retailleau, Carole Delga (PS), Edouard Philippe, Eric Zemmour, Fabien Roussel, Francois Ruffin, François Bayrou (MD), François Hollande (PS), Gabriel Attal, Gerald Darmanin, Jean Castex (IND), Jean Lassalle(RES), Jean-Luc Melenchon, Laurent Wauquiez, Marine Le Pen, Marine Tondelier, Michel Barnier (LR), Nathalie Arthaud (LO), Nicolas Dupont-Aignan (DLF), Olivier Faure, Raphael Glucksmann, Sandrine Rousseau (LE), Xavier Bertrand (NF), Yannick Jadot (LE), Yaël Braun-Pivet (RE), Élisabeth Borne (RE)",Ifop,9–10 Jan 2024,2024-01-10,1144,Jean Lassalle(RES),unknown,2.5,2026-07-07
First round,Until March 2025,3,"Bernard Cazeneuve (LC), Bruno Le Maire (RE), Bruno Retailleau, Carole Delga (PS), Edouard Philippe, Eric Zemmour, Fabien Roussel, Francois Ruffin, François Bayrou (MD), François Hollande (PS), Gabriel Attal, Gerald Darmanin, Jean Castex (IND), Jean Lassalle(RES), Jean-Luc Melenchon, Laurent Wauquiez, Marine Le Pen, Marine Tondelier, Michel Barnier (LR), Nathalie Arthaud (LO), Nicolas Dupont-Aignan (DLF), Olivier Faure, Raphael Glucksmann, Sandrine Rousseau (LE), Xavier Bertrand (NF), Yannick Jadot (LE), Yaël Braun-Pivet (RE), Élisabeth Borne (RE)",Ifop,9–10 Jan 2024,2024-01-10,1144,Jean-Luc Melenchon,undeclared,14.5,2026-07-07
First round,Until March 2025,3,"Bernard Cazeneuve (LC), Bruno Le Maire (RE), Bruno Retailleau, Carole Delga (PS), Edouard Philippe, Eric Zemmour, Fabien Roussel, Francois Ruffin, François Bayrou (MD), François Hollande (PS), Gabriel Attal, Gerald Darmanin, Jean Castex (IND), Jean Lassalle(RES), Jean-Luc Melenchon, Laurent Wauquiez, Marine Le Pen, Marine Tondelier, Michel Barnier (LR), Nathalie Arthaud (LO), Nicolas Dupont-Aignan (DLF), Olivier Faure, Raphael Glucksmann, Sandrine Rousseau (LE), Xavier Bertrand (NF), Yannick Jadot (LE), Yaël Braun-Pivet (RE), Élisabeth Borne (RE)",Ifop,9–10 Jan 2024,2024-01-10,1144,Jean-Luc Melenchon,undeclared,15.0,2026-07-07
First round,Until March 2025,3,"Bernard Cazeneuve (LC), Bruno Le Maire (RE), Bruno Retailleau, Carole Delga (PS), Edouard Philippe, Eric Zemmour, Fabien Roussel, Francois Ruffin, François Bayrou (MD), François Hollande (PS), Gabriel Attal, Gerald Darmanin, Jean Castex (IND), Jean Lassalle(RES), Jean-Luc Melenchon, Laurent Wauquiez, Marine Le Pen, Marine Tondelier, Michel Barnier (LR), Nathalie Arthaud (LO), Nicolas Dupont-Aignan (DLF), Olivier Faure, Raphael Glucksmann, Sandrine Rousseau (LE), Xavier Bertrand (NF), Yannick Jadot (LE), Yaël Braun-Pivet (RE), Élisabeth Borne (RE)",Ifop,9–10 Jan 2024,2024-01-10,1144,Jean-Luc Melenchon,undeclared,14.0,2026-07-07
First round,Until March 2025,3,"Bernard Cazeneuve (LC), Bruno Le Maire (RE), Bruno Retailleau, Carole Delga (PS), Edouard Philippe, Eric Zemmour, Fabien Roussel, Francois Ruffin, François Bayrou (MD), François Hollande (PS), Gabriel Attal, Gerald Darmanin, Jean Castex (IND), Jean Lassalle(RES), Jean-Luc Melenchon, Laurent Wauquiez, Marine Le Pen, Marine Tondelier, Michel Barnier (LR), Nathalie Arthaud (LO), Nicolas Dupont-Aignan (DLF), Olivier Faure, Raphael Glucksmann, Sandrine Rousseau (LE), Xavier Bertrand (NF), Yannick Jadot (LE), Yaël Braun-Pivet (RE), Élisabeth Borne (RE)",Ifop,9–10 Jan 2024,2024-01-10,1144,Jean-Luc Melenchon,undeclared,13.0,2026-07-07
First round,Until March 2025,3,"Bernard Cazeneuve (LC), Bruno Le Maire (RE), Bruno Retailleau, Carole Delga (PS), Edouard Philippe, Eric Zemmour, Fabien Roussel, Francois Ruffin, François Bayrou (MD), François Hollande (PS), Gabriel Attal, Gerald Darmanin, Jean Castex (IND), Jean Lassalle(RES), Jean-Luc Melenchon, Laurent Wauquiez, Marine Le Pen, Marine Tondelier, Michel Barnier (LR), Nathalie Arthaud (LO), Nicolas Dupont-Aignan (DLF), Olivier Faure, Raphael Glucksmann, Sandrine Rousseau (LE), Xavier Bertrand (NF), Yannick Jadot (LE), Yaël Braun-Pivet (RE), Élisabeth Borne (RE)",Ifop,9–10 Jan 2024,2024-01-10,1144,Laurent Wauquiez,undeclared,6.0,2026-07-07
First round,Until March 2025,3,"Bernard Cazeneuve (LC), Bruno Le Maire (RE), Bruno Retailleau, Carole Delga (PS), Edouard Philippe, Eric Zemmour, Fabien Roussel, Francois Ruffin, François Bayrou (MD), François Hollande (PS), Gabriel Attal, Gerald Darmanin, Jean Castex (IND), Jean Lassalle(RES), Jean-Luc Melenchon, Laurent Wauquiez, Marine Le Pen, Marine Tondelier, Michel Barnier (LR), Nathalie Arthaud (LO), Nicolas Dupont-Aignan (DLF), Olivier Faure, Raphael Glucksmann, Sandrine Rousseau (LE), Xavier Bertrand (NF), Yannick Jadot (LE), Yaël Braun-Pivet (RE), Élisabeth Borne (RE)",Ifop,9–10 Jan 2024,2024-01-10,1144,Laurent Wauquiez,undeclared,5.0,2026-07-07
First round,Until March 2025,3,"Bernard Cazeneuve (LC), Bruno Le Maire (RE), Bruno Retailleau, Carole Delga (PS), Edouard Philippe, Eric Zemmour, Fabien Roussel, Francois Ruffin, François Bayrou (MD), François Hollande (PS), Gabriel Attal, Gerald Darmanin, Jean Castex (IND), Jean Lassalle(RES), Jean-Luc Melenchon, Laurent Wauquiez, Marine Le Pen, Marine Tondelier, Michel Barnier (LR), Nathalie Arthaud (LO), Nicolas Dupont-Aignan (DLF), Olivier Faure, Raphael Glucksmann, Sandrine Rousseau (LE), Xavier Bertrand (NF), Yannick Jadot (LE), Yaël Braun-Pivet (RE), Élisabeth Borne (RE)",Ifop,9–10 Jan 2024,2024-01-10,1144,Marine Le Pen,candidate,32.0,2026-07-07
First round,Until March 2025,3,"Bernard Cazeneuve (LC), Bruno Le Maire (RE), Bruno Retailleau, Carole Delga (PS), Edouard Philippe, Eric Zemmour, Fabien Roussel, Francois Ruffin, François Bayrou (MD), François Hollande (PS), Gabriel Attal, Gerald Darmanin, Jean Castex (IND), Jean Lassalle(RES), Jean-Luc Melenchon, Laurent Wauquiez, Marine Le Pen, Marine Tondelier, Michel Barnier (LR), Nathalie Arthaud (LO), Nicolas Dupont-Aignan (DLF), Olivier Faure, Raphael Glucksmann, Sandrine Rousseau (LE), Xavier Bertrand (NF), Yannick Jadot (LE), Yaël Braun-Pivet (RE), Élisabeth Borne (RE)",Ifop,9–10 Jan 2024,2024-01-10,1144,Marine Le Pen,candidate,33.0,2026-07-07
First round,Until March 2025,3,"Bernard Cazeneuve (LC), Bruno Le Maire (RE), Bruno Retailleau, Carole Delga (PS), Edouard Philippe, Eric Zemmour, Fabien Roussel, Francois Ruffin, François Bayrou (MD), François Hollande (PS), Gabriel Attal, Gerald Darmanin, Jean Castex (IND), Jean Lassalle(RES), Jean-Luc Melenchon, Laurent Wauquiez, Marine Le Pen, Marine Tondelier, Michel Barnier (LR), Nathalie Arthaud (LO), Nicolas Dupont-Aignan (DLF), Olivier Faure, Raphael Glucksmann, Sandrine Rousseau (LE), Xavier Bertrand (NF), Yannick Jadot (LE), Yaël Braun-Pivet (RE), Élisabeth Borne (RE)",Ifop,9–10 Jan 2024,2024-01-10,1144,Marine Tondelier,undeclared,1.0,2026-07-07
First round,Until March 2025,3,"Bernard Cazeneuve (LC), Bruno Le Maire (RE), Bruno Retailleau, Carole Delga (PS), Edouard Philippe, Eric Zemmour, Fabien Roussel, Francois Ruffin, François Bayrou (MD), François Hollande (PS), Gabriel Attal, Gerald Darmanin, Jean Castex (IND), Jean Lassalle(RES), Jean-Luc Melenchon, Laurent Wauquiez, Marine Le Pen, Marine Tondelier, Michel Barnier (LR), Nathalie Arthaud (LO), Nicolas Dupont-Aignan (DLF), Olivier Faure, Raphael Glucksmann, Sandrine Rousseau (LE), Xavier Bertrand (NF), Yannick Jadot (LE), Yaël Braun-Pivet (RE), Élisabeth Borne (RE)",Ifop,9–10 Jan 2024,2024-01-10,1144,Marine Tondelier,undeclared,1.5,2026-07-07
First round,Until March 2025,3,"Bernard Cazeneuve (LC), Bruno Le Maire (RE), Bruno Retailleau, Carole Delga (PS), Edouard Philippe, Eric Zemmour, Fabien Roussel, Francois Ruffin, François Bayrou (MD), François Hollande (PS), Gabriel Attal, Gerald Darmanin, Jean Castex (IND), Jean Lassalle(RES), Jean-Luc Melenchon, Laurent Wauquiez, Marine Le Pen, Marine Tondelier, Michel Barnier (LR), Nathalie Arthaud (LO), Nicolas Dupont-Aignan (DLF), Olivier Faure, Raphael Glucksmann, Sandrine Rousseau (LE), Xavier Bertrand (NF), Yannick Jadot (LE), Yaël Braun-Pivet (RE), Élisabeth Borne (RE)",Ifop,9–10 Jan 2024,2024-01-10,1144,Marine Tondelier,undeclared,2.0,2026-07-07
First round,Until March 2025,3,"Bernard Cazeneuve (LC), Bruno Le Maire (RE), Bruno Retailleau, Carole Delga (PS), Edouard Philippe, Eric Zemmour, Fabien Roussel, Francois Ruffin, François Bayrou (MD), François Hollande (PS), Gabriel Attal, Gerald Darmanin, Jean Castex (IND), Jean Lassalle(RES), Jean-Luc Melenchon, Laurent Wauquiez, Marine Le Pen, Marine Tondelier, Michel Barnier (LR), Nathalie Arthaud (LO), Nicolas Dupont-Aignan (DLF), Olivier Faure, Raphael Glucksmann, Sandrine Rousseau (LE), Xavier Bertrand (NF), Yannick Jadot (LE), Yaël Braun-Pivet (RE), Élisabeth Borne (RE)",Ifop,9–10 Jan 2024,2024-01-10,1144,Nathalie Arthaud (LO),unknown,1.0,2026-07-07
First round,Until March 2025,3,"Bernard Cazeneuve (LC), Bruno Le Maire (RE), Bruno Retailleau, Carole Delga (PS), Edouard Philippe, Eric Zemmour, Fabien Roussel, Francois Ruffin, François Bayrou (MD), François Hollande (PS), Gabriel Attal, Gerald Darmanin, Jean Castex (IND), Jean Lassalle(RES), Jean-Luc Melenchon, Laurent Wauquiez, Marine Le Pen, Marine Tondelier, Michel Barnier (LR), Nathalie Arthaud (LO), Nicolas Dupont-Aignan (DLF), Olivier Faure, Raphael Glucksmann, Sandrine Rousseau (LE), Xavier Bertrand (NF), Yannick Jadot (LE), Yaël Braun-Pivet (RE), Élisabeth Borne (RE)",Ifop,9–10 Jan 2024,2024-01-10,1144,Nathalie Arthaud (LO),unknown,0.5,2026-07-07
First round,Until March 2025,3,"Bernard Cazeneuve (LC), Bruno Le Maire (RE), Bruno Retailleau, Carole Delga (PS), Edouard Philippe, Eric Zemmour, Fabien Roussel, Francois Ruffin, François Bayrou (MD), François Hollande (PS), Gabriel Attal, Gerald Darmanin, Jean Castex (IND), Jean Lassalle(RES), Jean-Luc Melenchon, Laurent Wauquiez, Marine Le Pen, Marine Tondelier, Michel Barnier (LR), Nathalie Arthaud (LO), Nicolas Dupont-Aignan (DLF), Olivier Faure, Raphael Glucksmann, Sandrine Rousseau (LE), Xavier Bertrand (NF), Yannick Jadot (LE), Yaël Braun-Pivet (RE), Élisabeth Borne (RE)",Ifop,9–10 Jan 2024,2024-01-10,1144,Nicolas Dupont-Aignan (DLF),unknown,3.0,2026-07-07
First round,Until March 2025,3,"Bernard Cazeneuve (LC), Bruno Le Maire (RE), Bruno Retailleau, Carole Delga (PS), Edouard Philippe, Eric Zemmour, Fabien Roussel, Francois Ruffin, François Bayrou (MD), François Hollande (PS), Gabriel Attal, Gerald Darmanin, Jean Castex (IND), Jean Lassalle(RES), Jean-Luc Melenchon, Laurent Wauquiez, Marine Le Pen, Marine Tondelier, Michel Barnier (LR), Nathalie Arthaud (LO), Nicolas Dupont-Aignan (DLF), Olivier Faure, Raphael Glucksmann, Sandrine Rousseau (LE), Xavier Bertrand (NF), Yannick Jadot (LE), Yaël Braun-Pivet (RE), Élisabeth Borne (RE)",Ifop,9–10 Jan 2024,2024-01-10,1144,Nicolas Dupont-Aignan (DLF),unknown,2.5,2026-07-07
First round,Until March 2025,3,"Bernard Cazeneuve (LC), Bruno Le Maire (RE), Bruno Retailleau, Carole Delga (PS), Edouard Philippe, Eric Zemmour, Fabien Roussel, Francois Ruffin, François Bayrou (MD), François Hollande (PS), Gabriel Attal, Gerald Darmanin, Jean Castex (IND), Jean Lassalle(RES), Jean-Luc Melenchon, Laurent Wauquiez, Marine Le Pen, Marine Tondelier, Michel Barnier (LR), Nathalie Arthaud (LO), Nicolas Dupont-Aignan (DLF), Olivier Faure, Raphael Glucksmann, Sandrine Rousseau (LE), Xavier Bertrand (NF), Yannick Jadot (LE), Yaël Braun-Pivet (RE), Élisabeth Borne (RE)",Ifop,9–10 Jan 2024,2024-01-10,1144,Nicolas Dupont-Aignan (DLF),unknown,2.0,2026-07-07
First round,Until March 2025,3,"Bernard Cazeneuve (LC), Bruno Le Maire (RE), Bruno Retailleau, Carole Delga (PS), Edouard Philippe, Eric Zemmour, Fabien Roussel, Francois Ruffin, François Bayrou (MD), François Hollande (PS), Gabriel Attal, Gerald Darmanin, Jean Castex (IND), Jean Lassalle(RES), Jean-Luc Melenchon, Laurent Wauquiez, Marine Le Pen, Marine Tondelier, Michel Barnier (LR), Nathalie Arthaud (LO), Nicolas Dupont-Aignan (DLF), Olivier Faure, Raphael Glucksmann, Sandrine Rousseau (LE), Xavier Bertrand (NF), Yannick Jadot (LE), Yaël Braun-Pivet (RE), Élisabeth Borne (RE)",Ifop,9–10 Jan 2024,2024-01-10,1144,Olivier Faure,undeclared,4.0,2026-07-07
First round,Until March 2025,3,"Bernard Cazeneuve (LC), Bruno Le Maire (RE), Bruno Retailleau, Carole Delga (PS), Edouard Philippe, Eric Zemmour, Fabien Roussel, Francois Ruffin, François Bayrou (MD), François Hollande (PS), Gabriel Attal, Gerald Darmanin, Jean Castex (IND), Jean Lassalle(RES), Jean-Luc Melenchon, Laurent Wauquiez, Marine Le Pen, Marine Tondelier, Michel Barnier (LR), Nathalie Arthaud (LO), Nicolas Dupont-Aignan (DLF), Olivier Faure, Raphael Glucksmann, Sandrine Rousseau (LE), Xavier Bertrand (NF), Yannick Jadot (LE), Yaël Braun-Pivet (RE), Élisabeth Borne (RE)",Ifop,9–10 Jan 2024,2024-01-10,1144,Olivier Faure,undeclared,3.5,2026-07-07
First round,Until March 2025,3,"Bernard Cazeneuve (LC), Bruno Le Maire (RE), Bruno Retailleau, Carole Delga (PS), Edouard Philippe, Eric Zemmour, Fabien Roussel, Francois Ruffin, François Bayrou (MD), François Hollande (PS), Gabriel Attal, Gerald Darmanin, Jean Castex (IND), Jean Lassalle(RES), Jean-Luc Melenchon, Laurent Wauquiez, Marine Le Pen, Marine Tondelier, Michel Barnier (LR), Nathalie Arthaud (LO), Nicolas Dupont-Aignan (DLF), Olivier Faure, Raphael Glucksmann, Sandrine Rousseau (LE), Xavier Bertrand (NF), Yannick Jadot (LE), Yaël Braun-Pivet (RE), Élisabeth Borne (RE)",Ifop,9–10 Jan 2024,2024-01-10,1144,Olivier Faure,undeclared,3.0,2026-07-07
First round,Until March 2025,3,"Bernard Cazeneuve (LC), Bruno Le Maire (RE), Bruno Retailleau, Carole Delga (PS), Edouard Philippe, Eric Zemmour, Fabien Roussel, Francois Ruffin, François Bayrou (MD), François Hollande (PS), Gabriel Attal, Gerald Darmanin, Jean Castex (IND), Jean Lassalle(RES), Jean-Luc Melenchon, Laurent Wauquiez, Marine Le Pen, Marine Tondelier, Michel Barnier (LR), Nathalie Arthaud (LO), Nicolas Dupont-Aignan (DLF), Olivier Faure, Raphael Glucksmann, Sandrine Rousseau (LE), Xavier Bertrand (NF), Yannick Jadot (LE), Yaël Braun-Pivet (RE), Élisabeth Borne (RE)",Ifop,31 Jan – 1 Feb 2024,2024-02-01,1081,Edouard Philippe,undeclared,1.5,2026-07-07
First round,Until March 2025,3,"Bernard Cazeneuve (LC), Bruno Le Maire (RE), Bruno Retailleau, Carole Delga (PS), Edouard Philippe, Eric Zemmour, Fabien Roussel, Francois Ruffin, François Bayrou (MD), François Hollande (PS), Gabriel Attal, Gerald Darmanin, Jean Castex (IND), Jean Lassalle(RES), Jean-Luc Melenchon, Laurent Wauquiez, Marine Le Pen, Marine Tondelier, Michel Barnier (LR), Nathalie Arthaud (LO), Nicolas Dupont-Aignan (DLF), Olivier Faure, Raphael Glucksmann, Sandrine Rousseau (LE), Xavier Bertrand (NF), Yannick Jadot (LE), Yaël Braun-Pivet (RE), Élisabeth Borne (RE)",Ifop,31 Jan – 1 Feb 2024,2024-02-01,1081,Edouard Philippe,undeclared,22.0,2026-07-07
First round,Until March 2025,3,"Bernard Cazeneuve (LC), Bruno Le Maire (RE), Bruno Retailleau, Carole Delga (PS), Edouard Philippe, Eric Zemmour, Fabien Roussel, Francois Ruffin, François Bayrou (MD), François Hollande (PS), Gabriel Attal, Gerald Darmanin, Jean Castex (IND), Jean Lassalle(RES), Jean-Luc Melenchon, Laurent Wauquiez, Marine Le Pen, Marine Tondelier, Michel Barnier (LR), Nathalie Arthaud (LO), Nicolas Dupont-Aignan (DLF), Olivier Faure, Raphael Glucksmann, Sandrine Rousseau (LE), Xavier Bertrand (NF), Yannick Jadot (LE), Yaël Braun-Pivet (RE), Élisabeth Borne (RE)",Ifop,31 Jan – 1 Feb 2024,2024-02-01,1081,Eric Zemmour,undeclared,6.0,2026-07-07
First round,Until March 2025,3,"Bernard Cazeneuve (LC), Bruno Le Maire (RE), Bruno Retailleau, Carole Delga (PS), Edouard Philippe, Eric Zemmour, Fabien Roussel, Francois Ruffin, François Bayrou (MD), François Hollande (PS), Gabriel Attal, Gerald Darmanin, Jean Castex (IND), Jean Lassalle(RES), Jean-Luc Melenchon, Laurent Wauquiez, Marine Le Pen, Marine Tondelier, Michel Barnier (LR), Nathalie Arthaud (LO), Nicolas Dupont-Aignan (DLF), Olivier Faure, Raphael Glucksmann, Sandrine Rousseau (LE), Xavier Bertrand (NF), Yannick Jadot (LE), Yaël Braun-Pivet (RE), Élisabeth Borne (RE)",Ifop,31 Jan – 1 Feb 2024,2024-02-01,1081,Fabien Roussel,undeclared,4.0,2026-07-07
First round,Until March 2025,3,"Bernard Cazeneuve (LC), Bruno Le Maire (RE), Bruno Retailleau, Carole Delga (PS), Edouard Philippe, Eric Zemmour, Fabien Roussel, Francois Ruffin, François Bayrou (MD), François Hollande (PS), Gabriel Attal, Gerald Darmanin, Jean Castex (IND), Jean Lassalle(RES), Jean-Luc Melenchon, Laurent Wauquiez, Marine Le Pen, Marine Tondelier, Michel Barnier (LR), Nathalie Arthaud (LO), Nicolas Dupont-Aignan (DLF), Olivier Faure, Raphael Glucksmann, Sandrine Rousseau (LE), Xavier Bertrand (NF), Yannick Jadot (LE), Yaël Braun-Pivet (RE), Élisabeth Borne (RE)",Ifop,31 Jan – 1 Feb 2024,2024-02-01,1081,Fabien Roussel,undeclared,4.5,2026-07-07
First round,Until March 2025,3,"Bernard Cazeneuve (LC), Bruno Le Maire (RE), Bruno Retailleau, Carole Delga (PS), Edouard Philippe, Eric Zemmour, Fabien Roussel, Francois Ruffin, François Bayrou (MD), François Hollande (PS), Gabriel Attal, Gerald Darmanin, Jean Castex (IND), Jean Lassalle(RES), Jean-Luc Melenchon, Laurent Wauquiez, Marine Le Pen, Marine Tondelier, Michel Barnier (LR), Nathalie Arthaud (LO), Nicolas Dupont-Aignan (DLF), Olivier Faure, Raphael Glucksmann, Sandrine Rousseau (LE), Xavier Bertrand (NF), Yannick Jadot (LE), Yaël Braun-Pivet (RE), Élisabeth Borne (RE)",Ifop,31 Jan – 1 Feb 2024,2024-02-01,1081,Gabriel Attal,undeclared,22.0,2026-07-07
First round,Until March 2025,3,"Bernard Cazeneuve (LC), Bruno Le Maire (RE), Bruno Retailleau, Carole Delga (PS), Edouard Philippe, Eric Zemmour, Fabien Roussel, Francois Ruffin, François Bayrou (MD), François Hollande (PS), Gabriel Attal, Gerald Darmanin, Jean Castex (IND), Jean Lassalle(RES), Jean-Luc Melenchon, Laurent Wauquiez, Marine Le Pen, Marine Tondelier, Michel Barnier (LR), Nathalie Arthaud (LO), Nicolas Dupont-Aignan (DLF), Olivier Faure, Raphael Glucksmann, Sandrine Rousseau (LE), Xavier Bertrand (NF), Yannick Jadot (LE), Yaël Braun-Pivet (RE), Élisabeth Borne (RE)",Ifop,31 Jan – 1 Feb 2024,2024-02-01,1081,Jean Lassalle(RES),unknown,3.0,2026-07-07
First round,Until March 2025,3,"Bernard Cazeneuve (LC), Bruno Le Maire (RE), Bruno Retailleau, Carole Delga (PS), Edouard Philippe, Eric Zemmour, Fabien Roussel, Francois Ruffin, François Bayrou (MD), François Hollande (PS), Gabriel Attal, Gerald Darmanin, Jean Castex (IND), Jean Lassalle(RES), Jean-Luc Melenchon, Laurent Wauquiez, Marine Le Pen, Marine Tondelier, Michel Barnier (LR), Nathalie Arthaud (LO), Nicolas Dupont-Aignan (DLF), Olivier Faure, Raphael Glucksmann, Sandrine Rousseau (LE), Xavier Bertrand (NF), Yannick Jadot (LE), Yaël Braun-Pivet (RE), Élisabeth Borne (RE)",Ifop,31 Jan – 1 Feb 2024,2024-02-01,1081,Jean-Luc Melenchon,undeclared,14.0,2026-07-07
First round,Until March 2025,3,"Bernard Cazeneuve (LC), Bruno Le Maire (RE), Bruno Retailleau, Carole Delga (PS), Edouard Philippe, Eric Zemmour, Fabien Roussel, Francois Ruffin, François Bayrou (MD), François Hollande (PS), Gabriel Attal, Gerald Darmanin, Jean Castex (IND), Jean Lassalle(RES), Jean-Luc Melenchon, Laurent Wauquiez, Marine Le Pen, Marine Tondelier, Michel Barnier (LR), Nathalie Arthaud (LO), Nicolas Dupont-Aignan (DLF), Olivier Faure, Raphael Glucksmann, Sandrine Rousseau (LE), Xavier Bertrand (NF), Yannick Jadot (LE), Yaël Braun-Pivet (RE), Élisabeth Borne (RE)",Ifop,31 Jan – 1 Feb 2024,2024-02-01,1081,Laurent Wauquiez,undeclared,5.5,2026-07-07
First round,Until March 2025,3,"Bernard Cazeneuve (LC), Bruno Le Maire (RE), Bruno Retailleau, Carole Delga (PS), Edouard Philippe, Eric Zemmour, Fabien Roussel, Francois Ruffin, François Bayrou (MD), François Hollande (PS), Gabriel Attal, Gerald Darmanin, Jean Castex (IND), Jean Lassalle(RES), Jean-Luc Melenchon, Laurent Wauquiez, Marine Le Pen, Marine Tondelier, Michel Barnier (LR), Nathalie Arthaud (LO), Nicolas Dupont-Aignan (DLF), Olivier Faure, Raphael Glucksmann, Sandrine Rousseau (LE), Xavier Bertrand (NF), Yannick Jadot (LE), Yaël Braun-Pivet (RE), Élisabeth Borne (RE)",Ifop,31 Jan – 1 Feb 2024,2024-02-01,1081,Laurent Wauquiez,undeclared,4.5,2026-07-07
First round,Until March 2025,3,"Bernard Cazeneuve (LC), Bruno Le Maire (RE), Bruno Retailleau, Carole Delga (PS), Edouard Philippe, Eric Zemmour, Fabien Roussel, Francois Ruffin, François Bayrou (MD), François Hollande (PS), Gabriel Attal, Gerald Darmanin, Jean Castex (IND), Jean Lassalle(RES), Jean-Luc Melenchon, Laurent Wauquiez, Marine Le Pen, Marine Tondelier, Michel Barnier (LR), Nathalie Arthaud (LO), Nicolas Dupont-Aignan (DLF), Olivier Faure, Raphael Glucksmann, Sandrine Rousseau (LE), Xavier Bertrand (NF), Yannick Jadot (LE), Yaël Braun-Pivet (RE), Élisabeth Borne (RE)",Ifop,31 Jan – 1 Feb 2024,2024-02-01,1081,Marine Le Pen,candidate,36.0,2026-07-07
First round,Until March 2025,3,"Bernard Cazeneuve (LC), Bruno Le Maire (RE), Bruno Retailleau, Carole Delga (PS), Edouard Philippe, Eric Zemmour, Fabien Roussel, Francois Ruffin, François Bayrou (MD), François Hollande (PS), Gabriel Attal, Gerald Darmanin, Jean Castex (IND), Jean Lassalle(RES), Jean-Luc Melenchon, Laurent Wauquiez, Marine Le Pen, Marine Tondelier, Michel Barnier (LR), Nathalie Arthaud (LO), Nicolas Dupont-Aignan (DLF), Olivier Faure, Raphael Glucksmann, Sandrine Rousseau (LE), Xavier Bertrand (NF), Yannick Jadot (LE), Yaël Braun-Pivet (RE), Élisabeth Borne (RE)",Ifop,31 Jan – 1 Feb 2024,2024-02-01,1081,Marine Tondelier,undeclared,2.0,2026-07-07
First round,Until March 2025,3,"Bernard Cazeneuve (LC), Bruno Le Maire (RE), Bruno Retailleau, Carole Delga (PS), Edouard Philippe, Eric Zemmour, Fabien Roussel, Francois Ruffin, François Bayrou (MD), François Hollande (PS), Gabriel Attal, Gerald Darmanin, Jean Castex (IND), Jean Lassalle(RES), Jean-Luc Melenchon, Laurent Wauquiez, Marine Le Pen, Marine Tondelier, Michel Barnier (LR), Nathalie Arthaud (LO), Nicolas Dupont-Aignan (DLF), Olivier Faure, Raphael Glucksmann, Sandrine Rousseau (LE), Xavier Bertrand (NF), Yannick Jadot (LE), Yaël Braun-Pivet (RE), Élisabeth Borne (RE)",Ifop,31 Jan – 1 Feb 2024,2024-02-01,1081,Marine Tondelier,undeclared,2.5,2026-07-07
First round,Until March 2025,3,"Bernard Cazeneuve (LC), Bruno Le Maire (RE), Bruno Retailleau, Carole Delga (PS), Edouard Philippe, Eric Zemmour, Fabien Roussel, Francois Ruffin, François Bayrou (MD), François Hollande (PS), Gabriel Attal, Gerald Darmanin, Jean Castex (IND), Jean Lassalle(RES), Jean-Luc Melenchon, Laurent Wauquiez, Marine Le Pen, Marine Tondelier, Michel Barnier (LR), Nathalie Arthaud (LO), Nicolas Dupont-Aignan (DLF), Olivier Faure, Raphael Glucksmann, Sandrine Rousseau (LE), Xavier Bertrand (NF), Yannick Jadot (LE), Yaël Braun-Pivet (RE), Élisabeth Borne (RE)",Ifop,31 Jan – 1 Feb 2024,2024-02-01,1081,Nathalie Arthaud (LO),unknown,1.5,2026-07-07
First round,Until March 2025,3,"Bernard Cazeneuve (LC), Bruno Le Maire (RE), Bruno Retailleau, Carole Delga (PS), Edouard Philippe, Eric Zemmour, Fabien Roussel, Francois Ruffin, François Bayrou (MD), François Hollande (PS), Gabriel Attal, Gerald Darmanin, Jean Castex (IND), Jean Lassalle(RES), Jean-Luc Melenchon, Laurent Wauquiez, Marine Le Pen, Marine Tondelier, Michel Barnier (LR), Nathalie Arthaud (LO), Nicolas Dupont-Aignan (DLF), Olivier Faure, Raphael Glucksmann, Sandrine Rousseau (LE), Xavier Bertrand (NF), Yannick Jadot (LE), Yaël Braun-Pivet (RE), Élisabeth Borne (RE)",Ifop,31 Jan – 1 Feb 2024,2024-02-01,1081,Nicolas Dupont-Aignan (DLF),unknown,2.5,2026-07-07
First round,Until March 2025,3,"Bernard Cazeneuve (LC), Bruno Le Maire (RE), Bruno Retailleau, Carole Delga (PS), Edouard Philippe, Eric Zemmour, Fabien Roussel, Francois Ruffin, François Bayrou (MD), François Hollande (PS), Gabriel Attal, Gerald Darmanin, Jean Castex (IND), Jean Lassalle(RES), Jean-Luc Melenchon, Laurent Wauquiez, Marine Le Pen, Marine Tondelier, Michel Barnier (LR), Nathalie Arthaud (LO), Nicolas Dupont-Aignan (DLF), Olivier Faure, Raphael Glucksmann, Sandrine Rousseau (LE), Xavier Bertrand (NF), Yannick Jadot (LE), Yaël Braun-Pivet (RE), Élisabeth Borne (RE)",Ifop,31 Jan – 1 Feb 2024,2024-02-01,1081,Olivier Faure,undeclared,2.0,2026-07-07
First round,Until March 2025,3,"Bernard Cazeneuve (LC), Bruno Le Maire (RE), Bruno Retailleau, Carole Delga (PS), Edouard Philippe, Eric Zemmour, Fabien Roussel, Francois Ruffin, François Bayrou (MD), François Hollande (PS), Gabriel Attal, Gerald Darmanin, Jean Castex (IND), Jean Lassalle(RES), Jean-Luc Melenchon, Laurent Wauquiez, Marine Le Pen, Marine Tondelier, Michel Barnier (LR), Nathalie Arthaud (LO), Nicolas Dupont-Aignan (DLF), Olivier Faure, Raphael Glucksmann, Sandrine Rousseau (LE), Xavier Bertrand (NF), Yannick Jadot (LE), Yaël Braun-Pivet (RE), Élisabeth Borne (RE)",Cluster17,2–5 Apr 2024,2024-04-05,1686,Edouard Philippe,undeclared,2.0,2026-07-07
First round,Until March 2025,3,"Bernard Cazeneuve (LC), Bruno Le Maire (RE), Bruno Retailleau, Carole Delga (PS), Edouard Philippe, Eric Zemmour, Fabien Roussel, Francois Ruffin, François Bayrou (MD), François Hollande (PS), Gabriel Attal, Gerald Darmanin, Jean Castex (IND), Jean Lassalle(RES), Jean-Luc Melenchon, Laurent Wauquiez, Marine Le Pen, Marine Tondelier, Michel Barnier (LR), Nathalie Arthaud (LO), Nicolas Dupont-Aignan (DLF), Olivier Faure, Raphael Glucksmann, Sandrine Rousseau (LE), Xavier Bertrand (NF), Yannick Jadot (LE), Yaël Braun-Pivet (RE), Élisabeth Borne (RE)",Cluster17,2–5 Apr 2024,2024-04-05,1686,Edouard Philippe,undeclared,25.0,2026-07-07
First round,Until March 2025,3,"Bernard Cazeneuve (LC), Bruno Le Maire (RE), Bruno Retailleau, Carole Delga (PS), Edouard Philippe, Eric Zemmour, Fabien Roussel, Francois Ruffin, François Bayrou (MD), François Hollande (PS), Gabriel Attal, Gerald Darmanin, Jean Castex (IND), Jean Lassalle(RES), Jean-Luc Melenchon, Laurent Wauquiez, Marine Le Pen, Marine Tondelier, Michel Barnier (LR), Nathalie Arthaud (LO), Nicolas Dupont-Aignan (DLF), Olivier Faure, Raphael Glucksmann, Sandrine Rousseau (LE), Xavier Bertrand (NF), Yannick Jadot (LE), Yaël Braun-Pivet (RE), Élisabeth Borne (RE)",Cluster17,2–5 Apr 2024,2024-04-05,1686,Edouard Philippe,undeclared,3.0,2026-07-07
First round,Until March 2025,3,"Bernard Cazeneuve (LC), Bruno Le Maire (RE), Bruno Retailleau, Carole Delga (PS), Edouard Philippe, Eric Zemmour, Fabien Roussel, Francois Ruffin, François Bayrou (MD), François Hollande (PS), Gabriel Attal, Gerald Darmanin, Jean Castex (IND), Jean Lassalle(RES), Jean-Luc Melenchon, Laurent Wauquiez, Marine Le Pen, Marine Tondelier, Michel Barnier (LR), Nathalie Arthaud (LO), Nicolas Dupont-Aignan (DLF), Olivier Faure, Raphael Glucksmann, Sandrine Rousseau (LE), Xavier Bertrand (NF), Yannick Jadot (LE), Yaël Braun-Pivet (RE), Élisabeth Borne (RE)",Cluster17,2–5 Apr 2024,2024-04-05,1686,Edouard Philippe,undeclared,31.0,2026-07-07
First round,Until March 2025,3,"Bernard Cazeneuve (LC), Bruno Le Maire (RE), Bruno Retailleau, Carole Delga (PS), Edouard Philippe, Eric Zemmour, Fabien Roussel, Francois Ruffin, François Bayrou (MD), François Hollande (PS), Gabriel Attal, Gerald Darmanin, Jean Castex (IND), Jean Lassalle(RES), Jean-Luc Melenchon, Laurent Wauquiez, Marine Le Pen, Marine Tondelier, Michel Barnier (LR), Nathalie Arthaud (LO), Nicolas Dupont-Aignan (DLF), Olivier Faure, Raphael Glucksmann, Sandrine Rousseau (LE), Xavier Bertrand (NF), Yannick Jadot (LE), Yaël Braun-Pivet (RE), Élisabeth Borne (RE)",Cluster17,2–5 Apr 2024,2024-04-05,1686,Eric Zemmour,undeclared,6.5,2026-07-07
First round,Until March 2025,3,"Bernard Cazeneuve (LC), Bruno Le Maire (RE), Bruno Retailleau, Carole Delga (PS), Edouard Philippe, Eric Zemmour, Fabien Roussel, Francois Ruffin, François Bayrou (MD), François Hollande (PS), Gabriel Attal, Gerald Darmanin, Jean Castex (IND), Jean Lassalle(RES), Jean-Luc Melenchon, Laurent Wauquiez, Marine Le Pen, Marine Tondelier, Michel Barnier (LR), Nathalie Arthaud (LO), Nicolas Dupont-Aignan (DLF), Olivier Faure, Raphael Glucksmann, Sandrine Rousseau (LE), Xavier Bertrand (NF), Yannick Jadot (LE), Yaël Braun-Pivet (RE), Élisabeth Borne (RE)",Cluster17,2–5 Apr 2024,2024-04-05,1686,Eric Zemmour,undeclared,7.0,2026-07-07
First round,Until March 2025,3,"Bernard Cazeneuve (LC), Bruno Le Maire (RE), Bruno Retailleau, Carole Delga (PS), Edouard Philippe, Eric Zemmour, Fabien Roussel, Francois Ruffin, François Bayrou (MD), François Hollande (PS), Gabriel Attal, Gerald Darmanin, Jean Castex (IND), Jean Lassalle(RES), Jean-Luc Melenchon, Laurent Wauquiez, Marine Le Pen, Marine Tondelier, Michel Barnier (LR), Nathalie Arthaud (LO), Nicolas Dupont-Aignan (DLF), Olivier Faure, Raphael Glucksmann, Sandrine Rousseau (LE), Xavier Bertrand (NF), Yannick Jadot (LE), Yaël Braun-Pivet (RE), Élisabeth Borne (RE)",Cluster17,2–5 Apr 2024,2024-04-05,1686,Francois Ruffin,undeclared,29.0,2026-07-07
First round,Until March 2025,3,"Bernard Cazeneuve (LC), Bruno Le Maire (RE), Bruno Retailleau, Carole Delga (PS), Edouard Philippe, Eric Zemmour, Fabien Roussel, Francois Ruffin, François Bayrou (MD), François Hollande (PS), Gabriel Attal, Gerald Darmanin, Jean Castex (IND), Jean Lassalle(RES), Jean-Luc Melenchon, Laurent Wauquiez, Marine Le Pen, Marine Tondelier, Michel Barnier (LR), Nathalie Arthaud (LO), Nicolas Dupont-Aignan (DLF), Olivier Faure, Raphael Glucksmann, Sandrine Rousseau (LE), Xavier Bertrand (NF), Yannick Jadot (LE), Yaël Braun-Pivet (RE), Élisabeth Borne (RE)",Cluster17,2–5 Apr 2024,2024-04-05,1686,Jean-Luc Melenchon,undeclared,18.0,2026-07-07
First round,Until March 2025,3,"Bernard Cazeneuve (LC), Bruno Le Maire (RE), Bruno Retailleau, Carole Delga (PS), Edouard Philippe, Eric Zemmour, Fabien Roussel, Francois Ruffin, François Bayrou (MD), François Hollande (PS), Gabriel Attal, Gerald Darmanin, Jean Castex (IND), Jean Lassalle(RES), Jean-Luc Melenchon, Laurent Wauquiez, Marine Le Pen, Marine Tondelier, Michel Barnier (LR), Nathalie Arthaud (LO), Nicolas Dupont-Aignan (DLF), Olivier Faure, Raphael Glucksmann, Sandrine Rousseau (LE), Xavier Bertrand (NF), Yannick Jadot (LE), Yaël Braun-Pivet (RE), Élisabeth Borne (RE)",Cluster17,2–5 Apr 2024,2024-04-05,1686,Laurent Wauquiez,undeclared,4.5,2026-07-07
First round,Until March 2025,3,"Bernard Cazeneuve (LC), Bruno Le Maire (RE), Bruno Retailleau, Carole Delga (PS), Edouard Philippe, Eric Zemmour, Fabien Roussel, Francois Ruffin, François Bayrou (MD), François Hollande (PS), Gabriel Attal, Gerald Darmanin, Jean Castex (IND), Jean Lassalle(RES), Jean-Luc Melenchon, Laurent Wauquiez, Marine Le Pen, Marine Tondelier, Michel Barnier (LR), Nathalie Arthaud (LO), Nicolas Dupont-Aignan (DLF), Olivier Faure, Raphael Glucksmann, Sandrine Rousseau (LE), Xavier Bertrand (NF), Yannick Jadot (LE), Yaël Braun-Pivet (RE), Élisabeth Borne (RE)",Cluster17,2–5 Apr 2024,2024-04-05,1686,Laurent Wauquiez,undeclared,5.0,2026-07-07
First round,Until March 2025,3,"Bernard Cazeneuve (LC), Bruno Le Maire (RE), Bruno Retailleau, Carole Delga (PS), Edouard Philippe, Eric Zemmour, Fabien Roussel, Francois Ruffin, François Bayrou (MD), François Hollande (PS), Gabriel Attal, Gerald Darmanin, Jean Castex (IND), Jean Lassalle(RES), Jean-Luc Melenchon, Laurent Wauquiez, Marine Le Pen, Marine Tondelier, Michel Barnier (LR), Nathalie Arthaud (LO), Nicolas Dupont-Aignan (DLF), Olivier Faure, Raphael Glucksmann, Sandrine Rousseau (LE), Xavier Bertrand (NF), Yannick Jadot (LE), Yaël Braun-Pivet (RE), Élisabeth Borne (RE)",Cluster17,2–5 Apr 2024,2024-04-05,1686,Marine Le Pen,candidate,31.0,2026-07-07
First round,Until March 2025,3,"Bernard Cazeneuve (LC), Bruno Le Maire (RE), Bruno Retailleau, Carole Delga (PS), Edouard Philippe, Eric Zemmour, Fabien Roussel, Francois Ruffin, François Bayrou (MD), François Hollande (PS), Gabriel Attal, Gerald Darmanin, Jean Castex (IND), Jean Lassalle(RES), Jean-Luc Melenchon, Laurent Wauquiez, Marine Le Pen, Marine Tondelier, Michel Barnier (LR), Nathalie Arthaud (LO), Nicolas Dupont-Aignan (DLF), Olivier Faure, Raphael Glucksmann, Sandrine Rousseau (LE), Xavier Bertrand (NF), Yannick Jadot (LE), Yaël Braun-Pivet (RE), Élisabeth Borne (RE)",Cluster17,2–5 Apr 2024,2024-04-05,1686,Marine Le Pen,candidate,32.0,2026-07-07
First round,Until March 2025,3,"Bernard Cazeneuve (LC), Bruno Le Maire (RE), Bruno Retailleau, Carole Delga (PS), Edouard Philippe, Eric Zemmour, Fabien Roussel, Francois Ruffin, François Bayrou (MD), François Hollande (PS), Gabriel Attal, Gerald Darmanin, Jean Castex (IND), Jean Lassalle(RES), Jean-Luc Melenchon, Laurent Wauquiez, Marine Le Pen, Marine Tondelier, Michel Barnier (LR), Nathalie Arthaud (LO), Nicolas Dupont-Aignan (DLF), Olivier Faure, Raphael Glucksmann, Sandrine Rousseau (LE), Xavier Bertrand (NF), Yannick Jadot (LE), Yaël Braun-Pivet (RE), Élisabeth Borne (RE)",Cluster17,2–5 Apr 2024,2024-04-05,1686,Nicolas Dupont-Aignan (DLF),unknown,3.0,2026-07-07
First round,Until March 2025,3,"Bernard Cazeneuve (LC), Bruno Le Maire (RE), Bruno Retailleau, Carole Delga (PS), Edouard Philippe, Eric Zemmour, Fabien Roussel, Francois Ruffin, François Bayrou (MD), François Hollande (PS), Gabriel Attal, Gerald Darmanin, Jean Castex (IND), Jean Lassalle(RES), Jean-Luc Melenchon, Laurent Wauquiez, Marine Le Pen, Marine Tondelier, Michel Barnier (LR), Nathalie Arthaud (LO), Nicolas Dupont-Aignan (DLF), Olivier Faure, Raphael Glucksmann, Sandrine Rousseau (LE), Xavier Bertrand (NF), Yannick Jadot (LE), Yaël Braun-Pivet (RE), Élisabeth Borne (RE)",Cluster17,2–5 Apr 2024,2024-04-05,1686,Nicolas Dupont-Aignan (DLF),unknown,4.0,2026-07-07
First round,Until March 2025,3,"Bernard Cazeneuve (LC), Bruno Le Maire (RE), Bruno Retailleau, Carole Delga (PS), Edouard Philippe, Eric Zemmour, Fabien Roussel, Francois Ruffin, François Bayrou (MD), François Hollande (PS), Gabriel Attal, Gerald Darmanin, Jean Castex (IND), Jean Lassalle(RES), Jean-Luc Melenchon, Laurent Wauquiez, Marine Le Pen, Marine Tondelier, Michel Barnier (LR), Nathalie Arthaud (LO), Nicolas Dupont-Aignan (DLF), Olivier Faure, Raphael Glucksmann, Sandrine Rousseau (LE), Xavier Bertrand (NF), Yannick Jadot (LE), Yaël Braun-Pivet (RE), Élisabeth Borne (RE)",Ifop,16–18 Apr 2024,2024-04-18,1090,Bruno Le Maire (RE),unknown,14.0,2026-07-07
First round,Until March 2025,3,"Bernard Cazeneuve (LC), Bruno Le Maire (RE), Bruno Retailleau, Carole Delga (PS), Edouard Philippe, Eric Zemmour, Fabien Roussel, Francois Ruffin, François Bayrou (MD), François Hollande (PS), Gabriel Attal, Gerald Darmanin, Jean Castex (IND), Jean Lassalle(RES), Jean-Luc Melenchon, Laurent Wauquiez, Marine Le Pen, Marine Tondelier, Michel Barnier (LR), Nathalie Arthaud (LO), Nicolas Dupont-Aignan (DLF), Olivier Faure, Raphael Glucksmann, Sandrine Rousseau (LE), Xavier Bertrand (NF), Yannick Jadot (LE), Yaël Braun-Pivet (RE), Élisabeth Borne (RE)",Ifop,16–18 Apr 2024,2024-04-18,1090,Edouard Philippe,undeclared,2.0,2026-07-07
First round,Until March 2025,3,"Bernard Cazeneuve (LC), Bruno Le Maire (RE), Bruno Retailleau, Carole Delga (PS), Edouard Philippe, Eric Zemmour, Fabien Roussel, Francois Ruffin, François Bayrou (MD), François Hollande (PS), Gabriel Attal, Gerald Darmanin, Jean Castex (IND), Jean Lassalle(RES), Jean-Luc Melenchon, Laurent Wauquiez, Marine Le Pen, Marine Tondelier, Michel Barnier (LR), Nathalie Arthaud (LO), Nicolas Dupont-Aignan (DLF), Olivier Faure, Raphael Glucksmann, Sandrine Rousseau (LE), Xavier Bertrand (NF), Yannick Jadot (LE), Yaël Braun-Pivet (RE), Élisabeth Borne (RE)",Ifop,16–18 Apr 2024,2024-04-18,1090,Edouard Philippe,undeclared,0.5,2026-07-07
First round,Until March 2025,3,"Bernard Cazeneuve (LC), Bruno Le Maire (RE), Bruno Retailleau, Carole Delga (PS), Edouard Philippe, Eric Zemmour, Fabien Roussel, Francois Ruffin, François Bayrou (MD), François Hollande (PS), Gabriel Attal, Gerald Darmanin, Jean Castex (IND), Jean Lassalle(RES), Jean-Luc Melenchon, Laurent Wauquiez, Marine Le Pen, Marine Tondelier, Michel Barnier (LR), Nathalie Arthaud (LO), Nicolas Dupont-Aignan (DLF), Olivier Faure, Raphael Glucksmann, Sandrine Rousseau (LE), Xavier Bertrand (NF), Yannick Jadot (LE), Yaël Braun-Pivet (RE), Élisabeth Borne (RE)",Ifop,16–18 Apr 2024,2024-04-18,1090,Edouard Philippe,undeclared,26.0,2026-07-07
First round,Until March 2025,3,"Bernard Cazeneuve (LC), Bruno Le Maire (RE), Bruno Retailleau, Carole Delga (PS), Edouard Philippe, Eric Zemmour, Fabien Roussel, Francois Ruffin, François Bayrou (MD), François Hollande (PS), Gabriel Attal, Gerald Darmanin, Jean Castex (IND), Jean Lassalle(RES), Jean-Luc Melenchon, Laurent Wauquiez, Marine Le Pen, Marine Tondelier, Michel Barnier (LR), Nathalie Arthaud (LO), Nicolas Dupont-Aignan (DLF), Olivier Faure, Raphael Glucksmann, Sandrine Rousseau (LE), Xavier Bertrand (NF), Yannick Jadot (LE), Yaël Braun-Pivet (RE), Élisabeth Borne (RE)",Ifop,16–18 Apr 2024,2024-04-18,1090,Edouard Philippe,undeclared,1.5,2026-07-07
First round,Until March 2025,3,"Bernard Cazeneuve (LC), Bruno Le Maire (RE), Bruno Retailleau, Carole Delga (PS), Edouard Philippe, Eric Zemmour, Fabien Roussel, Francois Ruffin, François Bayrou (MD), François Hollande (PS), Gabriel Attal, Gerald Darmanin, Jean Castex (IND), Jean Lassalle(RES), Jean-Luc Melenchon, Laurent Wauquiez, Marine Le Pen, Marine Tondelier, Michel Barnier (LR), Nathalie Arthaud (LO), Nicolas Dupont-Aignan (DLF), Olivier Faure, Raphael Glucksmann, Sandrine Rousseau (LE), Xavier Bertrand (NF), Yannick Jadot (LE), Yaël Braun-Pivet (RE), Élisabeth Borne (RE)",Ifop,16–18 Apr 2024,2024-04-18,1090,Edouard Philippe,undeclared,24.0,2026-07-07
First round,Until March 2025,3,"Bernard Cazeneuve (LC), Bruno Le Maire (RE), Bruno Retailleau, Carole Delga (PS), Edouard Philippe, Eric Zemmour, Fabien Roussel, Francois Ruffin, François Bayrou (MD), François Hollande (PS), Gabriel Attal, Gerald Darmanin, Jean Castex (IND), Jean Lassalle(RES), Jean-Luc Melenchon, Laurent Wauquiez, Marine Le Pen, Marine Tondelier, Michel Barnier (LR), Nathalie Arthaud (LO), Nicolas Dupont-Aignan (DLF), Olivier Faure, Raphael Glucksmann, Sandrine Rousseau (LE), Xavier Bertrand (NF), Yannick Jadot (LE), Yaël Braun-Pivet (RE), Élisabeth Borne (RE)",Ifop,16–18 Apr 2024,2024-04-18,1090,Edouard Philippe,undeclared,1.0,2026-07-07
First round,Until March 2025,3,"Bernard Cazeneuve (LC), Bruno Le Maire (RE), Bruno Retailleau, Carole Delga (PS), Edouard Philippe, Eric Zemmour, Fabien Roussel, Francois Ruffin, François Bayrou (MD), François Hollande (PS), Gabriel Attal, Gerald Darmanin, Jean Castex (IND), Jean Lassalle(RES), Jean-Luc Melenchon, Laurent Wauquiez, Marine Le Pen, Marine Tondelier, Michel Barnier (LR), Nathalie Arthaud (LO), Nicolas Dupont-Aignan (DLF), Olivier Faure, Raphael Glucksmann, Sandrine Rousseau (LE), Xavier Bertrand (NF), Yannick Jadot (LE), Yaël Braun-Pivet (RE), Élisabeth Borne (RE)",Ifop,16–18 Apr 2024,2024-04-18,1090,Eric Zemmour,undeclared,9.0,2026-07-07
First round,Until March 2025,3,"Bernard Cazeneuve (LC), Bruno Le Maire (RE), Bruno Retailleau, Carole Delga (PS), Edouard Philippe, Eric Zemmour, Fabien Roussel, Francois Ruffin, François Bayrou (MD), François Hollande (PS), Gabriel Attal, Gerald Darmanin, Jean Castex (IND), Jean Lassalle(RES), Jean-Luc Melenchon, Laurent Wauquiez, Marine Le Pen, Marine Tondelier, Michel Barnier (LR), Nathalie Arthaud (LO), Nicolas Dupont-Aignan (DLF), Olivier Faure, Raphael Glucksmann, Sandrine Rousseau (LE), Xavier Bertrand (NF), Yannick Jadot (LE), Yaël Braun-Pivet (RE), Élisabeth Borne (RE)",Ifop,16–18 Apr 2024,2024-04-18,1090,Eric Zemmour,undeclared,7.0,2026-07-07
First round,Until March 2025,3,"Bernard Cazeneuve (LC), Bruno Le Maire (RE), Bruno Retailleau, Carole Delga (PS), Edouard Philippe, Eric Zemmour, Fabien Roussel, Francois Ruffin, François Bayrou (MD), François Hollande (PS), Gabriel Attal, Gerald Darmanin, Jean Castex (IND), Jean Lassalle(RES), Jean-Luc Melenchon, Laurent Wauquiez, Marine Le Pen, Marine Tondelier, Michel Barnier (LR), Nathalie Arthaud (LO), Nicolas Dupont-Aignan (DLF), Olivier Faure, Raphael Glucksmann, Sandrine Rousseau (LE), Xavier Bertrand (NF), Yannick Jadot (LE), Yaël Braun-Pivet (RE), Élisabeth Borne (RE)",Ifop,16–18 Apr 2024,2024-04-18,1090,Eric Zemmour,undeclared,6.5,2026-07-07
First round,Until March 2025,3,"Bernard Cazeneuve (LC), Bruno Le Maire (RE), Bruno Retailleau, Carole Delga (PS), Edouard Philippe, Eric Zemmour, Fabien Roussel, Francois Ruffin, François Bayrou (MD), François Hollande (PS), Gabriel Attal, Gerald Darmanin, Jean Castex (IND), Jean Lassalle(RES), Jean-Luc Melenchon, Laurent Wauquiez, Marine Le Pen, Marine Tondelier, Michel Barnier (LR), Nathalie Arthaud (LO), Nicolas Dupont-Aignan (DLF), Olivier Faure, Raphael Glucksmann, Sandrine Rousseau (LE), Xavier Bertrand (NF), Yannick Jadot (LE), Yaël Braun-Pivet (RE), Élisabeth Borne (RE)",Ifop,16–18 Apr 2024,2024-04-18,1090,Eric Zemmour,undeclared,6.0,2026-07-07
First round,Until March 2025,3,"Bernard Cazeneuve (LC), Bruno Le Maire (RE), Bruno Retailleau, Carole Delga (PS), Edouard Philippe, Eric Zemmour, Fabien Roussel, Francois Ruffin, François Bayrou (MD), François Hollande (PS), Gabriel Attal, Gerald Darmanin, Jean Castex (IND), Jean Lassalle(RES), Jean-Luc Melenchon, Laurent Wauquiez, Marine Le Pen, Marine Tondelier, Michel Barnier (LR), Nathalie Arthaud (LO), Nicolas Dupont-Aignan (DLF), Olivier Faure, Raphael Glucksmann, Sandrine Rousseau (LE), Xavier Bertrand (NF), Yannick Jadot (LE), Yaël Braun-Pivet (RE), Élisabeth Borne (RE)",Ifop,16–18 Apr 2024,2024-04-18,1090,Eric Zemmour,undeclared,5.0,2026-07-07
First round,Until March 2025,3,"Bernard Cazeneuve (LC), Bruno Le Maire (RE), Bruno Retailleau, Carole Delga (PS), Edouard Philippe, Eric Zemmour, Fabien Roussel, Francois Ruffin, François Bayrou (MD), François Hollande (PS), Gabriel Attal, Gerald Darmanin, Jean Castex (IND), Jean Lassalle(RES), Jean-Luc Melenchon, Laurent Wauquiez, Marine Le Pen, Marine Tondelier, Michel Barnier (LR), Nathalie Arthaud (LO), Nicolas Dupont-Aignan (DLF), Olivier Faure, Raphael Glucksmann, Sandrine Rousseau (LE), Xavier Bertrand (NF), Yannick Jadot (LE), Yaël Braun-Pivet (RE), Élisabeth Borne (RE)",Ifop,16–18 Apr 2024,2024-04-18,1090,Fabien Roussel,undeclared,5.0,2026-07-07
First round,Until March 2025,3,"Bernard Cazeneuve (LC), Bruno Le Maire (RE), Bruno Retailleau, Carole Delga (PS), Edouard Philippe, Eric Zemmour, Fabien Roussel, Francois Ruffin, François Bayrou (MD), François Hollande (PS), Gabriel Attal, Gerald Darmanin, Jean Castex (IND), Jean Lassalle(RES), Jean-Luc Melenchon, Laurent Wauquiez, Marine Le Pen, Marine Tondelier, Michel Barnier (LR), Nathalie Arthaud (LO), Nicolas Dupont-Aignan (DLF), Olivier Faure, Raphael Glucksmann, Sandrine Rousseau (LE), Xavier Bertrand (NF), Yannick Jadot (LE), Yaël Braun-Pivet (RE), Élisabeth Borne (RE)",Ifop,16–18 Apr 2024,2024-04-18,1090,Fabien Roussel,undeclared,4.5,2026-07-07
First round,Until March 2025,3,"Bernard Cazeneuve (LC), Bruno Le Maire (RE), Bruno Retailleau, Carole Delga (PS), Edouard Philippe, Eric Zemmour, Fabien Roussel, Francois Ruffin, François Bayrou (MD), François Hollande (PS), Gabriel Attal, Gerald Darmanin, Jean Castex (IND), Jean Lassalle(RES), Jean-Luc Melenchon, Laurent Wauquiez, Marine Le Pen, Marine Tondelier, Michel Barnier (LR), Nathalie Arthaud (LO), Nicolas Dupont-Aignan (DLF), Olivier Faure, Raphael Glucksmann, Sandrine Rousseau (LE), Xavier Bertrand (NF), Yannick Jadot (LE), Yaël Braun-Pivet (RE), Élisabeth Borne (RE)",Ifop,16–18 Apr 2024,2024-04-18,1090,Fabien Roussel,undeclared,6.0,2026-07-07
First round,Until March 2025,3,"Bernard Cazeneuve (LC), Bruno Le Maire (RE), Bruno Retailleau, Carole Delga (PS), Edouard Philippe, Eric Zemmour, Fabien Roussel, Francois Ruffin, François Bayrou (MD), François Hollande (PS), Gabriel Attal, Gerald Darmanin, Jean Castex (IND), Jean Lassalle(RES), Jean-Luc Melenchon, Laurent Wauquiez, Marine Le Pen, Marine Tondelier, Michel Barnier (LR), Nathalie Arthaud (LO), Nicolas Dupont-Aignan (DLF), Olivier Faure, Raphael Glucksmann, Sandrine Rousseau (LE), Xavier Bertrand (NF), Yannick Jadot (LE), Yaël Braun-Pivet (RE), Élisabeth Borne (RE)",Ifop,16–18 Apr 2024,2024-04-18,1090,Fabien Roussel,undeclared,4.0,2026-07-07
First round,Until March 2025,3,"Bernard Cazeneuve (LC), Bruno Le Maire (RE), Bruno Retailleau, Carole Delga (PS), Edouard Philippe, Eric Zemmour, Fabien Roussel, Francois Ruffin, François Bayrou (MD), François Hollande (PS), Gabriel Attal, Gerald Darmanin, Jean Castex (IND), Jean Lassalle(RES), Jean-Luc Melenchon, Laurent Wauquiez, Marine Le Pen, Marine Tondelier, Michel Barnier (LR), Nathalie Arthaud (LO), Nicolas Dupont-Aignan (DLF), Olivier Faure, Raphael Glucksmann, Sandrine Rousseau (LE), Xavier Bertrand (NF), Yannick Jadot (LE), Yaël Braun-Pivet (RE), Élisabeth Borne (RE)",Ifop,16–18 Apr 2024,2024-04-18,1090,Fabien Roussel,undeclared,5.5,2026-07-07
First round,Until March 2025,3,"Bernard Cazeneuve (LC), Bruno Le Maire (RE), Bruno Retailleau, Carole Delga (PS), Edouard Philippe, Eric Zemmour, Fabien Roussel, Francois Ruffin, François Bayrou (MD), François Hollande (PS), Gabriel Attal, Gerald Darmanin, Jean Castex (IND), Jean Lassalle(RES), Jean-Luc Melenchon, Laurent Wauquiez, Marine Le Pen, Marine Tondelier, Michel Barnier (LR), Nathalie Arthaud (LO), Nicolas Dupont-Aignan (DLF), Olivier Faure, Raphael Glucksmann, Sandrine Rousseau (LE), Xavier Bertrand (NF), Yannick Jadot (LE), Yaël Braun-Pivet (RE), Élisabeth Borne (RE)",Ifop,16–18 Apr 2024,2024-04-18,1090,Francois Ruffin,undeclared,7.0,2026-07-07
First round,Until March 2025,3,"Bernard Cazeneuve (LC), Bruno Le Maire (RE), Bruno Retailleau, Carole Delga (PS), Edouard Philippe, Eric Zemmour, Fabien Roussel, Francois Ruffin, François Bayrou (MD), François Hollande (PS), Gabriel Attal, Gerald Darmanin, Jean Castex (IND), Jean Lassalle(RES), Jean-Luc Melenchon, Laurent Wauquiez, Marine Le Pen, Marine Tondelier, Michel Barnier (LR), Nathalie Arthaud (LO), Nicolas Dupont-Aignan (DLF), Olivier Faure, Raphael Glucksmann, Sandrine Rousseau (LE), Xavier Bertrand (NF), Yannick Jadot (LE), Yaël Braun-Pivet (RE), Élisabeth Borne (RE)",Ifop,16–18 Apr 2024,2024-04-18,1090,François Hollande (PS),unknown,8.0,2026-07-07
First round,Until March 2025,3,"Bernard Cazeneuve (LC), Bruno Le Maire (RE), Bruno Retailleau, Carole Delga (PS), Edouard Philippe, Eric Zemmour, Fabien Roussel, Francois Ruffin, François Bayrou (MD), François Hollande (PS), Gabriel Attal, Gerald Darmanin, Jean Castex (IND), Jean Lassalle(RES), Jean-Luc Melenchon, Laurent Wauquiez, Marine Le Pen, Marine Tondelier, Michel Barnier (LR), Nathalie Arthaud (LO), Nicolas Dupont-Aignan (DLF), Olivier Faure, Raphael Glucksmann, Sandrine Rousseau (LE), Xavier Bertrand (NF), Yannick Jadot (LE), Yaël Braun-Pivet (RE), Élisabeth Borne (RE)",Ifop,16–18 Apr 2024,2024-04-18,1090,Gabriel Attal,undeclared,22.0,2026-07-07
First round,Until March 2025,3,"Bernard Cazeneuve (LC), Bruno Le Maire (RE), Bruno Retailleau, Carole Delga (PS), Edouard Philippe, Eric Zemmour, Fabien Roussel, Francois Ruffin, François Bayrou (MD), François Hollande (PS), Gabriel Attal, Gerald Darmanin, Jean Castex (IND), Jean Lassalle(RES), Jean-Luc Melenchon, Laurent Wauquiez, Marine Le Pen, Marine Tondelier, Michel Barnier (LR), Nathalie Arthaud (LO), Nicolas Dupont-Aignan (DLF), Olivier Faure, Raphael Glucksmann, Sandrine Rousseau (LE), Xavier Bertrand (NF), Yannick Jadot (LE), Yaël Braun-Pivet (RE), Élisabeth Borne (RE)",Ifop,16–18 Apr 2024,2024-04-18,1090,Gabriel Attal,undeclared,20.0,2026-07-07
First round,Until March 2025,3,"Bernard Cazeneuve (LC), Bruno Le Maire (RE), Bruno Retailleau, Carole Delga (PS), Edouard Philippe, Eric Zemmour, Fabien Roussel, Francois Ruffin, François Bayrou (MD), François Hollande (PS), Gabriel Attal, Gerald Darmanin, Jean Castex (IND), Jean Lassalle(RES), Jean-Luc Melenchon, Laurent Wauquiez, Marine Le Pen, Marine Tondelier, Michel Barnier (LR), Nathalie Arthaud (LO), Nicolas Dupont-Aignan (DLF), Olivier Faure, Raphael Glucksmann, Sandrine Rousseau (LE), Xavier Bertrand (NF), Yannick Jadot (LE), Yaël Braun-Pivet (RE), Élisabeth Borne (RE)",Ifop,16–18 Apr 2024,2024-04-18,1090,Gerald Darmanin,undeclared,12.0,2026-07-07
First round,Until March 2025,3,"Bernard Cazeneuve (LC), Bruno Le Maire (RE), Bruno Retailleau, Carole Delga (PS), Edouard Philippe, Eric Zemmour, Fabien Roussel, Francois Ruffin, François Bayrou (MD), François Hollande (PS), Gabriel Attal, Gerald Darmanin, Jean Castex (IND), Jean Lassalle(RES), Jean-Luc Melenchon, Laurent Wauquiez, Marine Le Pen, Marine Tondelier, Michel Barnier (LR), Nathalie Arthaud (LO), Nicolas Dupont-Aignan (DLF), Olivier Faure, Raphael Glucksmann, Sandrine Rousseau (LE), Xavier Bertrand (NF), Yannick Jadot (LE), Yaël Braun-Pivet (RE), Élisabeth Borne (RE)",Ifop,16–18 Apr 2024,2024-04-18,1090,Jean Lassalle(RES),unknown,2.5,2026-07-07
First round,Until March 2025,3,"Bernard Cazeneuve (LC), Bruno Le Maire (RE), Bruno Retailleau, Carole Delga (PS), Edouard Philippe, Eric Zemmour, Fabien Roussel, Francois Ruffin, François Bayrou (MD), François Hollande (PS), Gabriel Attal, Gerald Darmanin, Jean Castex (IND), Jean Lassalle(RES), Jean-Luc Melenchon, Laurent Wauquiez, Marine Le Pen, Marine Tondelier, Michel Barnier (LR), Nathalie Arthaud (LO), Nicolas Dupont-Aignan (DLF), Olivier Faure, Raphael Glucksmann, Sandrine Rousseau (LE), Xavier Bertrand (NF), Yannick Jadot (LE), Yaël Braun-Pivet (RE), Élisabeth Borne (RE)",Ifop,16–18 Apr 2024,2024-04-18,1090,Jean Lassalle(RES),unknown,2.0,2026-07-07
First round,Until March 2025,3,"Bernard Cazeneuve (LC), Bruno Le Maire (RE), Bruno Retailleau, Carole Delga (PS), Edouard Philippe, Eric Zemmour, Fabien Roussel, Francois Ruffin, François Bayrou (MD), François Hollande (PS), Gabriel Attal, Gerald Darmanin, Jean Castex (IND), Jean Lassalle(RES), Jean-Luc Melenchon, Laurent Wauquiez, Marine Le Pen, Marine Tondelier, Michel Barnier (LR), Nathalie Arthaud (LO), Nicolas Dupont-Aignan (DLF), Olivier Faure, Raphael Glucksmann, Sandrine Rousseau (LE), Xavier Bertrand (NF), Yannick Jadot (LE), Yaël Braun-Pivet (RE), Élisabeth Borne (RE)",Ifop,16–18 Apr 2024,2024-04-18,1090,Jean Lassalle(RES),unknown,3.0,2026-07-07
First round,Until March 2025,3,"Bernard Cazeneuve (LC), Bruno Le Maire (RE), Bruno Retailleau, Carole Delga (PS), Edouard Philippe, Eric Zemmour, Fabien Roussel, Francois Ruffin, François Bayrou (MD), François Hollande (PS), Gabriel Attal, Gerald Darmanin, Jean Castex (IND), Jean Lassalle(RES), Jean-Luc Melenchon, Laurent Wauquiez, Marine Le Pen, Marine Tondelier, Michel Barnier (LR), Nathalie Arthaud (LO), Nicolas Dupont-Aignan (DLF), Olivier Faure, Raphael Glucksmann, Sandrine Rousseau (LE), Xavier Bertrand (NF), Yannick Jadot (LE), Yaël Braun-Pivet (RE), Élisabeth Borne (RE)",Ifop,16–18 Apr 2024,2024-04-18,1090,Jean-Luc Melenchon,undeclared,13.0,2026-07-07
First round,Until March 2025,3,"Bernard Cazeneuve (LC), Bruno Le Maire (RE), Bruno Retailleau, Carole Delga (PS), Edouard Philippe, Eric Zemmour, Fabien Roussel, Francois Ruffin, François Bayrou (MD), François Hollande (PS), Gabriel Attal, Gerald Darmanin, Jean Castex (IND), Jean Lassalle(RES), Jean-Luc Melenchon, Laurent Wauquiez, Marine Le Pen, Marine Tondelier, Michel Barnier (LR), Nathalie Arthaud (LO), Nicolas Dupont-Aignan (DLF), Olivier Faure, Raphael Glucksmann, Sandrine Rousseau (LE), Xavier Bertrand (NF), Yannick Jadot (LE), Yaël Braun-Pivet (RE), Élisabeth Borne (RE)",Ifop,16–18 Apr 2024,2024-04-18,1090,Jean-Luc Melenchon,undeclared,14.0,2026-07-07
First round,Until March 2025,3,"Bernard Cazeneuve (LC), Bruno Le Maire (RE), Bruno Retailleau, Carole Delga (PS), Edouard Philippe, Eric Zemmour, Fabien Roussel, Francois Ruffin, François Bayrou (MD), François Hollande (PS), Gabriel Attal, Gerald Darmanin, Jean Castex (IND), Jean Lassalle(RES), Jean-Luc Melenchon, Laurent Wauquiez, Marine Le Pen, Marine Tondelier, Michel Barnier (LR), Nathalie Arthaud (LO), Nicolas Dupont-Aignan (DLF), Olivier Faure, Raphael Glucksmann, Sandrine Rousseau (LE), Xavier Bertrand (NF), Yannick Jadot (LE), Yaël Braun-Pivet (RE), Élisabeth Borne (RE)",Ifop,16–18 Apr 2024,2024-04-18,1090,Jean-Luc Melenchon,undeclared,15.0,2026-07-07
First round,Until March 2025,3,"Bernard Cazeneuve (LC), Bruno Le Maire (RE), Bruno Retailleau, Carole Delga (PS), Edouard Philippe, Eric Zemmour, Fabien Roussel, Francois Ruffin, François Bayrou (MD), François Hollande (PS), Gabriel Attal, Gerald Darmanin, Jean Castex (IND), Jean Lassalle(RES), Jean-Luc Melenchon, Laurent Wauquiez, Marine Le Pen, Marine Tondelier, Michel Barnier (LR), Nathalie Arthaud (LO), Nicolas Dupont-Aignan (DLF), Olivier Faure, Raphael Glucksmann, Sandrine Rousseau (LE), Xavier Bertrand (NF), Yannick Jadot (LE), Yaël Braun-Pivet (RE), Élisabeth Borne (RE)",Ifop,16–18 Apr 2024,2024-04-18,1090,Jean-Luc Melenchon,undeclared,16.0,2026-07-07
First round,Until March 2025,3,"Bernard Cazeneuve (LC), Bruno Le Maire (RE), Bruno Retailleau, Carole Delga (PS), Edouard Philippe, Eric Zemmour, Fabien Roussel, Francois Ruffin, François Bayrou (MD), François Hollande (PS), Gabriel Attal, Gerald Darmanin, Jean Castex (IND), Jean Lassalle(RES), Jean-Luc Melenchon, Laurent Wauquiez, Marine Le Pen, Marine Tondelier, Michel Barnier (LR), Nathalie Arthaud (LO), Nicolas Dupont-Aignan (DLF), Olivier Faure, Raphael Glucksmann, Sandrine Rousseau (LE), Xavier Bertrand (NF), Yannick Jadot (LE), Yaël Braun-Pivet (RE), Élisabeth Borne (RE)",Ifop,16–18 Apr 2024,2024-04-18,1090,Jean-Luc Melenchon,undeclared,12.0,2026-07-07
First round,Until March 2025,3,"Bernard Cazeneuve (LC), Bruno Le Maire (RE), Bruno Retailleau, Carole Delga (PS), Edouard Philippe, Eric Zemmour, Fabien Roussel, Francois Ruffin, François Bayrou (MD), François Hollande (PS), Gabriel Attal, Gerald Darmanin, Jean Castex (IND), Jean Lassalle(RES), Jean-Luc Melenchon, Laurent Wauquiez, Marine Le Pen, Marine Tondelier, Michel Barnier (LR), Nathalie Arthaud (LO), Nicolas Dupont-Aignan (DLF), Olivier Faure, Raphael Glucksmann, Sandrine Rousseau (LE), Xavier Bertrand (NF), Yannick Jadot (LE), Yaël Braun-Pivet (RE), Élisabeth Borne (RE)",Ifop,16–18 Apr 2024,2024-04-18,1090,Laurent Wauquiez,undeclared,8.0,2026-07-07
First round,Until March 2025,3,"Bernard Cazeneuve (LC), Bruno Le Maire (RE), Bruno Retailleau, Carole Delga (PS), Edouard Philippe, Eric Zemmour, Fabien Roussel, Francois Ruffin, François Bayrou (MD), François Hollande (PS), Gabriel Attal, Gerald Darmanin, Jean Castex (IND), Jean Lassalle(RES), Jean-Luc Melenchon, Laurent Wauquiez, Marine Le Pen, Marine Tondelier, Michel Barnier (LR), Nathalie Arthaud (LO), Nicolas Dupont-Aignan (DLF), Olivier Faure, Raphael Glucksmann, Sandrine Rousseau (LE), Xavier Bertrand (NF), Yannick Jadot (LE), Yaël Braun-Pivet (RE), Élisabeth Borne (RE)",Ifop,16–18 Apr 2024,2024-04-18,1090,Laurent Wauquiez,undeclared,5.0,2026-07-07
First round,Until March 2025,3,"Bernard Cazeneuve (LC), Bruno Le Maire (RE), Bruno Retailleau, Carole Delga (PS), Edouard Philippe, Eric Zemmour, Fabien Roussel, Francois Ruffin, François Bayrou (MD), François Hollande (PS), Gabriel Attal, Gerald Darmanin, Jean Castex (IND), Jean Lassalle(RES), Jean-Luc Melenchon, Laurent Wauquiez, Marine Le Pen, Marine Tondelier, Michel Barnier (LR), Nathalie Arthaud (LO), Nicolas Dupont-Aignan (DLF), Olivier Faure, Raphael Glucksmann, Sandrine Rousseau (LE), Xavier Bertrand (NF), Yannick Jadot (LE), Yaël Braun-Pivet (RE), Élisabeth Borne (RE)",Ifop,16–18 Apr 2024,2024-04-18,1090,Laurent Wauquiez,undeclared,8.5,2026-07-07
First round,Until March 2025,3,"Bernard Cazeneuve (LC), Bruno Le Maire (RE), Bruno Retailleau, Carole Delga (PS), Edouard Philippe, Eric Zemmour, Fabien Roussel, Francois Ruffin, François Bayrou (MD), François Hollande (PS), Gabriel Attal, Gerald Darmanin, Jean Castex (IND), Jean Lassalle(RES), Jean-Luc Melenchon, Laurent Wauquiez, Marine Le Pen, Marine Tondelier, Michel Barnier (LR), Nathalie Arthaud (LO), Nicolas Dupont-Aignan (DLF), Olivier Faure, Raphael Glucksmann, Sandrine Rousseau (LE), Xavier Bertrand (NF), Yannick Jadot (LE), Yaël Braun-Pivet (RE), Élisabeth Borne (RE)",Ifop,16–18 Apr 2024,2024-04-18,1090,Laurent Wauquiez,undeclared,7.0,2026-07-07
First round,Until March 2025,3,"Bernard Cazeneuve (LC), Bruno Le Maire (RE), Bruno Retailleau, Carole Delga (PS), Edouard Philippe, Eric Zemmour, Fabien Roussel, Francois Ruffin, François Bayrou (MD), François Hollande (PS), Gabriel Attal, Gerald Darmanin, Jean Castex (IND), Jean Lassalle(RES), Jean-Luc Melenchon, Laurent Wauquiez, Marine Le Pen, Marine Tondelier, Michel Barnier (LR), Nathalie Arthaud (LO), Nicolas Dupont-Aignan (DLF), Olivier Faure, Raphael Glucksmann, Sandrine Rousseau (LE), Xavier Bertrand (NF), Yannick Jadot (LE), Yaël Braun-Pivet (RE), Élisabeth Borne (RE)",Ifop,16–18 Apr 2024,2024-04-18,1090,Marine Le Pen,candidate,36.0,2026-07-07
First round,Until March 2025,3,"Bernard Cazeneuve (LC), Bruno Le Maire (RE), Bruno Retailleau, Carole Delga (PS), Edouard Philippe, Eric Zemmour, Fabien Roussel, Francois Ruffin, François Bayrou (MD), François Hollande (PS), Gabriel Attal, Gerald Darmanin, Jean Castex (IND), Jean Lassalle(RES), Jean-Luc Melenchon, Laurent Wauquiez, Marine Le Pen, Marine Tondelier, Michel Barnier (LR), Nathalie Arthaud (LO), Nicolas Dupont-Aignan (DLF), Olivier Faure, Raphael Glucksmann, Sandrine Rousseau (LE), Xavier Bertrand (NF), Yannick Jadot (LE), Yaël Braun-Pivet (RE), Élisabeth Borne (RE)",Ifop,16–18 Apr 2024,2024-04-18,1090,Marine Le Pen,candidate,35.0,2026-07-07
First round,Until March 2025,3,"Bernard Cazeneuve (LC), Bruno Le Maire (RE), Bruno Retailleau, Carole Delga (PS), Edouard Philippe, Eric Zemmour, Fabien Roussel, Francois Ruffin, François Bayrou (MD), François Hollande (PS), Gabriel Attal, Gerald Darmanin, Jean Castex (IND), Jean Lassalle(RES), Jean-Luc Melenchon, Laurent Wauquiez, Marine Le Pen, Marine Tondelier, Michel Barnier (LR), Nathalie Arthaud (LO), Nicolas Dupont-Aignan (DLF), Olivier Faure, Raphael Glucksmann, Sandrine Rousseau (LE), Xavier Bertrand (NF), Yannick Jadot (LE), Yaël Braun-Pivet (RE), Élisabeth Borne (RE)",Ifop,16–18 Apr 2024,2024-04-18,1090,Marine Le Pen,candidate,34.0,2026-07-07
First round,Until March 2025,3,"Bernard Cazeneuve (LC), Bruno Le Maire (RE), Bruno Retailleau, Carole Delga (PS), Edouard Philippe, Eric Zemmour, Fabien Roussel, Francois Ruffin, François Bayrou (MD), François Hollande (PS), Gabriel Attal, Gerald Darmanin, Jean Castex (IND), Jean Lassalle(RES), Jean-Luc Melenchon, Laurent Wauquiez, Marine Le Pen, Marine Tondelier, Michel Barnier (LR), Nathalie Arthaud (LO), Nicolas Dupont-Aignan (DLF), Olivier Faure, Raphael Glucksmann, Sandrine Rousseau (LE), Xavier Bertrand (NF), Yannick Jadot (LE), Yaël Braun-Pivet (RE), Élisabeth Borne (RE)",Ifop,16–18 Apr 2024,2024-04-18,1090,Marine Le Pen,candidate,33.0,2026-07-07
First round,Until March 2025,3,"Bernard Cazeneuve (LC), Bruno Le Maire (RE), Bruno Retailleau, Carole Delga (PS), Edouard Philippe, Eric Zemmour, Fabien Roussel, Francois Ruffin, François Bayrou (MD), François Hollande (PS), Gabriel Attal, Gerald Darmanin, Jean Castex (IND), Jean Lassalle(RES), Jean-Luc Melenchon, Laurent Wauquiez, Marine Le Pen, Marine Tondelier, Michel Barnier (LR), Nathalie Arthaud (LO), Nicolas Dupont-Aignan (DLF), Olivier Faure, Raphael Glucksmann, Sandrine Rousseau (LE), Xavier Bertrand (NF), Yannick Jadot (LE), Yaël Braun-Pivet (RE), Élisabeth Borne (RE)",Ifop,16–18 Apr 2024,2024-04-18,1090,Marine Le Pen,candidate,32.0,2026-07-07
First round,Until March 2025,3,"Bernard Cazeneuve (LC), Bruno Le Maire (RE), Bruno Retailleau, Carole Delga (PS), Edouard Philippe, Eric Zemmour, Fabien Roussel, Francois Ruffin, François Bayrou (MD), François Hollande (PS), Gabriel Attal, Gerald Darmanin, Jean Castex (IND), Jean Lassalle(RES), Jean-Luc Melenchon, Laurent Wauquiez, Marine Le Pen, Marine Tondelier, Michel Barnier (LR), Nathalie Arthaud (LO), Nicolas Dupont-Aignan (DLF), Olivier Faure, Raphael Glucksmann, Sandrine Rousseau (LE), Xavier Bertrand (NF), Yannick Jadot (LE), Yaël Braun-Pivet (RE), Élisabeth Borne (RE)",Ifop,16–18 Apr 2024,2024-04-18,1090,Marine Tondelier,undeclared,2.0,2026-07-07
First round,Until March 2025,3,"Bernard Cazeneuve (LC), Bruno Le Maire (RE), Bruno Retailleau, Carole Delga (PS), Edouard Philippe, Eric Zemmour, Fabien Roussel, Francois Ruffin, François Bayrou (MD), François Hollande (PS), Gabriel Attal, Gerald Darmanin, Jean Castex (IND), Jean Lassalle(RES), Jean-Luc Melenchon, Laurent Wauquiez, Marine Le Pen, Marine Tondelier, Michel Barnier (LR), Nathalie Arthaud (LO), Nicolas Dupont-Aignan (DLF), Olivier Faure, Raphael Glucksmann, Sandrine Rousseau (LE), Xavier Bertrand (NF), Yannick Jadot (LE), Yaël Braun-Pivet (RE), Élisabeth Borne (RE)",Ifop,16–18 Apr 2024,2024-04-18,1090,Marine Tondelier,undeclared,3.0,2026-07-07
First round,Until March 2025,3,"Bernard Cazeneuve (LC), Bruno Le Maire (RE), Bruno Retailleau, Carole Delga (PS), Edouard Philippe, Eric Zemmour, Fabien Roussel, Francois Ruffin, François Bayrou (MD), François Hollande (PS), Gabriel Attal, Gerald Darmanin, Jean Castex (IND), Jean Lassalle(RES), Jean-Luc Melenchon, Laurent Wauquiez, Marine Le Pen, Marine Tondelier, Michel Barnier (LR), Nathalie Arthaud (LO), Nicolas Dupont-Aignan (DLF), Olivier Faure, Raphael Glucksmann, Sandrine Rousseau (LE), Xavier Bertrand (NF), Yannick Jadot (LE), Yaël Braun-Pivet (RE), Élisabeth Borne (RE)",Ifop,16–18 Apr 2024,2024-04-18,1090,Marine Tondelier,undeclared,2.5,2026-07-07
First round,Until March 2025,3,"Bernard Cazeneuve (LC), Bruno Le Maire (RE), Bruno Retailleau, Carole Delga (PS), Edouard Philippe, Eric Zemmour, Fabien Roussel, Francois Ruffin, François Bayrou (MD), François Hollande (PS), Gabriel Attal, Gerald Darmanin, Jean Castex (IND), Jean Lassalle(RES), Jean-Luc Melenchon, Laurent Wauquiez, Marine Le Pen, Marine Tondelier, Michel Barnier (LR), Nathalie Arthaud (LO), Nicolas Dupont-Aignan (DLF), Olivier Faure, Raphael Glucksmann, Sandrine Rousseau (LE), Xavier Bertrand (NF), Yannick Jadot (LE), Yaël Braun-Pivet (RE), Élisabeth Borne (RE)",Ifop,16–18 Apr 2024,2024-04-18,1090,Nathalie Arthaud (LO),unknown,1.0,2026-07-07
First round,Until March 2025,3,"Bernard Cazeneuve (LC), Bruno Le Maire (RE), Bruno Retailleau, Carole Delga (PS), Edouard Philippe, Eric Zemmour, Fabien Roussel, Francois Ruffin, François Bayrou (MD), François Hollande (PS), Gabriel Attal, Gerald Darmanin, Jean Castex (IND), Jean Lassalle(RES), Jean-Luc Melenchon, Laurent Wauquiez, Marine Le Pen, Marine Tondelier, Michel Barnier (LR), Nathalie Arthaud (LO), Nicolas Dupont-Aignan (DLF), Olivier Faure, Raphael Glucksmann, Sandrine Rousseau (LE), Xavier Bertrand (NF), Yannick Jadot (LE), Yaël Braun-Pivet (RE), Élisabeth Borne (RE)",Ifop,16–18 Apr 2024,2024-04-18,1090,Nathalie Arthaud (LO),unknown,1.5,2026-07-07
First round,Until March 2025,3,"Bernard Cazeneuve (LC), Bruno Le Maire (RE), Bruno Retailleau, Carole Delga (PS), Edouard Philippe, Eric Zemmour, Fabien Roussel, Francois Ruffin, François Bayrou (MD), François Hollande (PS), Gabriel Attal, Gerald Darmanin, Jean Castex (IND), Jean Lassalle(RES), Jean-Luc Melenchon, Laurent Wauquiez, Marine Le Pen, Marine Tondelier, Michel Barnier (LR), Nathalie Arthaud (LO), Nicolas Dupont-Aignan (DLF), Olivier Faure, Raphael Glucksmann, Sandrine Rousseau (LE), Xavier Bertrand (NF), Yannick Jadot (LE), Yaël Braun-Pivet (RE), Élisabeth Borne (RE)",Ifop,16–18 Apr 2024,2024-04-18,1090,Nathalie Arthaud (LO),unknown,2.0,2026-07-07
First round,Until March 2025,3,"Bernard Cazeneuve (LC), Bruno Le Maire (RE), Bruno Retailleau, Carole Delga (PS), Edouard Philippe, Eric Zemmour, Fabien Roussel, Francois Ruffin, François Bayrou (MD), François Hollande (PS), Gabriel Attal, Gerald Darmanin, Jean Castex (IND), Jean Lassalle(RES), Jean-Luc Melenchon, Laurent Wauquiez, Marine Le Pen, Marine Tondelier, Michel Barnier (LR), Nathalie Arthaud (LO), Nicolas Dupont-Aignan (DLF), Olivier Faure, Raphael Glucksmann, Sandrine Rousseau (LE), Xavier Bertrand (NF), Yannick Jadot (LE), Yaël Braun-Pivet (RE), Élisabeth Borne (RE)",Ifop,16–18 Apr 2024,2024-04-18,1090,Nicolas Dupont-Aignan (DLF),unknown,2.5,2026-07-07
First round,Until March 2025,3,"Bernard Cazeneuve (LC), Bruno Le Maire (RE), Bruno Retailleau, Carole Delga (PS), Edouard Philippe, Eric Zemmour, Fabien Roussel, Francois Ruffin, François Bayrou (MD), François Hollande (PS), Gabriel Attal, Gerald Darmanin, Jean Castex (IND), Jean Lassalle(RES), Jean-Luc Melenchon, Laurent Wauquiez, Marine Le Pen, Marine Tondelier, Michel Barnier (LR), Nathalie Arthaud (LO), Nicolas Dupont-Aignan (DLF), Olivier Faure, Raphael Glucksmann, Sandrine Rousseau (LE), Xavier Bertrand (NF), Yannick Jadot (LE), Yaël Braun-Pivet (RE), Élisabeth Borne (RE)",Ifop,16–18 Apr 2024,2024-04-18,1090,Nicolas Dupont-Aignan (DLF),unknown,2.0,2026-07-07
First round,Until March 2025,3,"Bernard Cazeneuve (LC), Bruno Le Maire (RE), Bruno Retailleau, Carole Delga (PS), Edouard Philippe, Eric Zemmour, Fabien Roussel, Francois Ruffin, François Bayrou (MD), François Hollande (PS), Gabriel Attal, Gerald Darmanin, Jean Castex (IND), Jean Lassalle(RES), Jean-Luc Melenchon, Laurent Wauquiez, Marine Le Pen, Marine Tondelier, Michel Barnier (LR), Nathalie Arthaud (LO), Nicolas Dupont-Aignan (DLF), Olivier Faure, Raphael Glucksmann, Sandrine Rousseau (LE), Xavier Bertrand (NF), Yannick Jadot (LE), Yaël Braun-Pivet (RE), Élisabeth Borne (RE)",Ifop,16–18 Apr 2024,2024-04-18,1090,Nicolas Dupont-Aignan (DLF),unknown,3.0,2026-07-07
First round,Until March 2025,3,"Bernard Cazeneuve (LC), Bruno Le Maire (RE), Bruno Retailleau, Carole Delga (PS), Edouard Philippe, Eric Zemmour, Fabien Roussel, Francois Ruffin, François Bayrou (MD), François Hollande (PS), Gabriel Attal, Gerald Darmanin, Jean Castex (IND), Jean Lassalle(RES), Jean-Luc Melenchon, Laurent Wauquiez, Marine Le Pen, Marine Tondelier, Michel Barnier (LR), Nathalie Arthaud (LO), Nicolas Dupont-Aignan (DLF), Olivier Faure, Raphael Glucksmann, Sandrine Rousseau (LE), Xavier Bertrand (NF), Yannick Jadot (LE), Yaël Braun-Pivet (RE), Élisabeth Borne (RE)",Ifop,16–18 Apr 2024,2024-04-18,1090,Olivier Faure,undeclared,3.0,2026-07-07
First round,Until March 2025,3,"Bernard Cazeneuve (LC), Bruno Le Maire (RE), Bruno Retailleau, Carole Delga (PS), Edouard Philippe, Eric Zemmour, Fabien Roussel, Francois Ruffin, François Bayrou (MD), François Hollande (PS), Gabriel Attal, Gerald Darmanin, Jean Castex (IND), Jean Lassalle(RES), Jean-Luc Melenchon, Laurent Wauquiez, Marine Le Pen, Marine Tondelier, Michel Barnier (LR), Nathalie Arthaud (LO), Nicolas Dupont-Aignan (DLF), Olivier Faure, Raphael Glucksmann, Sandrine Rousseau (LE), Xavier Bertrand (NF), Yannick Jadot (LE), Yaël Braun-Pivet (RE), Élisabeth Borne (RE)",Ifop,16–18 Apr 2024,2024-04-18,1090,Olivier Faure,undeclared,5.5,2026-07-07
First round,Until March 2025,3,"Bernard Cazeneuve (LC), Bruno Le Maire (RE), Bruno Retailleau, Carole Delga (PS), Edouard Philippe, Eric Zemmour, Fabien Roussel, Francois Ruffin, François Bayrou (MD), François Hollande (PS), Gabriel Attal, Gerald Darmanin, Jean Castex (IND), Jean Lassalle(RES), Jean-Luc Melenchon, Laurent Wauquiez, Marine Le Pen, Marine Tondelier, Michel Barnier (LR), Nathalie Arthaud (LO), Nicolas Dupont-Aignan (DLF), Olivier Faure, Raphael Glucksmann, Sandrine Rousseau (LE), Xavier Bertrand (NF), Yannick Jadot (LE), Yaël Braun-Pivet (RE), Élisabeth Borne (RE)",Ifop,16–18 Apr 2024,2024-04-18,1090,Olivier Faure,undeclared,4.5,2026-07-07
First round,Until March 2025,3,"Bernard Cazeneuve (LC), Bruno Le Maire (RE), Bruno Retailleau, Carole Delga (PS), Edouard Philippe, Eric Zemmour, Fabien Roussel, Francois Ruffin, François Bayrou (MD), François Hollande (PS), Gabriel Attal, Gerald Darmanin, Jean Castex (IND), Jean Lassalle(RES), Jean-Luc Melenchon, Laurent Wauquiez, Marine Le Pen, Marine Tondelier, Michel Barnier (LR), Nathalie Arthaud (LO), Nicolas Dupont-Aignan (DLF), Olivier Faure, Raphael Glucksmann, Sandrine Rousseau (LE), Xavier Bertrand (NF), Yannick Jadot (LE), Yaël Braun-Pivet (RE), Élisabeth Borne (RE)",Ifop,16–18 Apr 2024,2024-04-18,1090,Olivier Faure,undeclared,4.0,2026-07-07
First round,Until March 2025,3,"Bernard Cazeneuve (LC), Bruno Le Maire (RE), Bruno Retailleau, Carole Delga (PS), Edouard Philippe, Eric Zemmour, Fabien Roussel, Francois Ruffin, François Bayrou (MD), François Hollande (PS), Gabriel Attal, Gerald Darmanin, Jean Castex (IND), Jean Lassalle(RES), Jean-Luc Melenchon, Laurent Wauquiez, Marine Le Pen, Marine Tondelier, Michel Barnier (LR), Nathalie Arthaud (LO), Nicolas Dupont-Aignan (DLF), Olivier Faure, Raphael Glucksmann, Sandrine Rousseau (LE), Xavier Bertrand (NF), Yannick Jadot (LE), Yaël Braun-Pivet (RE), Élisabeth Borne (RE)",Ifop,16–18 Apr 2024,2024-04-18,1090,Olivier Faure,undeclared,3.5,2026-07-07
First round,Until March 2025,3,"Bernard Cazeneuve (LC), Bruno Le Maire (RE), Bruno Retailleau, Carole Delga (PS), Edouard Philippe, Eric Zemmour, Fabien Roussel, Francois Ruffin, François Bayrou (MD), François Hollande (PS), Gabriel Attal, Gerald Darmanin, Jean Castex (IND), Jean Lassalle(RES), Jean-Luc Melenchon, Laurent Wauquiez, Marine Le Pen, Marine Tondelier, Michel Barnier (LR), Nathalie Arthaud (LO), Nicolas Dupont-Aignan (DLF), Olivier Faure, Raphael Glucksmann, Sandrine Rousseau (LE), Xavier Bertrand (NF), Yannick Jadot (LE), Yaël Braun-Pivet (RE), Élisabeth Borne (RE)",Ifop,16–18 Apr 2024,2024-04-18,1090,Xavier Bertrand (NF),unknown,6.0,2026-07-07
First round,Until March 2025,3,"Bernard Cazeneuve (LC), Bruno Le Maire (RE), Bruno Retailleau, Carole Delga (PS), Edouard Philippe, Eric Zemmour, Fabien Roussel, Francois Ruffin, François Bayrou (MD), François Hollande (PS), Gabriel Attal, Gerald Darmanin, Jean Castex (IND), Jean Lassalle(RES), Jean-Luc Melenchon, Laurent Wauquiez, Marine Le Pen, Marine Tondelier, Michel Barnier (LR), Nathalie Arthaud (LO), Nicolas Dupont-Aignan (DLF), Olivier Faure, Raphael Glucksmann, Sandrine Rousseau (LE), Xavier Bertrand (NF), Yannick Jadot (LE), Yaël Braun-Pivet (RE), Élisabeth Borne (RE)",Harris Interactive,7–8 Jul 2024,2024-07-08,2496,Edouard Philippe,undeclared,2.0,2026-07-07
First round,Until March 2025,3,"Bernard Cazeneuve (LC), Bruno Le Maire (RE), Bruno Retailleau, Carole Delga (PS), Edouard Philippe, Eric Zemmour, Fabien Roussel, Francois Ruffin, François Bayrou (MD), François Hollande (PS), Gabriel Attal, Gerald Darmanin, Jean Castex (IND), Jean Lassalle(RES), Jean-Luc Melenchon, Laurent Wauquiez, Marine Le Pen, Marine Tondelier, Michel Barnier (LR), Nathalie Arthaud (LO), Nicolas Dupont-Aignan (DLF), Olivier Faure, Raphael Glucksmann, Sandrine Rousseau (LE), Xavier Bertrand (NF), Yannick Jadot (LE), Yaël Braun-Pivet (RE), Élisabeth Borne (RE)",Harris Interactive,7–8 Jul 2024,2024-07-08,2496,Edouard Philippe,undeclared,1.0,2026-07-07
First round,Until March 2025,3,"Bernard Cazeneuve (LC), Bruno Le Maire (RE), Bruno Retailleau, Carole Delga (PS), Edouard Philippe, Eric Zemmour, Fabien Roussel, Francois Ruffin, François Bayrou (MD), François Hollande (PS), Gabriel Attal, Gerald Darmanin, Jean Castex (IND), Jean Lassalle(RES), Jean-Luc Melenchon, Laurent Wauquiez, Marine Le Pen, Marine Tondelier, Michel Barnier (LR), Nathalie Arthaud (LO), Nicolas Dupont-Aignan (DLF), Olivier Faure, Raphael Glucksmann, Sandrine Rousseau (LE), Xavier Bertrand (NF), Yannick Jadot (LE), Yaël Braun-Pivet (RE), Élisabeth Borne (RE)",Harris Interactive,7–8 Jul 2024,2024-07-08,2496,Edouard Philippe,undeclared,22.0,2026-07-07
First round,Until March 2025,3,"Bernard Cazeneuve (LC), Bruno Le Maire (RE), Bruno Retailleau, Carole Delga (PS), Edouard Philippe, Eric Zemmour, Fabien Roussel, Francois Ruffin, François Bayrou (MD), François Hollande (PS), Gabriel Attal, Gerald Darmanin, Jean Castex (IND), Jean Lassalle(RES), Jean-Luc Melenchon, Laurent Wauquiez, Marine Le Pen, Marine Tondelier, Michel Barnier (LR), Nathalie Arthaud (LO), Nicolas Dupont-Aignan (DLF), Olivier Faure, Raphael Glucksmann, Sandrine Rousseau (LE), Xavier Bertrand (NF), Yannick Jadot (LE), Yaël Braun-Pivet (RE), Élisabeth Borne (RE)",Harris Interactive,7–8 Jul 2024,2024-07-08,2496,Edouard Philippe,undeclared,24.0,2026-07-07
First round,Until March 2025,3,"Bernard Cazeneuve (LC), Bruno Le Maire (RE), Bruno Retailleau, Carole Delga (PS), Edouard Philippe, Eric Zemmour, Fabien Roussel, Francois Ruffin, François Bayrou (MD), François Hollande (PS), Gabriel Attal, Gerald Darmanin, Jean Castex (IND), Jean Lassalle(RES), Jean-Luc Melenchon, Laurent Wauquiez, Marine Le Pen, Marine Tondelier, Michel Barnier (LR), Nathalie Arthaud (LO), Nicolas Dupont-Aignan (DLF), Olivier Faure, Raphael Glucksmann, Sandrine Rousseau (LE), Xavier Bertrand (NF), Yannick Jadot (LE), Yaël Braun-Pivet (RE), Élisabeth Borne (RE)",Harris Interactive,7–8 Jul 2024,2024-07-08,2496,Eric Zemmour,undeclared,4.0,2026-07-07
First round,Until March 2025,3,"Bernard Cazeneuve (LC), Bruno Le Maire (RE), Bruno Retailleau, Carole Delga (PS), Edouard Philippe, Eric Zemmour, Fabien Roussel, Francois Ruffin, François Bayrou (MD), François Hollande (PS), Gabriel Attal, Gerald Darmanin, Jean Castex (IND), Jean Lassalle(RES), Jean-Luc Melenchon, Laurent Wauquiez, Marine Le Pen, Marine Tondelier, Michel Barnier (LR), Nathalie Arthaud (LO), Nicolas Dupont-Aignan (DLF), Olivier Faure, Raphael Glucksmann, Sandrine Rousseau (LE), Xavier Bertrand (NF), Yannick Jadot (LE), Yaël Braun-Pivet (RE), Élisabeth Borne (RE)",Harris Interactive,7–8 Jul 2024,2024-07-08,2496,Eric Zemmour,undeclared,3.0,2026-07-07
First round,Until March 2025,3,"Bernard Cazeneuve (LC), Bruno Le Maire (RE), Bruno Retailleau, Carole Delga (PS), Edouard Philippe, Eric Zemmour, Fabien Roussel, Francois Ruffin, François Bayrou (MD), François Hollande (PS), Gabriel Attal, Gerald Darmanin, Jean Castex (IND), Jean Lassalle(RES), Jean-Luc Melenchon, Laurent Wauquiez, Marine Le Pen, Marine Tondelier, Michel Barnier (LR), Nathalie Arthaud (LO), Nicolas Dupont-Aignan (DLF), Olivier Faure, Raphael Glucksmann, Sandrine Rousseau (LE), Xavier Bertrand (NF), Yannick Jadot (LE), Yaël Braun-Pivet (RE), Élisabeth Borne (RE)",Harris Interactive,7–8 Jul 2024,2024-07-08,2496,Fabien Roussel,undeclared,3.0,2026-07-07
First round,Until March 2025,3,"Bernard Cazeneuve (LC), Bruno Le Maire (RE), Bruno Retailleau, Carole Delga (PS), Edouard Philippe, Eric Zemmour, Fabien Roussel, Francois Ruffin, François Bayrou (MD), François Hollande (PS), Gabriel Attal, Gerald Darmanin, Jean Castex (IND), Jean Lassalle(RES), Jean-Luc Melenchon, Laurent Wauquiez, Marine Le Pen, Marine Tondelier, Michel Barnier (LR), Nathalie Arthaud (LO), Nicolas Dupont-Aignan (DLF), Olivier Faure, Raphael Glucksmann, Sandrine Rousseau (LE), Xavier Bertrand (NF), Yannick Jadot (LE), Yaël Braun-Pivet (RE), Élisabeth Borne (RE)",Harris Interactive,7–8 Jul 2024,2024-07-08,2496,Fabien Roussel,undeclared,5.0,2026-07-07
First round,Until March 2025,3,"Bernard Cazeneuve (LC), Bruno Le Maire (RE), Bruno Retailleau, Carole Delga (PS), Edouard Philippe, Eric Zemmour, Fabien Roussel, Francois Ruffin, François Bayrou (MD), François Hollande (PS), Gabriel Attal, Gerald Darmanin, Jean Castex (IND), Jean Lassalle(RES), Jean-Luc Melenchon, Laurent Wauquiez, Marine Le Pen, Marine Tondelier, Michel Barnier (LR), Nathalie Arthaud (LO), Nicolas Dupont-Aignan (DLF), Olivier Faure, Raphael Glucksmann, Sandrine Rousseau (LE), Xavier Bertrand (NF), Yannick Jadot (LE), Yaël Braun-Pivet (RE), Élisabeth Borne (RE)",Harris Interactive,7–8 Jul 2024,2024-07-08,2496,Fabien Roussel,undeclared,4.0,2026-07-07
First round,Until March 2025,3,"Bernard Cazeneuve (LC), Bruno Le Maire (RE), Bruno Retailleau, Carole Delga (PS), Edouard Philippe, Eric Zemmour, Fabien Roussel, Francois Ruffin, François Bayrou (MD), François Hollande (PS), Gabriel Attal, Gerald Darmanin, Jean Castex (IND), Jean Lassalle(RES), Jean-Luc Melenchon, Laurent Wauquiez, Marine Le Pen, Marine Tondelier, Michel Barnier (LR), Nathalie Arthaud (LO), Nicolas Dupont-Aignan (DLF), Olivier Faure, Raphael Glucksmann, Sandrine Rousseau (LE), Xavier Bertrand (NF), Yannick Jadot (LE), Yaël Braun-Pivet (RE), Élisabeth Borne (RE)",Harris Interactive,7–8 Jul 2024,2024-07-08,2496,Gabriel Attal,undeclared,20.0,2026-07-07
First round,Until March 2025,3,"Bernard Cazeneuve (LC), Bruno Le Maire (RE), Bruno Retailleau, Carole Delga (PS), Edouard Philippe, Eric Zemmour, Fabien Roussel, Francois Ruffin, François Bayrou (MD), François Hollande (PS), Gabriel Attal, Gerald Darmanin, Jean Castex (IND), Jean Lassalle(RES), Jean-Luc Melenchon, Laurent Wauquiez, Marine Le Pen, Marine Tondelier, Michel Barnier (LR), Nathalie Arthaud (LO), Nicolas Dupont-Aignan (DLF), Olivier Faure, Raphael Glucksmann, Sandrine Rousseau (LE), Xavier Bertrand (NF), Yannick Jadot (LE), Yaël Braun-Pivet (RE), Élisabeth Borne (RE)",Harris Interactive,7–8 Jul 2024,2024-07-08,2496,Gabriel Attal,undeclared,23.0,2026-07-07
First round,Until March 2025,3,"Bernard Cazeneuve (LC), Bruno Le Maire (RE), Bruno Retailleau, Carole Delga (PS), Edouard Philippe, Eric Zemmour, Fabien Roussel, Francois Ruffin, François Bayrou (MD), François Hollande (PS), Gabriel Attal, Gerald Darmanin, Jean Castex (IND), Jean Lassalle(RES), Jean-Luc Melenchon, Laurent Wauquiez, Marine Le Pen, Marine Tondelier, Michel Barnier (LR), Nathalie Arthaud (LO), Nicolas Dupont-Aignan (DLF), Olivier Faure, Raphael Glucksmann, Sandrine Rousseau (LE), Xavier Bertrand (NF), Yannick Jadot (LE), Yaël Braun-Pivet (RE), Élisabeth Borne (RE)",Harris Interactive,7–8 Jul 2024,2024-07-08,2496,Jean-Luc Melenchon,undeclared,15.0,2026-07-07
First round,Until March 2025,3,"Bernard Cazeneuve (LC), Bruno Le Maire (RE), Bruno Retailleau, Carole Delga (PS), Edouard Philippe, Eric Zemmour, Fabien Roussel, Francois Ruffin, François Bayrou (MD), François Hollande (PS), Gabriel Attal, Gerald Darmanin, Jean Castex (IND), Jean Lassalle(RES), Jean-Luc Melenchon, Laurent Wauquiez, Marine Le Pen, Marine Tondelier, Michel Barnier (LR), Nathalie Arthaud (LO), Nicolas Dupont-Aignan (DLF), Olivier Faure, Raphael Glucksmann, Sandrine Rousseau (LE), Xavier Bertrand (NF), Yannick Jadot (LE), Yaël Braun-Pivet (RE), Élisabeth Borne (RE)",Harris Interactive,7–8 Jul 2024,2024-07-08,2496,Jean-Luc Melenchon,undeclared,16.0,2026-07-07
First round,Until March 2025,3,"Bernard Cazeneuve (LC), Bruno Le Maire (RE), Bruno Retailleau, Carole Delga (PS), Edouard Philippe, Eric Zemmour, Fabien Roussel, Francois Ruffin, François Bayrou (MD), François Hollande (PS), Gabriel Attal, Gerald Darmanin, Jean Castex (IND), Jean Lassalle(RES), Jean-Luc Melenchon, Laurent Wauquiez, Marine Le Pen, Marine Tondelier, Michel Barnier (LR), Nathalie Arthaud (LO), Nicolas Dupont-Aignan (DLF), Olivier Faure, Raphael Glucksmann, Sandrine Rousseau (LE), Xavier Bertrand (NF), Yannick Jadot (LE), Yaël Braun-Pivet (RE), Élisabeth Borne (RE)",Harris Interactive,7–8 Jul 2024,2024-07-08,2496,Jean-Luc Melenchon,undeclared,17.0,2026-07-07
First round,Until March 2025,3,"Bernard Cazeneuve (LC), Bruno Le Maire (RE), Bruno Retailleau, Carole Delga (PS), Edouard Philippe, Eric Zemmour, Fabien Roussel, Francois Ruffin, François Bayrou (MD), François Hollande (PS), Gabriel Attal, Gerald Darmanin, Jean Castex (IND), Jean Lassalle(RES), Jean-Luc Melenchon, Laurent Wauquiez, Marine Le Pen, Marine Tondelier, Michel Barnier (LR), Nathalie Arthaud (LO), Nicolas Dupont-Aignan (DLF), Olivier Faure, Raphael Glucksmann, Sandrine Rousseau (LE), Xavier Bertrand (NF), Yannick Jadot (LE), Yaël Braun-Pivet (RE), Élisabeth Borne (RE)",Harris Interactive,7–8 Jul 2024,2024-07-08,2496,Laurent Wauquiez,undeclared,5.0,2026-07-07
First round,Until March 2025,3,"Bernard Cazeneuve (LC), Bruno Le Maire (RE), Bruno Retailleau, Carole Delga (PS), Edouard Philippe, Eric Zemmour, Fabien Roussel, Francois Ruffin, François Bayrou (MD), François Hollande (PS), Gabriel Attal, Gerald Darmanin, Jean Castex (IND), Jean Lassalle(RES), Jean-Luc Melenchon, Laurent Wauquiez, Marine Le Pen, Marine Tondelier, Michel Barnier (LR), Nathalie Arthaud (LO), Nicolas Dupont-Aignan (DLF), Olivier Faure, Raphael Glucksmann, Sandrine Rousseau (LE), Xavier Bertrand (NF), Yannick Jadot (LE), Yaël Braun-Pivet (RE), Élisabeth Borne (RE)",Harris Interactive,7–8 Jul 2024,2024-07-08,2496,Marine Le Pen,candidate,31.0,2026-07-07
First round,Until March 2025,3,"Bernard Cazeneuve (LC), Bruno Le Maire (RE), Bruno Retailleau, Carole Delga (PS), Edouard Philippe, Eric Zemmour, Fabien Roussel, Francois Ruffin, François Bayrou (MD), François Hollande (PS), Gabriel Attal, Gerald Darmanin, Jean Castex (IND), Jean Lassalle(RES), Jean-Luc Melenchon, Laurent Wauquiez, Marine Le Pen, Marine Tondelier, Michel Barnier (LR), Nathalie Arthaud (LO), Nicolas Dupont-Aignan (DLF), Olivier Faure, Raphael Glucksmann, Sandrine Rousseau (LE), Xavier Bertrand (NF), Yannick Jadot (LE), Yaël Braun-Pivet (RE), Élisabeth Borne (RE)",Harris Interactive,7–8 Jul 2024,2024-07-08,2496,Marine Le Pen,candidate,32.0,2026-07-07
First round,Until March 2025,3,"Bernard Cazeneuve (LC), Bruno Le Maire (RE), Bruno Retailleau, Carole Delga (PS), Edouard Philippe, Eric Zemmour, Fabien Roussel, Francois Ruffin, François Bayrou (MD), François Hollande (PS), Gabriel Attal, Gerald Darmanin, Jean Castex (IND), Jean Lassalle(RES), Jean-Luc Melenchon, Laurent Wauquiez, Marine Le Pen, Marine Tondelier, Michel Barnier (LR), Nathalie Arthaud (LO), Nicolas Dupont-Aignan (DLF), Olivier Faure, Raphael Glucksmann, Sandrine Rousseau (LE), Xavier Bertrand (NF), Yannick Jadot (LE), Yaël Braun-Pivet (RE), Élisabeth Borne (RE)",Harris Interactive,7–8 Jul 2024,2024-07-08,2496,Marine Tondelier,undeclared,3.0,2026-07-07
First round,Until March 2025,3,"Bernard Cazeneuve (LC), Bruno Le Maire (RE), Bruno Retailleau, Carole Delga (PS), Edouard Philippe, Eric Zemmour, Fabien Roussel, Francois Ruffin, François Bayrou (MD), François Hollande (PS), Gabriel Attal, Gerald Darmanin, Jean Castex (IND), Jean Lassalle(RES), Jean-Luc Melenchon, Laurent Wauquiez, Marine Le Pen, Marine Tondelier, Michel Barnier (LR), Nathalie Arthaud (LO), Nicolas Dupont-Aignan (DLF), Olivier Faure, Raphael Glucksmann, Sandrine Rousseau (LE), Xavier Bertrand (NF), Yannick Jadot (LE), Yaël Braun-Pivet (RE), Élisabeth Borne (RE)",Harris Interactive,7–8 Jul 2024,2024-07-08,2496,Marine Tondelier,undeclared,4.0,2026-07-07
First round,Until March 2025,3,"Bernard Cazeneuve (LC), Bruno Le Maire (RE), Bruno Retailleau, Carole Delga (PS), Edouard Philippe, Eric Zemmour, Fabien Roussel, Francois Ruffin, François Bayrou (MD), François Hollande (PS), Gabriel Attal, Gerald Darmanin, Jean Castex (IND), Jean Lassalle(RES), Jean-Luc Melenchon, Laurent Wauquiez, Marine Le Pen, Marine Tondelier, Michel Barnier (LR), Nathalie Arthaud (LO), Nicolas Dupont-Aignan (DLF), Olivier Faure, Raphael Glucksmann, Sandrine Rousseau (LE), Xavier Bertrand (NF), Yannick Jadot (LE), Yaël Braun-Pivet (RE), Élisabeth Borne (RE)",Harris Interactive,7–8 Jul 2024,2024-07-08,2496,Nathalie Arthaud (LO),unknown,1.0,2026-07-07
First round,Until March 2025,3,"Bernard Cazeneuve (LC), Bruno Le Maire (RE), Bruno Retailleau, Carole Delga (PS), Edouard Philippe, Eric Zemmour, Fabien Roussel, Francois Ruffin, François Bayrou (MD), François Hollande (PS), Gabriel Attal, Gerald Darmanin, Jean Castex (IND), Jean Lassalle(RES), Jean-Luc Melenchon, Laurent Wauquiez, Marine Le Pen, Marine Tondelier, Michel Barnier (LR), Nathalie Arthaud (LO), Nicolas Dupont-Aignan (DLF), Olivier Faure, Raphael Glucksmann, Sandrine Rousseau (LE), Xavier Bertrand (NF), Yannick Jadot (LE), Yaël Braun-Pivet (RE), Élisabeth Borne (RE)",Harris Interactive,7–8 Jul 2024,2024-07-08,2496,Nicolas Dupont-Aignan (DLF),unknown,2.0,2026-07-07
First round,Until March 2025,3,"Bernard Cazeneuve (LC), Bruno Le Maire (RE), Bruno Retailleau, Carole Delga (PS), Edouard Philippe, Eric Zemmour, Fabien Roussel, Francois Ruffin, François Bayrou (MD), François Hollande (PS), Gabriel Attal, Gerald Darmanin, Jean Castex (IND), Jean Lassalle(RES), Jean-Luc Melenchon, Laurent Wauquiez, Marine Le Pen, Marine Tondelier, Michel Barnier (LR), Nathalie Arthaud (LO), Nicolas Dupont-Aignan (DLF), Olivier Faure, Raphael Glucksmann, Sandrine Rousseau (LE), Xavier Bertrand (NF), Yannick Jadot (LE), Yaël Braun-Pivet (RE), Élisabeth Borne (RE)",Harris Interactive,7–8 Jul 2024,2024-07-08,2496,Olivier Faure,undeclared,6.0,2026-07-07
First round,Until March 2025,3,"Bernard Cazeneuve (LC), Bruno Le Maire (RE), Bruno Retailleau, Carole Delga (PS), Edouard Philippe, Eric Zemmour, Fabien Roussel, Francois Ruffin, François Bayrou (MD), François Hollande (PS), Gabriel Attal, Gerald Darmanin, Jean Castex (IND), Jean Lassalle(RES), Jean-Luc Melenchon, Laurent Wauquiez, Marine Le Pen, Marine Tondelier, Michel Barnier (LR), Nathalie Arthaud (LO), Nicolas Dupont-Aignan (DLF), Olivier Faure, Raphael Glucksmann, Sandrine Rousseau (LE), Xavier Bertrand (NF), Yannick Jadot (LE), Yaël Braun-Pivet (RE), Élisabeth Borne (RE)",Harris Interactive,7–8 Jul 2024,2024-07-08,2496,Olivier Faure,undeclared,5.0,2026-07-07
First round,Until March 2025,3,"Bernard Cazeneuve (LC), Bruno Le Maire (RE), Bruno Retailleau, Carole Delga (PS), Edouard Philippe, Eric Zemmour, Fabien Roussel, Francois Ruffin, François Bayrou (MD), François Hollande (PS), Gabriel Attal, Gerald Darmanin, Jean Castex (IND), Jean Lassalle(RES), Jean-Luc Melenchon, Laurent Wauquiez, Marine Le Pen, Marine Tondelier, Michel Barnier (LR), Nathalie Arthaud (LO), Nicolas Dupont-Aignan (DLF), Olivier Faure, Raphael Glucksmann, Sandrine Rousseau (LE), Xavier Bertrand (NF), Yannick Jadot (LE), Yaël Braun-Pivet (RE), Élisabeth Borne (RE)",Harris Interactive,7–8 Jul 2024,2024-07-08,2496,Raphael Glucksmann,undeclared,14.0,2026-07-07
First round,Until March 2025,3,"Bernard Cazeneuve (LC), Bruno Le Maire (RE), Bruno Retailleau, Carole Delga (PS), Edouard Philippe, Eric Zemmour, Fabien Roussel, Francois Ruffin, François Bayrou (MD), François Hollande (PS), Gabriel Attal, Gerald Darmanin, Jean Castex (IND), Jean Lassalle(RES), Jean-Luc Melenchon, Laurent Wauquiez, Marine Le Pen, Marine Tondelier, Michel Barnier (LR), Nathalie Arthaud (LO), Nicolas Dupont-Aignan (DLF), Olivier Faure, Raphael Glucksmann, Sandrine Rousseau (LE), Xavier Bertrand (NF), Yannick Jadot (LE), Yaël Braun-Pivet (RE), Élisabeth Borne (RE)",Ifop,6–9 Sep 2024,2024-09-09,1107,Edouard Philippe,undeclared,1.0,2026-07-07
First round,Until March 2025,3,"Bernard Cazeneuve (LC), Bruno Le Maire (RE), Bruno Retailleau, Carole Delga (PS), Edouard Philippe, Eric Zemmour, Fabien Roussel, Francois Ruffin, François Bayrou (MD), François Hollande (PS), Gabriel Attal, Gerald Darmanin, Jean Castex (IND), Jean Lassalle(RES), Jean-Luc Melenchon, Laurent Wauquiez, Marine Le Pen, Marine Tondelier, Michel Barnier (LR), Nathalie Arthaud (LO), Nicolas Dupont-Aignan (DLF), Olivier Faure, Raphael Glucksmann, Sandrine Rousseau (LE), Xavier Bertrand (NF), Yannick Jadot (LE), Yaël Braun-Pivet (RE), Élisabeth Borne (RE)",Ifop,6–9 Sep 2024,2024-09-09,1107,Edouard Philippe,undeclared,1.5,2026-07-07
First round,Until March 2025,3,"Bernard Cazeneuve (LC), Bruno Le Maire (RE), Bruno Retailleau, Carole Delga (PS), Edouard Philippe, Eric Zemmour, Fabien Roussel, Francois Ruffin, François Bayrou (MD), François Hollande (PS), Gabriel Attal, Gerald Darmanin, Jean Castex (IND), Jean Lassalle(RES), Jean-Luc Melenchon, Laurent Wauquiez, Marine Le Pen, Marine Tondelier, Michel Barnier (LR), Nathalie Arthaud (LO), Nicolas Dupont-Aignan (DLF), Olivier Faure, Raphael Glucksmann, Sandrine Rousseau (LE), Xavier Bertrand (NF), Yannick Jadot (LE), Yaël Braun-Pivet (RE), Élisabeth Borne (RE)",Ifop,6–9 Sep 2024,2024-09-09,1107,Edouard Philippe,undeclared,27.0,2026-07-07
First round,Until March 2025,3,"Bernard Cazeneuve (LC), Bruno Le Maire (RE), Bruno Retailleau, Carole Delga (PS), Edouard Philippe, Eric Zemmour, Fabien Roussel, Francois Ruffin, François Bayrou (MD), François Hollande (PS), Gabriel Attal, Gerald Darmanin, Jean Castex (IND), Jean Lassalle(RES), Jean-Luc Melenchon, Laurent Wauquiez, Marine Le Pen, Marine Tondelier, Michel Barnier (LR), Nathalie Arthaud (LO), Nicolas Dupont-Aignan (DLF), Olivier Faure, Raphael Glucksmann, Sandrine Rousseau (LE), Xavier Bertrand (NF), Yannick Jadot (LE), Yaël Braun-Pivet (RE), Élisabeth Borne (RE)",Ifop,6–9 Sep 2024,2024-09-09,1107,Edouard Philippe,undeclared,26.0,2026-07-07
First round,Until March 2025,3,"Bernard Cazeneuve (LC), Bruno Le Maire (RE), Bruno Retailleau, Carole Delga (PS), Edouard Philippe, Eric Zemmour, Fabien Roussel, Francois Ruffin, François Bayrou (MD), François Hollande (PS), Gabriel Attal, Gerald Darmanin, Jean Castex (IND), Jean Lassalle(RES), Jean-Luc Melenchon, Laurent Wauquiez, Marine Le Pen, Marine Tondelier, Michel Barnier (LR), Nathalie Arthaud (LO), Nicolas Dupont-Aignan (DLF), Olivier Faure, Raphael Glucksmann, Sandrine Rousseau (LE), Xavier Bertrand (NF), Yannick Jadot (LE), Yaël Braun-Pivet (RE), Élisabeth Borne (RE)",Ifop,6–9 Sep 2024,2024-09-09,1107,Eric Zemmour,undeclared,3.0,2026-07-07
First round,Until March 2025,3,"Bernard Cazeneuve (LC), Bruno Le Maire (RE), Bruno Retailleau, Carole Delga (PS), Edouard Philippe, Eric Zemmour, Fabien Roussel, Francois Ruffin, François Bayrou (MD), François Hollande (PS), Gabriel Attal, Gerald Darmanin, Jean Castex (IND), Jean Lassalle(RES), Jean-Luc Melenchon, Laurent Wauquiez, Marine Le Pen, Marine Tondelier, Michel Barnier (LR), Nathalie Arthaud (LO), Nicolas Dupont-Aignan (DLF), Olivier Faure, Raphael Glucksmann, Sandrine Rousseau (LE), Xavier Bertrand (NF), Yannick Jadot (LE), Yaël Braun-Pivet (RE), Élisabeth Borne (RE)",Ifop,6–9 Sep 2024,2024-09-09,1107,Eric Zemmour,undeclared,3.5,2026-07-07
First round,Until March 2025,3,"Bernard Cazeneuve (LC), Bruno Le Maire (RE), Bruno Retailleau, Carole Delga (PS), Edouard Philippe, Eric Zemmour, Fabien Roussel, Francois Ruffin, François Bayrou (MD), François Hollande (PS), Gabriel Attal, Gerald Darmanin, Jean Castex (IND), Jean Lassalle(RES), Jean-Luc Melenchon, Laurent Wauquiez, Marine Le Pen, Marine Tondelier, Michel Barnier (LR), Nathalie Arthaud (LO), Nicolas Dupont-Aignan (DLF), Olivier Faure, Raphael Glucksmann, Sandrine Rousseau (LE), Xavier Bertrand (NF), Yannick Jadot (LE), Yaël Braun-Pivet (RE), Élisabeth Borne (RE)",Ifop,6–9 Sep 2024,2024-09-09,1107,Fabien Roussel,undeclared,6.0,2026-07-07
First round,Until March 2025,3,"Bernard Cazeneuve (LC), Bruno Le Maire (RE), Bruno Retailleau, Carole Delga (PS), Edouard Philippe, Eric Zemmour, Fabien Roussel, Francois Ruffin, François Bayrou (MD), François Hollande (PS), Gabriel Attal, Gerald Darmanin, Jean Castex (IND), Jean Lassalle(RES), Jean-Luc Melenchon, Laurent Wauquiez, Marine Le Pen, Marine Tondelier, Michel Barnier (LR), Nathalie Arthaud (LO), Nicolas Dupont-Aignan (DLF), Olivier Faure, Raphael Glucksmann, Sandrine Rousseau (LE), Xavier Bertrand (NF), Yannick Jadot (LE), Yaël Braun-Pivet (RE), Élisabeth Borne (RE)",Ifop,6–9 Sep 2024,2024-09-09,1107,Fabien Roussel,undeclared,5.0,2026-07-07
First round,Until March 2025,3,"Bernard Cazeneuve (LC), Bruno Le Maire (RE), Bruno Retailleau, Carole Delga (PS), Edouard Philippe, Eric Zemmour, Fabien Roussel, Francois Ruffin, François Bayrou (MD), François Hollande (PS), Gabriel Attal, Gerald Darmanin, Jean Castex (IND), Jean Lassalle(RES), Jean-Luc Melenchon, Laurent Wauquiez, Marine Le Pen, Marine Tondelier, Michel Barnier (LR), Nathalie Arthaud (LO), Nicolas Dupont-Aignan (DLF), Olivier Faure, Raphael Glucksmann, Sandrine Rousseau (LE), Xavier Bertrand (NF), Yannick Jadot (LE), Yaël Braun-Pivet (RE), Élisabeth Borne (RE)",Ifop,6–9 Sep 2024,2024-09-09,1107,François Hollande (PS),unknown,8.0,2026-07-07
First round,Until March 2025,3,"Bernard Cazeneuve (LC), Bruno Le Maire (RE), Bruno Retailleau, Carole Delga (PS), Edouard Philippe, Eric Zemmour, Fabien Roussel, Francois Ruffin, François Bayrou (MD), François Hollande (PS), Gabriel Attal, Gerald Darmanin, Jean Castex (IND), Jean Lassalle(RES), Jean-Luc Melenchon, Laurent Wauquiez, Marine Le Pen, Marine Tondelier, Michel Barnier (LR), Nathalie Arthaud (LO), Nicolas Dupont-Aignan (DLF), Olivier Faure, Raphael Glucksmann, Sandrine Rousseau (LE), Xavier Bertrand (NF), Yannick Jadot (LE), Yaël Braun-Pivet (RE), Élisabeth Borne (RE)",Ifop,6–9 Sep 2024,2024-09-09,1107,François Hollande (PS),unknown,7.0,2026-07-07
First round,Until March 2025,3,"Bernard Cazeneuve (LC), Bruno Le Maire (RE), Bruno Retailleau, Carole Delga (PS), Edouard Philippe, Eric Zemmour, Fabien Roussel, Francois Ruffin, François Bayrou (MD), François Hollande (PS), Gabriel Attal, Gerald Darmanin, Jean Castex (IND), Jean Lassalle(RES), Jean-Luc Melenchon, Laurent Wauquiez, Marine Le Pen, Marine Tondelier, Michel Barnier (LR), Nathalie Arthaud (LO), Nicolas Dupont-Aignan (DLF), Olivier Faure, Raphael Glucksmann, Sandrine Rousseau (LE), Xavier Bertrand (NF), Yannick Jadot (LE), Yaël Braun-Pivet (RE), Élisabeth Borne (RE)",Ifop,6–9 Sep 2024,2024-09-09,1107,Gabriel Attal,undeclared,24.0,2026-07-07
First round,Until March 2025,3,"Bernard Cazeneuve (LC), Bruno Le Maire (RE), Bruno Retailleau, Carole Delga (PS), Edouard Philippe, Eric Zemmour, Fabien Roussel, Francois Ruffin, François Bayrou (MD), François Hollande (PS), Gabriel Attal, Gerald Darmanin, Jean Castex (IND), Jean Lassalle(RES), Jean-Luc Melenchon, Laurent Wauquiez, Marine Le Pen, Marine Tondelier, Michel Barnier (LR), Nathalie Arthaud (LO), Nicolas Dupont-Aignan (DLF), Olivier Faure, Raphael Glucksmann, Sandrine Rousseau (LE), Xavier Bertrand (NF), Yannick Jadot (LE), Yaël Braun-Pivet (RE), Élisabeth Borne (RE)",Ifop,6–9 Sep 2024,2024-09-09,1107,Gabriel Attal,undeclared,22.0,2026-07-07
First round,Until March 2025,3,"Bernard Cazeneuve (LC), Bruno Le Maire (RE), Bruno Retailleau, Carole Delga (PS), Edouard Philippe, Eric Zemmour, Fabien Roussel, Francois Ruffin, François Bayrou (MD), François Hollande (PS), Gabriel Attal, Gerald Darmanin, Jean Castex (IND), Jean Lassalle(RES), Jean-Luc Melenchon, Laurent Wauquiez, Marine Le Pen, Marine Tondelier, Michel Barnier (LR), Nathalie Arthaud (LO), Nicolas Dupont-Aignan (DLF), Olivier Faure, Raphael Glucksmann, Sandrine Rousseau (LE), Xavier Bertrand (NF), Yannick Jadot (LE), Yaël Braun-Pivet (RE), Élisabeth Borne (RE)",Ifop,6–9 Sep 2024,2024-09-09,1107,Jean Lassalle(RES),unknown,3.0,2026-07-07
First round,Until March 2025,3,"Bernard Cazeneuve (LC), Bruno Le Maire (RE), Bruno Retailleau, Carole Delga (PS), Edouard Philippe, Eric Zemmour, Fabien Roussel, Francois Ruffin, François Bayrou (MD), François Hollande (PS), Gabriel Attal, Gerald Darmanin, Jean Castex (IND), Jean Lassalle(RES), Jean-Luc Melenchon, Laurent Wauquiez, Marine Le Pen, Marine Tondelier, Michel Barnier (LR), Nathalie Arthaud (LO), Nicolas Dupont-Aignan (DLF), Olivier Faure, Raphael Glucksmann, Sandrine Rousseau (LE), Xavier Bertrand (NF), Yannick Jadot (LE), Yaël Braun-Pivet (RE), Élisabeth Borne (RE)",Ifop,6–9 Sep 2024,2024-09-09,1107,Jean Lassalle(RES),unknown,2.0,2026-07-07
First round,Until March 2025,3,"Bernard Cazeneuve (LC), Bruno Le Maire (RE), Bruno Retailleau, Carole Delga (PS), Edouard Philippe, Eric Zemmour, Fabien Roussel, Francois Ruffin, François Bayrou (MD), François Hollande (PS), Gabriel Attal, Gerald Darmanin, Jean Castex (IND), Jean Lassalle(RES), Jean-Luc Melenchon, Laurent Wauquiez, Marine Le Pen, Marine Tondelier, Michel Barnier (LR), Nathalie Arthaud (LO), Nicolas Dupont-Aignan (DLF), Olivier Faure, Raphael Glucksmann, Sandrine Rousseau (LE), Xavier Bertrand (NF), Yannick Jadot (LE), Yaël Braun-Pivet (RE), Élisabeth Borne (RE)",Ifop,6–9 Sep 2024,2024-09-09,1107,Jean-Luc Melenchon,undeclared,10.0,2026-07-07
First round,Until March 2025,3,"Bernard Cazeneuve (LC), Bruno Le Maire (RE), Bruno Retailleau, Carole Delga (PS), Edouard Philippe, Eric Zemmour, Fabien Roussel, Francois Ruffin, François Bayrou (MD), François Hollande (PS), Gabriel Attal, Gerald Darmanin, Jean Castex (IND), Jean Lassalle(RES), Jean-Luc Melenchon, Laurent Wauquiez, Marine Le Pen, Marine Tondelier, Michel Barnier (LR), Nathalie Arthaud (LO), Nicolas Dupont-Aignan (DLF), Olivier Faure, Raphael Glucksmann, Sandrine Rousseau (LE), Xavier Bertrand (NF), Yannick Jadot (LE), Yaël Braun-Pivet (RE), Élisabeth Borne (RE)",Ifop,6–9 Sep 2024,2024-09-09,1107,Jean-Luc Melenchon,undeclared,9.0,2026-07-07
First round,Until March 2025,3,"Bernard Cazeneuve (LC), Bruno Le Maire (RE), Bruno Retailleau, Carole Delga (PS), Edouard Philippe, Eric Zemmour, Fabien Roussel, Francois Ruffin, François Bayrou (MD), François Hollande (PS), Gabriel Attal, Gerald Darmanin, Jean Castex (IND), Jean Lassalle(RES), Jean-Luc Melenchon, Laurent Wauquiez, Marine Le Pen, Marine Tondelier, Michel Barnier (LR), Nathalie Arthaud (LO), Nicolas Dupont-Aignan (DLF), Olivier Faure, Raphael Glucksmann, Sandrine Rousseau (LE), Xavier Bertrand (NF), Yannick Jadot (LE), Yaël Braun-Pivet (RE), Élisabeth Borne (RE)",Ifop,6–9 Sep 2024,2024-09-09,1107,Jean-Luc Melenchon,undeclared,9.5,2026-07-07
First round,Until March 2025,3,"Bernard Cazeneuve (LC), Bruno Le Maire (RE), Bruno Retailleau, Carole Delga (PS), Edouard Philippe, Eric Zemmour, Fabien Roussel, Francois Ruffin, François Bayrou (MD), François Hollande (PS), Gabriel Attal, Gerald Darmanin, Jean Castex (IND), Jean Lassalle(RES), Jean-Luc Melenchon, Laurent Wauquiez, Marine Le Pen, Marine Tondelier, Michel Barnier (LR), Nathalie Arthaud (LO), Nicolas Dupont-Aignan (DLF), Olivier Faure, Raphael Glucksmann, Sandrine Rousseau (LE), Xavier Bertrand (NF), Yannick Jadot (LE), Yaël Braun-Pivet (RE), Élisabeth Borne (RE)",Ifop,6–9 Sep 2024,2024-09-09,1107,Laurent Wauquiez,undeclared,5.0,2026-07-07
First round,Until March 2025,3,"Bernard Cazeneuve (LC), Bruno Le Maire (RE), Bruno Retailleau, Carole Delga (PS), Edouard Philippe, Eric Zemmour, Fabien Roussel, Francois Ruffin, François Bayrou (MD), François Hollande (PS), Gabriel Attal, Gerald Darmanin, Jean Castex (IND), Jean Lassalle(RES), Jean-Luc Melenchon, Laurent Wauquiez, Marine Le Pen, Marine Tondelier, Michel Barnier (LR), Nathalie Arthaud (LO), Nicolas Dupont-Aignan (DLF), Olivier Faure, Raphael Glucksmann, Sandrine Rousseau (LE), Xavier Bertrand (NF), Yannick Jadot (LE), Yaël Braun-Pivet (RE), Élisabeth Borne (RE)",Ifop,6–9 Sep 2024,2024-09-09,1107,Laurent Wauquiez,undeclared,4.0,2026-07-07
First round,Until March 2025,3,"Bernard Cazeneuve (LC), Bruno Le Maire (RE), Bruno Retailleau, Carole Delga (PS), Edouard Philippe, Eric Zemmour, Fabien Roussel, Francois Ruffin, François Bayrou (MD), François Hollande (PS), Gabriel Attal, Gerald Darmanin, Jean Castex (IND), Jean Lassalle(RES), Jean-Luc Melenchon, Laurent Wauquiez, Marine Le Pen, Marine Tondelier, Michel Barnier (LR), Nathalie Arthaud (LO), Nicolas Dupont-Aignan (DLF), Olivier Faure, Raphael Glucksmann, Sandrine Rousseau (LE), Xavier Bertrand (NF), Yannick Jadot (LE), Yaël Braun-Pivet (RE), Élisabeth Borne (RE)",Ifop,6–9 Sep 2024,2024-09-09,1107,Marine Le Pen,candidate,35.0,2026-07-07
First round,Until March 2025,3,"Bernard Cazeneuve (LC), Bruno Le Maire (RE), Bruno Retailleau, Carole Delga (PS), Edouard Philippe, Eric Zemmour, Fabien Roussel, Francois Ruffin, François Bayrou (MD), François Hollande (PS), Gabriel Attal, Gerald Darmanin, Jean Castex (IND), Jean Lassalle(RES), Jean-Luc Melenchon, Laurent Wauquiez, Marine Le Pen, Marine Tondelier, Michel Barnier (LR), Nathalie Arthaud (LO), Nicolas Dupont-Aignan (DLF), Olivier Faure, Raphael Glucksmann, Sandrine Rousseau (LE), Xavier Bertrand (NF), Yannick Jadot (LE), Yaël Braun-Pivet (RE), Élisabeth Borne (RE)",Ifop,6–9 Sep 2024,2024-09-09,1107,Marine Le Pen,candidate,34.0,2026-07-07
First round,Until March 2025,3,"Bernard Cazeneuve (LC), Bruno Le Maire (RE), Bruno Retailleau, Carole Delga (PS), Edouard Philippe, Eric Zemmour, Fabien Roussel, Francois Ruffin, François Bayrou (MD), François Hollande (PS), Gabriel Attal, Gerald Darmanin, Jean Castex (IND), Jean Lassalle(RES), Jean-Luc Melenchon, Laurent Wauquiez, Marine Le Pen, Marine Tondelier, Michel Barnier (LR), Nathalie Arthaud (LO), Nicolas Dupont-Aignan (DLF), Olivier Faure, Raphael Glucksmann, Sandrine Rousseau (LE), Xavier Bertrand (NF), Yannick Jadot (LE), Yaël Braun-Pivet (RE), Élisabeth Borne (RE)",Ifop,6–9 Sep 2024,2024-09-09,1107,Marine Tondelier,undeclared,6.0,2026-07-07
First round,Until March 2025,3,"Bernard Cazeneuve (LC), Bruno Le Maire (RE), Bruno Retailleau, Carole Delga (PS), Edouard Philippe, Eric Zemmour, Fabien Roussel, Francois Ruffin, François Bayrou (MD), François Hollande (PS), Gabriel Attal, Gerald Darmanin, Jean Castex (IND), Jean Lassalle(RES), Jean-Luc Melenchon, Laurent Wauquiez, Marine Le Pen, Marine Tondelier, Michel Barnier (LR), Nathalie Arthaud (LO), Nicolas Dupont-Aignan (DLF), Olivier Faure, Raphael Glucksmann, Sandrine Rousseau (LE), Xavier Bertrand (NF), Yannick Jadot (LE), Yaël Braun-Pivet (RE), Élisabeth Borne (RE)",Ifop,6–9 Sep 2024,2024-09-09,1107,Marine Tondelier,undeclared,5.0,2026-07-07
First round,Until March 2025,3,"Bernard Cazeneuve (LC), Bruno Le Maire (RE), Bruno Retailleau, Carole Delga (PS), Edouard Philippe, Eric Zemmour, Fabien Roussel, Francois Ruffin, François Bayrou (MD), François Hollande (PS), Gabriel Attal, Gerald Darmanin, Jean Castex (IND), Jean Lassalle(RES), Jean-Luc Melenchon, Laurent Wauquiez, Marine Le Pen, Marine Tondelier, Michel Barnier (LR), Nathalie Arthaud (LO), Nicolas Dupont-Aignan (DLF), Olivier Faure, Raphael Glucksmann, Sandrine Rousseau (LE), Xavier Bertrand (NF), Yannick Jadot (LE), Yaël Braun-Pivet (RE), Élisabeth Borne (RE)",Ifop,6–9 Sep 2024,2024-09-09,1107,Nathalie Arthaud (LO),unknown,1.0,2026-07-07
First round,Until March 2025,3,"Bernard Cazeneuve (LC), Bruno Le Maire (RE), Bruno Retailleau, Carole Delga (PS), Edouard Philippe, Eric Zemmour, Fabien Roussel, Francois Ruffin, François Bayrou (MD), François Hollande (PS), Gabriel Attal, Gerald Darmanin, Jean Castex (IND), Jean Lassalle(RES), Jean-Luc Melenchon, Laurent Wauquiez, Marine Le Pen, Marine Tondelier, Michel Barnier (LR), Nathalie Arthaud (LO), Nicolas Dupont-Aignan (DLF), Olivier Faure, Raphael Glucksmann, Sandrine Rousseau (LE), Xavier Bertrand (NF), Yannick Jadot (LE), Yaël Braun-Pivet (RE), Élisabeth Borne (RE)",Ifop,6–9 Sep 2024,2024-09-09,1107,Nathalie Arthaud (LO),unknown,0.5,2026-07-07
First round,Until March 2025,3,"Bernard Cazeneuve (LC), Bruno Le Maire (RE), Bruno Retailleau, Carole Delga (PS), Edouard Philippe, Eric Zemmour, Fabien Roussel, Francois Ruffin, François Bayrou (MD), François Hollande (PS), Gabriel Attal, Gerald Darmanin, Jean Castex (IND), Jean Lassalle(RES), Jean-Luc Melenchon, Laurent Wauquiez, Marine Le Pen, Marine Tondelier, Michel Barnier (LR), Nathalie Arthaud (LO), Nicolas Dupont-Aignan (DLF), Olivier Faure, Raphael Glucksmann, Sandrine Rousseau (LE), Xavier Bertrand (NF), Yannick Jadot (LE), Yaël Braun-Pivet (RE), Élisabeth Borne (RE)",Ifop,6–9 Sep 2024,2024-09-09,1107,Nicolas Dupont-Aignan (DLF),unknown,2.0,2026-07-07
First round,Until March 2025,3,"Bernard Cazeneuve (LC), Bruno Le Maire (RE), Bruno Retailleau, Carole Delga (PS), Edouard Philippe, Eric Zemmour, Fabien Roussel, Francois Ruffin, François Bayrou (MD), François Hollande (PS), Gabriel Attal, Gerald Darmanin, Jean Castex (IND), Jean Lassalle(RES), Jean-Luc Melenchon, Laurent Wauquiez, Marine Le Pen, Marine Tondelier, Michel Barnier (LR), Nathalie Arthaud (LO), Nicolas Dupont-Aignan (DLF), Olivier Faure, Raphael Glucksmann, Sandrine Rousseau (LE), Xavier Bertrand (NF), Yannick Jadot (LE), Yaël Braun-Pivet (RE), Élisabeth Borne (RE)",Ifop,6–9 Sep 2024,2024-09-09,1107,Olivier Faure,undeclared,4.0,2026-07-07
First round,Until March 2025,3,"Bernard Cazeneuve (LC), Bruno Le Maire (RE), Bruno Retailleau, Carole Delga (PS), Edouard Philippe, Eric Zemmour, Fabien Roussel, Francois Ruffin, François Bayrou (MD), François Hollande (PS), Gabriel Attal, Gerald Darmanin, Jean Castex (IND), Jean Lassalle(RES), Jean-Luc Melenchon, Laurent Wauquiez, Marine Le Pen, Marine Tondelier, Michel Barnier (LR), Nathalie Arthaud (LO), Nicolas Dupont-Aignan (DLF), Olivier Faure, Raphael Glucksmann, Sandrine Rousseau (LE), Xavier Bertrand (NF), Yannick Jadot (LE), Yaël Braun-Pivet (RE), Élisabeth Borne (RE)",OpinionWay,11–12 Sep 2024,2024-09-12,1009,Edouard Philippe,undeclared,26.0,2026-07-07
First round,Until March 2025,3,"Bernard Cazeneuve (LC), Bruno Le Maire (RE), Bruno Retailleau, Carole Delga (PS), Edouard Philippe, Eric Zemmour, Fabien Roussel, Francois Ruffin, François Bayrou (MD), François Hollande (PS), Gabriel Attal, Gerald Darmanin, Jean Castex (IND), Jean Lassalle(RES), Jean-Luc Melenchon, Laurent Wauquiez, Marine Le Pen, Marine Tondelier, Michel Barnier (LR), Nathalie Arthaud (LO), Nicolas Dupont-Aignan (DLF), Olivier Faure, Raphael Glucksmann, Sandrine Rousseau (LE), Xavier Bertrand (NF), Yannick Jadot (LE), Yaël Braun-Pivet (RE), Élisabeth Borne (RE)",OpinionWay,11–12 Sep 2024,2024-09-12,1009,Edouard Philippe,undeclared,2.0,2026-07-07
First round,Until March 2025,3,"Bernard Cazeneuve (LC), Bruno Le Maire (RE), Bruno Retailleau, Carole Delga (PS), Edouard Philippe, Eric Zemmour, Fabien Roussel, Francois Ruffin, François Bayrou (MD), François Hollande (PS), Gabriel Attal, Gerald Darmanin, Jean Castex (IND), Jean Lassalle(RES), Jean-Luc Melenchon, Laurent Wauquiez, Marine Le Pen, Marine Tondelier, Michel Barnier (LR), Nathalie Arthaud (LO), Nicolas Dupont-Aignan (DLF), Olivier Faure, Raphael Glucksmann, Sandrine Rousseau (LE), Xavier Bertrand (NF), Yannick Jadot (LE), Yaël Braun-Pivet (RE), Élisabeth Borne (RE)",OpinionWay,11–12 Sep 2024,2024-09-12,1009,Edouard Philippe,undeclared,31.0,2026-07-07
First round,Until March 2025,3,"Bernard Cazeneuve (LC), Bruno Le Maire (RE), Bruno Retailleau, Carole Delga (PS), Edouard Philippe, Eric Zemmour, Fabien Roussel, Francois Ruffin, François Bayrou (MD), François Hollande (PS), Gabriel Attal, Gerald Darmanin, Jean Castex (IND), Jean Lassalle(RES), Jean-Luc Melenchon, Laurent Wauquiez, Marine Le Pen, Marine Tondelier, Michel Barnier (LR), Nathalie Arthaud (LO), Nicolas Dupont-Aignan (DLF), Olivier Faure, Raphael Glucksmann, Sandrine Rousseau (LE), Xavier Bertrand (NF), Yannick Jadot (LE), Yaël Braun-Pivet (RE), Élisabeth Borne (RE)",OpinionWay,11–12 Sep 2024,2024-09-12,1009,Edouard Philippe,undeclared,23.0,2026-07-07
First round,Until March 2025,3,"Bernard Cazeneuve (LC), Bruno Le Maire (RE), Bruno Retailleau, Carole Delga (PS), Edouard Philippe, Eric Zemmour, Fabien Roussel, Francois Ruffin, François Bayrou (MD), François Hollande (PS), Gabriel Attal, Gerald Darmanin, Jean Castex (IND), Jean Lassalle(RES), Jean-Luc Melenchon, Laurent Wauquiez, Marine Le Pen, Marine Tondelier, Michel Barnier (LR), Nathalie Arthaud (LO), Nicolas Dupont-Aignan (DLF), Olivier Faure, Raphael Glucksmann, Sandrine Rousseau (LE), Xavier Bertrand (NF), Yannick Jadot (LE), Yaël Braun-Pivet (RE), Élisabeth Borne (RE)",OpinionWay,11–12 Sep 2024,2024-09-12,1009,Edouard Philippe,undeclared,25.0,2026-07-07
First round,Until March 2025,3,"Bernard Cazeneuve (LC), Bruno Le Maire (RE), Bruno Retailleau, Carole Delga (PS), Edouard Philippe, Eric Zemmour, Fabien Roussel, Francois Ruffin, François Bayrou (MD), François Hollande (PS), Gabriel Attal, Gerald Darmanin, Jean Castex (IND), Jean Lassalle(RES), Jean-Luc Melenchon, Laurent Wauquiez, Marine Le Pen, Marine Tondelier, Michel Barnier (LR), Nathalie Arthaud (LO), Nicolas Dupont-Aignan (DLF), Olivier Faure, Raphael Glucksmann, Sandrine Rousseau (LE), Xavier Bertrand (NF), Yannick Jadot (LE), Yaël Braun-Pivet (RE), Élisabeth Borne (RE)",OpinionWay,11–12 Sep 2024,2024-09-12,1009,Edouard Philippe,undeclared,28.0,2026-07-07
First round,Until March 2025,3,"Bernard Cazeneuve (LC), Bruno Le Maire (RE), Bruno Retailleau, Carole Delga (PS), Edouard Philippe, Eric Zemmour, Fabien Roussel, Francois Ruffin, François Bayrou (MD), François Hollande (PS), Gabriel Attal, Gerald Darmanin, Jean Castex (IND), Jean Lassalle(RES), Jean-Luc Melenchon, Laurent Wauquiez, Marine Le Pen, Marine Tondelier, Michel Barnier (LR), Nathalie Arthaud (LO), Nicolas Dupont-Aignan (DLF), Olivier Faure, Raphael Glucksmann, Sandrine Rousseau (LE), Xavier Bertrand (NF), Yannick Jadot (LE), Yaël Braun-Pivet (RE), Élisabeth Borne (RE)",OpinionWay,11–12 Sep 2024,2024-09-12,1009,Edouard Philippe,undeclared,27.0,2026-07-07
First round,Until March 2025,3,"Bernard Cazeneuve (LC), Bruno Le Maire (RE), Bruno Retailleau, Carole Delga (PS), Edouard Philippe, Eric Zemmour, Fabien Roussel, Francois Ruffin, François Bayrou (MD), François Hollande (PS), Gabriel Attal, Gerald Darmanin, Jean Castex (IND), Jean Lassalle(RES), Jean-Luc Melenchon, Laurent Wauquiez, Marine Le Pen, Marine Tondelier, Michel Barnier (LR), Nathalie Arthaud (LO), Nicolas Dupont-Aignan (DLF), Olivier Faure, Raphael Glucksmann, Sandrine Rousseau (LE), Xavier Bertrand (NF), Yannick Jadot (LE), Yaël Braun-Pivet (RE), Élisabeth Borne (RE)",OpinionWay,11–12 Sep 2024,2024-09-12,1009,Eric Zemmour,undeclared,5.0,2026-07-07
First round,Until March 2025,3,"Bernard Cazeneuve (LC), Bruno Le Maire (RE), Bruno Retailleau, Carole Delga (PS), Edouard Philippe, Eric Zemmour, Fabien Roussel, Francois Ruffin, François Bayrou (MD), François Hollande (PS), Gabriel Attal, Gerald Darmanin, Jean Castex (IND), Jean Lassalle(RES), Jean-Luc Melenchon, Laurent Wauquiez, Marine Le Pen, Marine Tondelier, Michel Barnier (LR), Nathalie Arthaud (LO), Nicolas Dupont-Aignan (DLF), Olivier Faure, Raphael Glucksmann, Sandrine Rousseau (LE), Xavier Bertrand (NF), Yannick Jadot (LE), Yaël Braun-Pivet (RE), Élisabeth Borne (RE)",OpinionWay,11–12 Sep 2024,2024-09-12,1009,Eric Zemmour,undeclared,4.0,2026-07-07
First round,Until March 2025,3,"Bernard Cazeneuve (LC), Bruno Le Maire (RE), Bruno Retailleau, Carole Delga (PS), Edouard Philippe, Eric Zemmour, Fabien Roussel, Francois Ruffin, François Bayrou (MD), François Hollande (PS), Gabriel Attal, Gerald Darmanin, Jean Castex (IND), Jean Lassalle(RES), Jean-Luc Melenchon, Laurent Wauquiez, Marine Le Pen, Marine Tondelier, Michel Barnier (LR), Nathalie Arthaud (LO), Nicolas Dupont-Aignan (DLF), Olivier Faure, Raphael Glucksmann, Sandrine Rousseau (LE), Xavier Bertrand (NF), Yannick Jadot (LE), Yaël Braun-Pivet (RE), Élisabeth Borne (RE)",OpinionWay,11–12 Sep 2024,2024-09-12,1009,Fabien Roussel,undeclared,4.0,2026-07-07
First round,Until March 2025,3,"Bernard Cazeneuve (LC), Bruno Le Maire (RE), Bruno Retailleau, Carole Delga (PS), Edouard Philippe, Eric Zemmour, Fabien Roussel, Francois Ruffin, François Bayrou (MD), François Hollande (PS), Gabriel Attal, Gerald Darmanin, Jean Castex (IND), Jean Lassalle(RES), Jean-Luc Melenchon, Laurent Wauquiez, Marine Le Pen, Marine Tondelier, Michel Barnier (LR), Nathalie Arthaud (LO), Nicolas Dupont-Aignan (DLF), Olivier Faure, Raphael Glucksmann, Sandrine Rousseau (LE), Xavier Bertrand (NF), Yannick Jadot (LE), Yaël Braun-Pivet (RE), Élisabeth Borne (RE)",OpinionWay,11–12 Sep 2024,2024-09-12,1009,Fabien Roussel,undeclared,3.0,2026-07-07
First round,Until March 2025,3,"Bernard Cazeneuve (LC), Bruno Le Maire (RE), Bruno Retailleau, Carole Delga (PS), Edouard Philippe, Eric Zemmour, Fabien Roussel, Francois Ruffin, François Bayrou (MD), François Hollande (PS), Gabriel Attal, Gerald Darmanin, Jean Castex (IND), Jean Lassalle(RES), Jean-Luc Melenchon, Laurent Wauquiez, Marine Le Pen, Marine Tondelier, Michel Barnier (LR), Nathalie Arthaud (LO), Nicolas Dupont-Aignan (DLF), Olivier Faure, Raphael Glucksmann, Sandrine Rousseau (LE), Xavier Bertrand (NF), Yannick Jadot (LE), Yaël Braun-Pivet (RE), Élisabeth Borne (RE)",OpinionWay,11–12 Sep 2024,2024-09-12,1009,Francois Ruffin,undeclared,10.0,2026-07-07
First round,Until March 2025,3,"Bernard Cazeneuve (LC), Bruno Le Maire (RE), Bruno Retailleau, Carole Delga (PS), Edouard Philippe, Eric Zemmour, Fabien Roussel, Francois Ruffin, François Bayrou (MD), François Hollande (PS), Gabriel Attal, Gerald Darmanin, Jean Castex (IND), Jean Lassalle(RES), Jean-Luc Melenchon, Laurent Wauquiez, Marine Le Pen, Marine Tondelier, Michel Barnier (LR), Nathalie Arthaud (LO), Nicolas Dupont-Aignan (DLF), Olivier Faure, Raphael Glucksmann, Sandrine Rousseau (LE), Xavier Bertrand (NF), Yannick Jadot (LE), Yaël Braun-Pivet (RE), Élisabeth Borne (RE)",OpinionWay,11–12 Sep 2024,2024-09-12,1009,Gabriel Attal,undeclared,8.0,2026-07-07
First round,Until March 2025,3,"Bernard Cazeneuve (LC), Bruno Le Maire (RE), Bruno Retailleau, Carole Delga (PS), Edouard Philippe, Eric Zemmour, Fabien Roussel, Francois Ruffin, François Bayrou (MD), François Hollande (PS), Gabriel Attal, Gerald Darmanin, Jean Castex (IND), Jean Lassalle(RES), Jean-Luc Melenchon, Laurent Wauquiez, Marine Le Pen, Marine Tondelier, Michel Barnier (LR), Nathalie Arthaud (LO), Nicolas Dupont-Aignan (DLF), Olivier Faure, Raphael Glucksmann, Sandrine Rousseau (LE), Xavier Bertrand (NF), Yannick Jadot (LE), Yaël Braun-Pivet (RE), Élisabeth Borne (RE)",OpinionWay,11–12 Sep 2024,2024-09-12,1009,Gabriel Attal,undeclared,10.0,2026-07-07
First round,Until March 2025,3,"Bernard Cazeneuve (LC), Bruno Le Maire (RE), Bruno Retailleau, Carole Delga (PS), Edouard Philippe, Eric Zemmour, Fabien Roussel, Francois Ruffin, François Bayrou (MD), François Hollande (PS), Gabriel Attal, Gerald Darmanin, Jean Castex (IND), Jean Lassalle(RES), Jean-Luc Melenchon, Laurent Wauquiez, Marine Le Pen, Marine Tondelier, Michel Barnier (LR), Nathalie Arthaud (LO), Nicolas Dupont-Aignan (DLF), Olivier Faure, Raphael Glucksmann, Sandrine Rousseau (LE), Xavier Bertrand (NF), Yannick Jadot (LE), Yaël Braun-Pivet (RE), Élisabeth Borne (RE)",OpinionWay,11–12 Sep 2024,2024-09-12,1009,Jean-Luc Melenchon,undeclared,10.0,2026-07-07
First round,Until March 2025,3,"Bernard Cazeneuve (LC), Bruno Le Maire (RE), Bruno Retailleau, Carole Delga (PS), Edouard Philippe, Eric Zemmour, Fabien Roussel, Francois Ruffin, François Bayrou (MD), François Hollande (PS), Gabriel Attal, Gerald Darmanin, Jean Castex (IND), Jean Lassalle(RES), Jean-Luc Melenchon, Laurent Wauquiez, Marine Le Pen, Marine Tondelier, Michel Barnier (LR), Nathalie Arthaud (LO), Nicolas Dupont-Aignan (DLF), Olivier Faure, Raphael Glucksmann, Sandrine Rousseau (LE), Xavier Bertrand (NF), Yannick Jadot (LE), Yaël Braun-Pivet (RE), Élisabeth Borne (RE)",OpinionWay,11–12 Sep 2024,2024-09-12,1009,Jean-Luc Melenchon,undeclared,15.0,2026-07-07
First round,Until March 2025,3,"Bernard Cazeneuve (LC), Bruno Le Maire (RE), Bruno Retailleau, Carole Delga (PS), Edouard Philippe, Eric Zemmour, Fabien Roussel, Francois Ruffin, François Bayrou (MD), François Hollande (PS), Gabriel Attal, Gerald Darmanin, Jean Castex (IND), Jean Lassalle(RES), Jean-Luc Melenchon, Laurent Wauquiez, Marine Le Pen, Marine Tondelier, Michel Barnier (LR), Nathalie Arthaud (LO), Nicolas Dupont-Aignan (DLF), Olivier Faure, Raphael Glucksmann, Sandrine Rousseau (LE), Xavier Bertrand (NF), Yannick Jadot (LE), Yaël Braun-Pivet (RE), Élisabeth Borne (RE)",OpinionWay,11–12 Sep 2024,2024-09-12,1009,Jean-Luc Melenchon,undeclared,14.0,2026-07-07
First round,Until March 2025,3,"Bernard Cazeneuve (LC), Bruno Le Maire (RE), Bruno Retailleau, Carole Delga (PS), Edouard Philippe, Eric Zemmour, Fabien Roussel, Francois Ruffin, François Bayrou (MD), François Hollande (PS), Gabriel Attal, Gerald Darmanin, Jean Castex (IND), Jean Lassalle(RES), Jean-Luc Melenchon, Laurent Wauquiez, Marine Le Pen, Marine Tondelier, Michel Barnier (LR), Nathalie Arthaud (LO), Nicolas Dupont-Aignan (DLF), Olivier Faure, Raphael Glucksmann, Sandrine Rousseau (LE), Xavier Bertrand (NF), Yannick Jadot (LE), Yaël Braun-Pivet (RE), Élisabeth Borne (RE)",OpinionWay,11–12 Sep 2024,2024-09-12,1009,Jean-Luc Melenchon,undeclared,4.0,2026-07-07
First round,Until March 2025,3,"Bernard Cazeneuve (LC), Bruno Le Maire (RE), Bruno Retailleau, Carole Delga (PS), Edouard Philippe, Eric Zemmour, Fabien Roussel, Francois Ruffin, François Bayrou (MD), François Hollande (PS), Gabriel Attal, Gerald Darmanin, Jean Castex (IND), Jean Lassalle(RES), Jean-Luc Melenchon, Laurent Wauquiez, Marine Le Pen, Marine Tondelier, Michel Barnier (LR), Nathalie Arthaud (LO), Nicolas Dupont-Aignan (DLF), Olivier Faure, Raphael Glucksmann, Sandrine Rousseau (LE), Xavier Bertrand (NF), Yannick Jadot (LE), Yaël Braun-Pivet (RE), Élisabeth Borne (RE)",OpinionWay,11–12 Sep 2024,2024-09-12,1009,Laurent Wauquiez,undeclared,5.0,2026-07-07
First round,Until March 2025,3,"Bernard Cazeneuve (LC), Bruno Le Maire (RE), Bruno Retailleau, Carole Delga (PS), Edouard Philippe, Eric Zemmour, Fabien Roussel, Francois Ruffin, François Bayrou (MD), François Hollande (PS), Gabriel Attal, Gerald Darmanin, Jean Castex (IND), Jean Lassalle(RES), Jean-Luc Melenchon, Laurent Wauquiez, Marine Le Pen, Marine Tondelier, Michel Barnier (LR), Nathalie Arthaud (LO), Nicolas Dupont-Aignan (DLF), Olivier Faure, Raphael Glucksmann, Sandrine Rousseau (LE), Xavier Bertrand (NF), Yannick Jadot (LE), Yaël Braun-Pivet (RE), Élisabeth Borne (RE)",OpinionWay,11–12 Sep 2024,2024-09-12,1009,Laurent Wauquiez,undeclared,6.0,2026-07-07
First round,Until March 2025,3,"Bernard Cazeneuve (LC), Bruno Le Maire (RE), Bruno Retailleau, Carole Delga (PS), Edouard Philippe, Eric Zemmour, Fabien Roussel, Francois Ruffin, François Bayrou (MD), François Hollande (PS), Gabriel Attal, Gerald Darmanin, Jean Castex (IND), Jean Lassalle(RES), Jean-Luc Melenchon, Laurent Wauquiez, Marine Le Pen, Marine Tondelier, Michel Barnier (LR), Nathalie Arthaud (LO), Nicolas Dupont-Aignan (DLF), Olivier Faure, Raphael Glucksmann, Sandrine Rousseau (LE), Xavier Bertrand (NF), Yannick Jadot (LE), Yaël Braun-Pivet (RE), Élisabeth Borne (RE)",OpinionWay,11–12 Sep 2024,2024-09-12,1009,Laurent Wauquiez,undeclared,4.0,2026-07-07
First round,Until March 2025,3,"Bernard Cazeneuve (LC), Bruno Le Maire (RE), Bruno Retailleau, Carole Delga (PS), Edouard Philippe, Eric Zemmour, Fabien Roussel, Francois Ruffin, François Bayrou (MD), François Hollande (PS), Gabriel Attal, Gerald Darmanin, Jean Castex (IND), Jean Lassalle(RES), Jean-Luc Melenchon, Laurent Wauquiez, Marine Le Pen, Marine Tondelier, Michel Barnier (LR), Nathalie Arthaud (LO), Nicolas Dupont-Aignan (DLF), Olivier Faure, Raphael Glucksmann, Sandrine Rousseau (LE), Xavier Bertrand (NF), Yannick Jadot (LE), Yaël Braun-Pivet (RE), Élisabeth Borne (RE)",OpinionWay,11–12 Sep 2024,2024-09-12,1009,Marine Le Pen,candidate,35.0,2026-07-07
First round,Until March 2025,3,"Bernard Cazeneuve (LC), Bruno Le Maire (RE), Bruno Retailleau, Carole Delga (PS), Edouard Philippe, Eric Zemmour, Fabien Roussel, Francois Ruffin, François Bayrou (MD), François Hollande (PS), Gabriel Attal, Gerald Darmanin, Jean Castex (IND), Jean Lassalle(RES), Jean-Luc Melenchon, Laurent Wauquiez, Marine Le Pen, Marine Tondelier, Michel Barnier (LR), Nathalie Arthaud (LO), Nicolas Dupont-Aignan (DLF), Olivier Faure, Raphael Glucksmann, Sandrine Rousseau (LE), Xavier Bertrand (NF), Yannick Jadot (LE), Yaël Braun-Pivet (RE), Élisabeth Borne (RE)",OpinionWay,11–12 Sep 2024,2024-09-12,1009,Marine Le Pen,candidate,40.0,2026-07-07
First round,Until March 2025,3,"Bernard Cazeneuve (LC), Bruno Le Maire (RE), Bruno Retailleau, Carole Delga (PS), Edouard Philippe, Eric Zemmour, Fabien Roussel, Francois Ruffin, François Bayrou (MD), François Hollande (PS), Gabriel Attal, Gerald Darmanin, Jean Castex (IND), Jean Lassalle(RES), Jean-Luc Melenchon, Laurent Wauquiez, Marine Le Pen, Marine Tondelier, Michel Barnier (LR), Nathalie Arthaud (LO), Nicolas Dupont-Aignan (DLF), Olivier Faure, Raphael Glucksmann, Sandrine Rousseau (LE), Xavier Bertrand (NF), Yannick Jadot (LE), Yaël Braun-Pivet (RE), Élisabeth Borne (RE)",OpinionWay,11–12 Sep 2024,2024-09-12,1009,Marine Le Pen,candidate,34.0,2026-07-07
First round,Until March 2025,3,"Bernard Cazeneuve (LC), Bruno Le Maire (RE), Bruno Retailleau, Carole Delga (PS), Edouard Philippe, Eric Zemmour, Fabien Roussel, Francois Ruffin, François Bayrou (MD), François Hollande (PS), Gabriel Attal, Gerald Darmanin, Jean Castex (IND), Jean Lassalle(RES), Jean-Luc Melenchon, Laurent Wauquiez, Marine Le Pen, Marine Tondelier, Michel Barnier (LR), Nathalie Arthaud (LO), Nicolas Dupont-Aignan (DLF), Olivier Faure, Raphael Glucksmann, Sandrine Rousseau (LE), Xavier Bertrand (NF), Yannick Jadot (LE), Yaël Braun-Pivet (RE), Élisabeth Borne (RE)",OpinionWay,11–12 Sep 2024,2024-09-12,1009,Marine Le Pen,candidate,38.0,2026-07-07
First round,Until March 2025,3,"Bernard Cazeneuve (LC), Bruno Le Maire (RE), Bruno Retailleau, Carole Delga (PS), Edouard Philippe, Eric Zemmour, Fabien Roussel, Francois Ruffin, François Bayrou (MD), François Hollande (PS), Gabriel Attal, Gerald Darmanin, Jean Castex (IND), Jean Lassalle(RES), Jean-Luc Melenchon, Laurent Wauquiez, Marine Le Pen, Marine Tondelier, Michel Barnier (LR), Nathalie Arthaud (LO), Nicolas Dupont-Aignan (DLF), Olivier Faure, Raphael Glucksmann, Sandrine Rousseau (LE), Xavier Bertrand (NF), Yannick Jadot (LE), Yaël Braun-Pivet (RE), Élisabeth Borne (RE)",OpinionWay,11–12 Sep 2024,2024-09-12,1009,Marine Le Pen,candidate,36.0,2026-07-07
First round,Until March 2025,3,"Bernard Cazeneuve (LC), Bruno Le Maire (RE), Bruno Retailleau, Carole Delga (PS), Edouard Philippe, Eric Zemmour, Fabien Roussel, Francois Ruffin, François Bayrou (MD), François Hollande (PS), Gabriel Attal, Gerald Darmanin, Jean Castex (IND), Jean Lassalle(RES), Jean-Luc Melenchon, Laurent Wauquiez, Marine Le Pen, Marine Tondelier, Michel Barnier (LR), Nathalie Arthaud (LO), Nicolas Dupont-Aignan (DLF), Olivier Faure, Raphael Glucksmann, Sandrine Rousseau (LE), Xavier Bertrand (NF), Yannick Jadot (LE), Yaël Braun-Pivet (RE), Élisabeth Borne (RE)",OpinionWay,11–12 Sep 2024,2024-09-12,1009,Michel Barnier (LR),unknown,4.0,2026-07-07
First round,Until March 2025,3,"Bernard Cazeneuve (LC), Bruno Le Maire (RE), Bruno Retailleau, Carole Delga (PS), Edouard Philippe, Eric Zemmour, Fabien Roussel, Francois Ruffin, François Bayrou (MD), François Hollande (PS), Gabriel Attal, Gerald Darmanin, Jean Castex (IND), Jean Lassalle(RES), Jean-Luc Melenchon, Laurent Wauquiez, Marine Le Pen, Marine Tondelier, Michel Barnier (LR), Nathalie Arthaud (LO), Nicolas Dupont-Aignan (DLF), Olivier Faure, Raphael Glucksmann, Sandrine Rousseau (LE), Xavier Bertrand (NF), Yannick Jadot (LE), Yaël Braun-Pivet (RE), Élisabeth Borne (RE)",OpinionWay,11–12 Sep 2024,2024-09-12,1009,Nathalie Arthaud (LO),unknown,1.0,2026-07-07
First round,Until March 2025,3,"Bernard Cazeneuve (LC), Bruno Le Maire (RE), Bruno Retailleau, Carole Delga (PS), Edouard Philippe, Eric Zemmour, Fabien Roussel, Francois Ruffin, François Bayrou (MD), François Hollande (PS), Gabriel Attal, Gerald Darmanin, Jean Castex (IND), Jean Lassalle(RES), Jean-Luc Melenchon, Laurent Wauquiez, Marine Le Pen, Marine Tondelier, Michel Barnier (LR), Nathalie Arthaud (LO), Nicolas Dupont-Aignan (DLF), Olivier Faure, Raphael Glucksmann, Sandrine Rousseau (LE), Xavier Bertrand (NF), Yannick Jadot (LE), Yaël Braun-Pivet (RE), Élisabeth Borne (RE)",OpinionWay,11–12 Sep 2024,2024-09-12,1009,Raphael Glucksmann,undeclared,14.0,2026-07-07
First round,Until March 2025,3,"Bernard Cazeneuve (LC), Bruno Le Maire (RE), Bruno Retailleau, Carole Delga (PS), Edouard Philippe, Eric Zemmour, Fabien Roussel, Francois Ruffin, François Bayrou (MD), François Hollande (PS), Gabriel Attal, Gerald Darmanin, Jean Castex (IND), Jean Lassalle(RES), Jean-Luc Melenchon, Laurent Wauquiez, Marine Le Pen, Marine Tondelier, Michel Barnier (LR), Nathalie Arthaud (LO), Nicolas Dupont-Aignan (DLF), Olivier Faure, Raphael Glucksmann, Sandrine Rousseau (LE), Xavier Bertrand (NF), Yannick Jadot (LE), Yaël Braun-Pivet (RE), Élisabeth Borne (RE)",OpinionWay,11–12 Sep 2024,2024-09-12,1009,Raphael Glucksmann,undeclared,12.0,2026-07-07
First round,Until March 2025,3,"Bernard Cazeneuve (LC), Bruno Le Maire (RE), Bruno Retailleau, Carole Delga (PS), Edouard Philippe, Eric Zemmour, Fabien Roussel, Francois Ruffin, François Bayrou (MD), François Hollande (PS), Gabriel Attal, Gerald Darmanin, Jean Castex (IND), Jean Lassalle(RES), Jean-Luc Melenchon, Laurent Wauquiez, Marine Le Pen, Marine Tondelier, Michel Barnier (LR), Nathalie Arthaud (LO), Nicolas Dupont-Aignan (DLF), Olivier Faure, Raphael Glucksmann, Sandrine Rousseau (LE), Xavier Bertrand (NF), Yannick Jadot (LE), Yaël Braun-Pivet (RE), Élisabeth Borne (RE)",OpinionWay,11–12 Sep 2024,2024-09-12,1009,Sandrine Rousseau (LE),unknown,1.0,2026-07-07
First round,Until March 2025,3,"Bernard Cazeneuve (LC), Bruno Le Maire (RE), Bruno Retailleau, Carole Delga (PS), Edouard Philippe, Eric Zemmour, Fabien Roussel, Francois Ruffin, François Bayrou (MD), François Hollande (PS), Gabriel Attal, Gerald Darmanin, Jean Castex (IND), Jean Lassalle(RES), Jean-Luc Melenchon, Laurent Wauquiez, Marine Le Pen, Marine Tondelier, Michel Barnier (LR), Nathalie Arthaud (LO), Nicolas Dupont-Aignan (DLF), Olivier Faure, Raphael Glucksmann, Sandrine Rousseau (LE), Xavier Bertrand (NF), Yannick Jadot (LE), Yaël Braun-Pivet (RE), Élisabeth Borne (RE)",OpinionWay,11–12 Sep 2024,2024-09-12,1009,Xavier Bertrand (NF),unknown,7.0,2026-07-07
First round,Until March 2025,3,"Bernard Cazeneuve (LC), Bruno Le Maire (RE), Bruno Retailleau, Carole Delga (PS), Edouard Philippe, Eric Zemmour, Fabien Roussel, Francois Ruffin, François Bayrou (MD), François Hollande (PS), Gabriel Attal, Gerald Darmanin, Jean Castex (IND), Jean Lassalle(RES), Jean-Luc Melenchon, Laurent Wauquiez, Marine Le Pen, Marine Tondelier, Michel Barnier (LR), Nathalie Arthaud (LO), Nicolas Dupont-Aignan (DLF), Olivier Faure, Raphael Glucksmann, Sandrine Rousseau (LE), Xavier Bertrand (NF), Yannick Jadot (LE), Yaël Braun-Pivet (RE), Élisabeth Borne (RE)",Ifop,6–9 Dec 2024,2024-12-09,1101,Edouard Philippe,undeclared,0.5,2026-07-07
First round,Until March 2025,3,"Bernard Cazeneuve (LC), Bruno Le Maire (RE), Bruno Retailleau, Carole Delga (PS), Edouard Philippe, Eric Zemmour, Fabien Roussel, Francois Ruffin, François Bayrou (MD), François Hollande (PS), Gabriel Attal, Gerald Darmanin, Jean Castex (IND), Jean Lassalle(RES), Jean-Luc Melenchon, Laurent Wauquiez, Marine Le Pen, Marine Tondelier, Michel Barnier (LR), Nathalie Arthaud (LO), Nicolas Dupont-Aignan (DLF), Olivier Faure, Raphael Glucksmann, Sandrine Rousseau (LE), Xavier Bertrand (NF), Yannick Jadot (LE), Yaël Braun-Pivet (RE), Élisabeth Borne (RE)",Ifop,6–9 Dec 2024,2024-12-09,1101,Edouard Philippe,undeclared,24.0,2026-07-07
First round,Until March 2025,3,"Bernard Cazeneuve (LC), Bruno Le Maire (RE), Bruno Retailleau, Carole Delga (PS), Edouard Philippe, Eric Zemmour, Fabien Roussel, Francois Ruffin, François Bayrou (MD), François Hollande (PS), Gabriel Attal, Gerald Darmanin, Jean Castex (IND), Jean Lassalle(RES), Jean-Luc Melenchon, Laurent Wauquiez, Marine Le Pen, Marine Tondelier, Michel Barnier (LR), Nathalie Arthaud (LO), Nicolas Dupont-Aignan (DLF), Olivier Faure, Raphael Glucksmann, Sandrine Rousseau (LE), Xavier Bertrand (NF), Yannick Jadot (LE), Yaël Braun-Pivet (RE), Élisabeth Borne (RE)",Ifop,6–9 Dec 2024,2024-12-09,1101,Edouard Philippe,undeclared,25.0,2026-07-07
First round,Until March 2025,3,"Bernard Cazeneuve (LC), Bruno Le Maire (RE), Bruno Retailleau, Carole Delga (PS), Edouard Philippe, Eric Zemmour, Fabien Roussel, Francois Ruffin, François Bayrou (MD), François Hollande (PS), Gabriel Attal, Gerald Darmanin, Jean Castex (IND), Jean Lassalle(RES), Jean-Luc Melenchon, Laurent Wauquiez, Marine Le Pen, Marine Tondelier, Michel Barnier (LR), Nathalie Arthaud (LO), Nicolas Dupont-Aignan (DLF), Olivier Faure, Raphael Glucksmann, Sandrine Rousseau (LE), Xavier Bertrand (NF), Yannick Jadot (LE), Yaël Braun-Pivet (RE), Élisabeth Borne (RE)",Ifop,6–9 Dec 2024,2024-12-09,1101,Edouard Philippe,undeclared,26.0,2026-07-07
First round,Until March 2025,3,"Bernard Cazeneuve (LC), Bruno Le Maire (RE), Bruno Retailleau, Carole Delga (PS), Edouard Philippe, Eric Zemmour, Fabien Roussel, Francois Ruffin, François Bayrou (MD), François Hollande (PS), Gabriel Attal, Gerald Darmanin, Jean Castex (IND), Jean Lassalle(RES), Jean-Luc Melenchon, Laurent Wauquiez, Marine Le Pen, Marine Tondelier, Michel Barnier (LR), Nathalie Arthaud (LO), Nicolas Dupont-Aignan (DLF), Olivier Faure, Raphael Glucksmann, Sandrine Rousseau (LE), Xavier Bertrand (NF), Yannick Jadot (LE), Yaël Braun-Pivet (RE), Élisabeth Borne (RE)",Ifop,6–9 Dec 2024,2024-12-09,1101,Eric Zemmour,undeclared,4.0,2026-07-07
First round,Until March 2025,3,"Bernard Cazeneuve (LC), Bruno Le Maire (RE), Bruno Retailleau, Carole Delga (PS), Edouard Philippe, Eric Zemmour, Fabien Roussel, Francois Ruffin, François Bayrou (MD), François Hollande (PS), Gabriel Attal, Gerald Darmanin, Jean Castex (IND), Jean Lassalle(RES), Jean-Luc Melenchon, Laurent Wauquiez, Marine Le Pen, Marine Tondelier, Michel Barnier (LR), Nathalie Arthaud (LO), Nicolas Dupont-Aignan (DLF), Olivier Faure, Raphael Glucksmann, Sandrine Rousseau (LE), Xavier Bertrand (NF), Yannick Jadot (LE), Yaël Braun-Pivet (RE), Élisabeth Borne (RE)",Ifop,6–9 Dec 2024,2024-12-09,1101,Eric Zemmour,undeclared,3.0,2026-07-07
First round,Until March 2025,3,"Bernard Cazeneuve (LC), Bruno Le Maire (RE), Bruno Retailleau, Carole Delga (PS), Edouard Philippe, Eric Zemmour, Fabien Roussel, Francois Ruffin, François Bayrou (MD), François Hollande (PS), Gabriel Attal, Gerald Darmanin, Jean Castex (IND), Jean Lassalle(RES), Jean-Luc Melenchon, Laurent Wauquiez, Marine Le Pen, Marine Tondelier, Michel Barnier (LR), Nathalie Arthaud (LO), Nicolas Dupont-Aignan (DLF), Olivier Faure, Raphael Glucksmann, Sandrine Rousseau (LE), Xavier Bertrand (NF), Yannick Jadot (LE), Yaël Braun-Pivet (RE), Élisabeth Borne (RE)",Ifop,6–9 Dec 2024,2024-12-09,1101,Fabien Roussel,undeclared,3.0,2026-07-07
First round,Until March 2025,3,"Bernard Cazeneuve (LC), Bruno Le Maire (RE), Bruno Retailleau, Carole Delga (PS), Edouard Philippe, Eric Zemmour, Fabien Roussel, Francois Ruffin, François Bayrou (MD), François Hollande (PS), Gabriel Attal, Gerald Darmanin, Jean Castex (IND), Jean Lassalle(RES), Jean-Luc Melenchon, Laurent Wauquiez, Marine Le Pen, Marine Tondelier, Michel Barnier (LR), Nathalie Arthaud (LO), Nicolas Dupont-Aignan (DLF), Olivier Faure, Raphael Glucksmann, Sandrine Rousseau (LE), Xavier Bertrand (NF), Yannick Jadot (LE), Yaël Braun-Pivet (RE), Élisabeth Borne (RE)",Ifop,6–9 Dec 2024,2024-12-09,1101,François Hollande (PS),unknown,7.0,2026-07-07
First round,Until March 2025,3,"Bernard Cazeneuve (LC), Bruno Le Maire (RE), Bruno Retailleau, Carole Delga (PS), Edouard Philippe, Eric Zemmour, Fabien Roussel, Francois Ruffin, François Bayrou (MD), François Hollande (PS), Gabriel Attal, Gerald Darmanin, Jean Castex (IND), Jean Lassalle(RES), Jean-Luc Melenchon, Laurent Wauquiez, Marine Le Pen, Marine Tondelier, Michel Barnier (LR), Nathalie Arthaud (LO), Nicolas Dupont-Aignan (DLF), Olivier Faure, Raphael Glucksmann, Sandrine Rousseau (LE), Xavier Bertrand (NF), Yannick Jadot (LE), Yaël Braun-Pivet (RE), Élisabeth Borne (RE)",Ifop,6–9 Dec 2024,2024-12-09,1101,Gabriel Attal,undeclared,20.0,2026-07-07
First round,Until March 2025,3,"Bernard Cazeneuve (LC), Bruno Le Maire (RE), Bruno Retailleau, Carole Delga (PS), Edouard Philippe, Eric Zemmour, Fabien Roussel, Francois Ruffin, François Bayrou (MD), François Hollande (PS), Gabriel Attal, Gerald Darmanin, Jean Castex (IND), Jean Lassalle(RES), Jean-Luc Melenchon, Laurent Wauquiez, Marine Le Pen, Marine Tondelier, Michel Barnier (LR), Nathalie Arthaud (LO), Nicolas Dupont-Aignan (DLF), Olivier Faure, Raphael Glucksmann, Sandrine Rousseau (LE), Xavier Bertrand (NF), Yannick Jadot (LE), Yaël Braun-Pivet (RE), Élisabeth Borne (RE)",Ifop,6–9 Dec 2024,2024-12-09,1101,Jean Lassalle(RES),unknown,1.0,2026-07-07
First round,Until March 2025,3,"Bernard Cazeneuve (LC), Bruno Le Maire (RE), Bruno Retailleau, Carole Delga (PS), Edouard Philippe, Eric Zemmour, Fabien Roussel, Francois Ruffin, François Bayrou (MD), François Hollande (PS), Gabriel Attal, Gerald Darmanin, Jean Castex (IND), Jean Lassalle(RES), Jean-Luc Melenchon, Laurent Wauquiez, Marine Le Pen, Marine Tondelier, Michel Barnier (LR), Nathalie Arthaud (LO), Nicolas Dupont-Aignan (DLF), Olivier Faure, Raphael Glucksmann, Sandrine Rousseau (LE), Xavier Bertrand (NF), Yannick Jadot (LE), Yaël Braun-Pivet (RE), Élisabeth Borne (RE)",Ifop,6–9 Dec 2024,2024-12-09,1101,Jean Lassalle(RES),unknown,1.5,2026-07-07
First round,Until March 2025,3,"Bernard Cazeneuve (LC), Bruno Le Maire (RE), Bruno Retailleau, Carole Delga (PS), Edouard Philippe, Eric Zemmour, Fabien Roussel, Francois Ruffin, François Bayrou (MD), François Hollande (PS), Gabriel Attal, Gerald Darmanin, Jean Castex (IND), Jean Lassalle(RES), Jean-Luc Melenchon, Laurent Wauquiez, Marine Le Pen, Marine Tondelier, Michel Barnier (LR), Nathalie Arthaud (LO), Nicolas Dupont-Aignan (DLF), Olivier Faure, Raphael Glucksmann, Sandrine Rousseau (LE), Xavier Bertrand (NF), Yannick Jadot (LE), Yaël Braun-Pivet (RE), Élisabeth Borne (RE)",Ifop,6–9 Dec 2024,2024-12-09,1101,Jean-Luc Melenchon,undeclared,12.0,2026-07-07
First round,Until March 2025,3,"Bernard Cazeneuve (LC), Bruno Le Maire (RE), Bruno Retailleau, Carole Delga (PS), Edouard Philippe, Eric Zemmour, Fabien Roussel, Francois Ruffin, François Bayrou (MD), François Hollande (PS), Gabriel Attal, Gerald Darmanin, Jean Castex (IND), Jean Lassalle(RES), Jean-Luc Melenchon, Laurent Wauquiez, Marine Le Pen, Marine Tondelier, Michel Barnier (LR), Nathalie Arthaud (LO), Nicolas Dupont-Aignan (DLF), Olivier Faure, Raphael Glucksmann, Sandrine Rousseau (LE), Xavier Bertrand (NF), Yannick Jadot (LE), Yaël Braun-Pivet (RE), Élisabeth Borne (RE)",Ifop,6–9 Dec 2024,2024-12-09,1101,Jean-Luc Melenchon,undeclared,11.0,2026-07-07
First round,Until March 2025,3,"Bernard Cazeneuve (LC), Bruno Le Maire (RE), Bruno Retailleau, Carole Delga (PS), Edouard Philippe, Eric Zemmour, Fabien Roussel, Francois Ruffin, François Bayrou (MD), François Hollande (PS), Gabriel Attal, Gerald Darmanin, Jean Castex (IND), Jean Lassalle(RES), Jean-Luc Melenchon, Laurent Wauquiez, Marine Le Pen, Marine Tondelier, Michel Barnier (LR), Nathalie Arthaud (LO), Nicolas Dupont-Aignan (DLF), Olivier Faure, Raphael Glucksmann, Sandrine Rousseau (LE), Xavier Bertrand (NF), Yannick Jadot (LE), Yaël Braun-Pivet (RE), Élisabeth Borne (RE)",Ifop,6–9 Dec 2024,2024-12-09,1101,Laurent Wauquiez,undeclared,8.0,2026-07-07
First round,Until March 2025,3,"Bernard Cazeneuve (LC), Bruno Le Maire (RE), Bruno Retailleau, Carole Delga (PS), Edouard Philippe, Eric Zemmour, Fabien Roussel, Francois Ruffin, François Bayrou (MD), François Hollande (PS), Gabriel Attal, Gerald Darmanin, Jean Castex (IND), Jean Lassalle(RES), Jean-Luc Melenchon, Laurent Wauquiez, Marine Le Pen, Marine Tondelier, Michel Barnier (LR), Nathalie Arthaud (LO), Nicolas Dupont-Aignan (DLF), Olivier Faure, Raphael Glucksmann, Sandrine Rousseau (LE), Xavier Bertrand (NF), Yannick Jadot (LE), Yaël Braun-Pivet (RE), Élisabeth Borne (RE)",Ifop,6–9 Dec 2024,2024-12-09,1101,Laurent Wauquiez,undeclared,6.0,2026-07-07
First round,Until March 2025,3,"Bernard Cazeneuve (LC), Bruno Le Maire (RE), Bruno Retailleau, Carole Delga (PS), Edouard Philippe, Eric Zemmour, Fabien Roussel, Francois Ruffin, François Bayrou (MD), François Hollande (PS), Gabriel Attal, Gerald Darmanin, Jean Castex (IND), Jean Lassalle(RES), Jean-Luc Melenchon, Laurent Wauquiez, Marine Le Pen, Marine Tondelier, Michel Barnier (LR), Nathalie Arthaud (LO), Nicolas Dupont-Aignan (DLF), Olivier Faure, Raphael Glucksmann, Sandrine Rousseau (LE), Xavier Bertrand (NF), Yannick Jadot (LE), Yaël Braun-Pivet (RE), Élisabeth Borne (RE)",Ifop,6–9 Dec 2024,2024-12-09,1101,Laurent Wauquiez,undeclared,6.5,2026-07-07
First round,Until March 2025,3,"Bernard Cazeneuve (LC), Bruno Le Maire (RE), Bruno Retailleau, Carole Delga (PS), Edouard Philippe, Eric Zemmour, Fabien Roussel, Francois Ruffin, François Bayrou (MD), François Hollande (PS), Gabriel Attal, Gerald Darmanin, Jean Castex (IND), Jean Lassalle(RES), Jean-Luc Melenchon, Laurent Wauquiez, Marine Le Pen, Marine Tondelier, Michel Barnier (LR), Nathalie Arthaud (LO), Nicolas Dupont-Aignan (DLF), Olivier Faure, Raphael Glucksmann, Sandrine Rousseau (LE), Xavier Bertrand (NF), Yannick Jadot (LE), Yaël Braun-Pivet (RE), Élisabeth Borne (RE)",Ifop,6–9 Dec 2024,2024-12-09,1101,Marine Le Pen,candidate,38.0,2026-07-07
First round,Until March 2025,3,"Bernard Cazeneuve (LC), Bruno Le Maire (RE), Bruno Retailleau, Carole Delga (PS), Edouard Philippe, Eric Zemmour, Fabien Roussel, Francois Ruffin, François Bayrou (MD), François Hollande (PS), Gabriel Attal, Gerald Darmanin, Jean Castex (IND), Jean Lassalle(RES), Jean-Luc Melenchon, Laurent Wauquiez, Marine Le Pen, Marine Tondelier, Michel Barnier (LR), Nathalie Arthaud (LO), Nicolas Dupont-Aignan (DLF), Olivier Faure, Raphael Glucksmann, Sandrine Rousseau (LE), Xavier Bertrand (NF), Yannick Jadot (LE), Yaël Braun-Pivet (RE), Élisabeth Borne (RE)",Ifop,6–9 Dec 2024,2024-12-09,1101,Marine Le Pen,candidate,35.0,2026-07-07
First round,Until March 2025,3,"Bernard Cazeneuve (LC), Bruno Le Maire (RE), Bruno Retailleau, Carole Delga (PS), Edouard Philippe, Eric Zemmour, Fabien Roussel, Francois Ruffin, François Bayrou (MD), François Hollande (PS), Gabriel Attal, Gerald Darmanin, Jean Castex (IND), Jean Lassalle(RES), Jean-Luc Melenchon, Laurent Wauquiez, Marine Le Pen, Marine Tondelier, Michel Barnier (LR), Nathalie Arthaud (LO), Nicolas Dupont-Aignan (DLF), Olivier Faure, Raphael Glucksmann, Sandrine Rousseau (LE), Xavier Bertrand (NF), Yannick Jadot (LE), Yaël Braun-Pivet (RE), Élisabeth Borne (RE)",Ifop,6–9 Dec 2024,2024-12-09,1101,Marine Le Pen,candidate,36.0,2026-07-07
First round,Until March 2025,3,"Bernard Cazeneuve (LC), Bruno Le Maire (RE), Bruno Retailleau, Carole Delga (PS), Edouard Philippe, Eric Zemmour, Fabien Roussel, Francois Ruffin, François Bayrou (MD), François Hollande (PS), Gabriel Attal, Gerald Darmanin, Jean Castex (IND), Jean Lassalle(RES), Jean-Luc Melenchon, Laurent Wauquiez, Marine Le Pen, Marine Tondelier, Michel Barnier (LR), Nathalie Arthaud (LO), Nicolas Dupont-Aignan (DLF), Olivier Faure, Raphael Glucksmann, Sandrine Rousseau (LE), Xavier Bertrand (NF), Yannick Jadot (LE), Yaël Braun-Pivet (RE), Élisabeth Borne (RE)",Ifop,6–9 Dec 2024,2024-12-09,1101,Marine Tondelier,undeclared,4.5,2026-07-07
First round,Until March 2025,3,"Bernard Cazeneuve (LC), Bruno Le Maire (RE), Bruno Retailleau, Carole Delga (PS), Edouard Philippe, Eric Zemmour, Fabien Roussel, Francois Ruffin, François Bayrou (MD), François Hollande (PS), Gabriel Attal, Gerald Darmanin, Jean Castex (IND), Jean Lassalle(RES), Jean-Luc Melenchon, Laurent Wauquiez, Marine Le Pen, Marine Tondelier, Michel Barnier (LR), Nathalie Arthaud (LO), Nicolas Dupont-Aignan (DLF), Olivier Faure, Raphael Glucksmann, Sandrine Rousseau (LE), Xavier Bertrand (NF), Yannick Jadot (LE), Yaël Braun-Pivet (RE), Élisabeth Borne (RE)",Ifop,6–9 Dec 2024,2024-12-09,1101,Marine Tondelier,undeclared,4.0,2026-07-07
First round,Until March 2025,3,"Bernard Cazeneuve (LC), Bruno Le Maire (RE), Bruno Retailleau, Carole Delga (PS), Edouard Philippe, Eric Zemmour, Fabien Roussel, Francois Ruffin, François Bayrou (MD), François Hollande (PS), Gabriel Attal, Gerald Darmanin, Jean Castex (IND), Jean Lassalle(RES), Jean-Luc Melenchon, Laurent Wauquiez, Marine Le Pen, Marine Tondelier, Michel Barnier (LR), Nathalie Arthaud (LO), Nicolas Dupont-Aignan (DLF), Olivier Faure, Raphael Glucksmann, Sandrine Rousseau (LE), Xavier Bertrand (NF), Yannick Jadot (LE), Yaël Braun-Pivet (RE), Élisabeth Borne (RE)",Ifop,6–9 Dec 2024,2024-12-09,1101,Marine Tondelier,undeclared,5.0,2026-07-07
First round,Until March 2025,3,"Bernard Cazeneuve (LC), Bruno Le Maire (RE), Bruno Retailleau, Carole Delga (PS), Edouard Philippe, Eric Zemmour, Fabien Roussel, Francois Ruffin, François Bayrou (MD), François Hollande (PS), Gabriel Attal, Gerald Darmanin, Jean Castex (IND), Jean Lassalle(RES), Jean-Luc Melenchon, Laurent Wauquiez, Marine Le Pen, Marine Tondelier, Michel Barnier (LR), Nathalie Arthaud (LO), Nicolas Dupont-Aignan (DLF), Olivier Faure, Raphael Glucksmann, Sandrine Rousseau (LE), Xavier Bertrand (NF), Yannick Jadot (LE), Yaël Braun-Pivet (RE), Élisabeth Borne (RE)",Ifop,6–9 Dec 2024,2024-12-09,1101,Nathalie Arthaud (LO),unknown,1.0,2026-07-07
First round,Until March 2025,3,"Bernard Cazeneuve (LC), Bruno Le Maire (RE), Bruno Retailleau, Carole Delga (PS), Edouard Philippe, Eric Zemmour, Fabien Roussel, Francois Ruffin, François Bayrou (MD), François Hollande (PS), Gabriel Attal, Gerald Darmanin, Jean Castex (IND), Jean Lassalle(RES), Jean-Luc Melenchon, Laurent Wauquiez, Marine Le Pen, Marine Tondelier, Michel Barnier (LR), Nathalie Arthaud (LO), Nicolas Dupont-Aignan (DLF), Olivier Faure, Raphael Glucksmann, Sandrine Rousseau (LE), Xavier Bertrand (NF), Yannick Jadot (LE), Yaël Braun-Pivet (RE), Élisabeth Borne (RE)",Ifop,6–9 Dec 2024,2024-12-09,1101,Nathalie Arthaud (LO),unknown,0.5,2026-07-07
First round,Until March 2025,3,"Bernard Cazeneuve (LC), Bruno Le Maire (RE), Bruno Retailleau, Carole Delga (PS), Edouard Philippe, Eric Zemmour, Fabien Roussel, Francois Ruffin, François Bayrou (MD), François Hollande (PS), Gabriel Attal, Gerald Darmanin, Jean Castex (IND), Jean Lassalle(RES), Jean-Luc Melenchon, Laurent Wauquiez, Marine Le Pen, Marine Tondelier, Michel Barnier (LR), Nathalie Arthaud (LO), Nicolas Dupont-Aignan (DLF), Olivier Faure, Raphael Glucksmann, Sandrine Rousseau (LE), Xavier Bertrand (NF), Yannick Jadot (LE), Yaël Braun-Pivet (RE), Élisabeth Borne (RE)",Ifop,6–9 Dec 2024,2024-12-09,1101,Nicolas Dupont-Aignan (DLF),unknown,3.0,2026-07-07
First round,Until March 2025,3,"Bernard Cazeneuve (LC), Bruno Le Maire (RE), Bruno Retailleau, Carole Delga (PS), Edouard Philippe, Eric Zemmour, Fabien Roussel, Francois Ruffin, François Bayrou (MD), François Hollande (PS), Gabriel Attal, Gerald Darmanin, Jean Castex (IND), Jean Lassalle(RES), Jean-Luc Melenchon, Laurent Wauquiez, Marine Le Pen, Marine Tondelier, Michel Barnier (LR), Nathalie Arthaud (LO), Nicolas Dupont-Aignan (DLF), Olivier Faure, Raphael Glucksmann, Sandrine Rousseau (LE), Xavier Bertrand (NF), Yannick Jadot (LE), Yaël Braun-Pivet (RE), Élisabeth Borne (RE)",Ifop,6–9 Dec 2024,2024-12-09,1101,Nicolas Dupont-Aignan (DLF),unknown,3.5,2026-07-07
First round,Until March 2025,3,"Bernard Cazeneuve (LC), Bruno Le Maire (RE), Bruno Retailleau, Carole Delga (PS), Edouard Philippe, Eric Zemmour, Fabien Roussel, Francois Ruffin, François Bayrou (MD), François Hollande (PS), Gabriel Attal, Gerald Darmanin, Jean Castex (IND), Jean Lassalle(RES), Jean-Luc Melenchon, Laurent Wauquiez, Marine Le Pen, Marine Tondelier, Michel Barnier (LR), Nathalie Arthaud (LO), Nicolas Dupont-Aignan (DLF), Olivier Faure, Raphael Glucksmann, Sandrine Rousseau (LE), Xavier Bertrand (NF), Yannick Jadot (LE), Yaël Braun-Pivet (RE), Élisabeth Borne (RE)",Ifop,6–9 Dec 2024,2024-12-09,1101,Olivier Faure,undeclared,5.0,2026-07-07
First round,Until March 2025,3,"Bernard Cazeneuve (LC), Bruno Le Maire (RE), Bruno Retailleau, Carole Delga (PS), Edouard Philippe, Eric Zemmour, Fabien Roussel, Francois Ruffin, François Bayrou (MD), François Hollande (PS), Gabriel Attal, Gerald Darmanin, Jean Castex (IND), Jean Lassalle(RES), Jean-Luc Melenchon, Laurent Wauquiez, Marine Le Pen, Marine Tondelier, Michel Barnier (LR), Nathalie Arthaud (LO), Nicolas Dupont-Aignan (DLF), Olivier Faure, Raphael Glucksmann, Sandrine Rousseau (LE), Xavier Bertrand (NF), Yannick Jadot (LE), Yaël Braun-Pivet (RE), Élisabeth Borne (RE)",Ifop,6–9 Dec 2024,2024-12-09,1101,Olivier Faure,undeclared,4.0,2026-07-07
First round,Until March 2025,3,"Bernard Cazeneuve (LC), Bruno Le Maire (RE), Bruno Retailleau, Carole Delga (PS), Edouard Philippe, Eric Zemmour, Fabien Roussel, Francois Ruffin, François Bayrou (MD), François Hollande (PS), Gabriel Attal, Gerald Darmanin, Jean Castex (IND), Jean Lassalle(RES), Jean-Luc Melenchon, Laurent Wauquiez, Marine Le Pen, Marine Tondelier, Michel Barnier (LR), Nathalie Arthaud (LO), Nicolas Dupont-Aignan (DLF), Olivier Faure, Raphael Glucksmann, Sandrine Rousseau (LE), Xavier Bertrand (NF), Yannick Jadot (LE), Yaël Braun-Pivet (RE), Élisabeth Borne (RE)",Ifop,26–27 Mar 2025,2025-03-27,1119,Bruno Retailleau,undeclared,11.0,2026-07-07
First round,Until March 2025,3,"Bernard Cazeneuve (LC), Bruno Le Maire (RE), Bruno Retailleau, Carole Delga (PS), Edouard Philippe, Eric Zemmour, Fabien Roussel, Francois Ruffin, François Bayrou (MD), François Hollande (PS), Gabriel Attal, Gerald Darmanin, Jean Castex (IND), Jean Lassalle(RES), Jean-Luc Melenchon, Laurent Wauquiez, Marine Le Pen, Marine Tondelier, Michel Barnier (LR), Nathalie Arthaud (LO), Nicolas Dupont-Aignan (DLF), Olivier Faure, Raphael Glucksmann, Sandrine Rousseau (LE), Xavier Bertrand (NF), Yannick Jadot (LE), Yaël Braun-Pivet (RE), Élisabeth Borne (RE)",Ifop,26–27 Mar 2025,2025-03-27,1119,Edouard Philippe,undeclared,1.0,2026-07-07
First round,Until March 2025,3,"Bernard Cazeneuve (LC), Bruno Le Maire (RE), Bruno Retailleau, Carole Delga (PS), Edouard Philippe, Eric Zemmour, Fabien Roussel, Francois Ruffin, François Bayrou (MD), François Hollande (PS), Gabriel Attal, Gerald Darmanin, Jean Castex (IND), Jean Lassalle(RES), Jean-Luc Melenchon, Laurent Wauquiez, Marine Le Pen, Marine Tondelier, Michel Barnier (LR), Nathalie Arthaud (LO), Nicolas Dupont-Aignan (DLF), Olivier Faure, Raphael Glucksmann, Sandrine Rousseau (LE), Xavier Bertrand (NF), Yannick Jadot (LE), Yaël Braun-Pivet (RE), Élisabeth Borne (RE)",Ifop,26–27 Mar 2025,2025-03-27,1119,Edouard Philippe,undeclared,25.0,2026-07-07
First round,Until March 2025,3,"Bernard Cazeneuve (LC), Bruno Le Maire (RE), Bruno Retailleau, Carole Delga (PS), Edouard Philippe, Eric Zemmour, Fabien Roussel, Francois Ruffin, François Bayrou (MD), François Hollande (PS), Gabriel Attal, Gerald Darmanin, Jean Castex (IND), Jean Lassalle(RES), Jean-Luc Melenchon, Laurent Wauquiez, Marine Le Pen, Marine Tondelier, Michel Barnier (LR), Nathalie Arthaud (LO), Nicolas Dupont-Aignan (DLF), Olivier Faure, Raphael Glucksmann, Sandrine Rousseau (LE), Xavier Bertrand (NF), Yannick Jadot (LE), Yaël Braun-Pivet (RE), Élisabeth Borne (RE)",Ifop,26–27 Mar 2025,2025-03-27,1119,Edouard Philippe,undeclared,21.0,2026-07-07
First round,Until March 2025,3,"Bernard Cazeneuve (LC), Bruno Le Maire (RE), Bruno Retailleau, Carole Delga (PS), Edouard Philippe, Eric Zemmour, Fabien Roussel, Francois Ruffin, François Bayrou (MD), François Hollande (PS), Gabriel Attal, Gerald Darmanin, Jean Castex (IND), Jean Lassalle(RES), Jean-Luc Melenchon, Laurent Wauquiez, Marine Le Pen, Marine Tondelier, Michel Barnier (LR), Nathalie Arthaud (LO), Nicolas Dupont-Aignan (DLF), Olivier Faure, Raphael Glucksmann, Sandrine Rousseau (LE), Xavier Bertrand (NF), Yannick Jadot (LE), Yaël Braun-Pivet (RE), Élisabeth Borne (RE)",Ifop,26–27 Mar 2025,2025-03-27,1119,Edouard Philippe,undeclared,20.0,2026-07-07
First round,Until March 2025,3,"Bernard Cazeneuve (LC), Bruno Le Maire (RE), Bruno Retailleau, Carole Delga (PS), Edouard Philippe, Eric Zemmour, Fabien Roussel, Francois Ruffin, François Bayrou (MD), François Hollande (PS), Gabriel Attal, Gerald Darmanin, Jean Castex (IND), Jean Lassalle(RES), Jean-Luc Melenchon, Laurent Wauquiez, Marine Le Pen, Marine Tondelier, Michel Barnier (LR), Nathalie Arthaud (LO), Nicolas Dupont-Aignan (DLF), Olivier Faure, Raphael Glucksmann, Sandrine Rousseau (LE), Xavier Bertrand (NF), Yannick Jadot (LE), Yaël Braun-Pivet (RE), Élisabeth Borne (RE)",Ifop,26–27 Mar 2025,2025-03-27,1119,Eric Zemmour,undeclared,5.0,2026-07-07
First round,Until March 2025,3,"Bernard Cazeneuve (LC), Bruno Le Maire (RE), Bruno Retailleau, Carole Delga (PS), Edouard Philippe, Eric Zemmour, Fabien Roussel, Francois Ruffin, François Bayrou (MD), François Hollande (PS), Gabriel Attal, Gerald Darmanin, Jean Castex (IND), Jean Lassalle(RES), Jean-Luc Melenchon, Laurent Wauquiez, Marine Le Pen, Marine Tondelier, Michel Barnier (LR), Nathalie Arthaud (LO), Nicolas Dupont-Aignan (DLF), Olivier Faure, Raphael Glucksmann, Sandrine Rousseau (LE), Xavier Bertrand (NF), Yannick Jadot (LE), Yaël Braun-Pivet (RE), Élisabeth Borne (RE)",Ifop,26–27 Mar 2025,2025-03-27,1119,Fabien Roussel,undeclared,4.0,2026-07-07
First round,Until March 2025,3,"Bernard Cazeneuve (LC), Bruno Le Maire (RE), Bruno Retailleau, Carole Delga (PS), Edouard Philippe, Eric Zemmour, Fabien Roussel, Francois Ruffin, François Bayrou (MD), François Hollande (PS), Gabriel Attal, Gerald Darmanin, Jean Castex (IND), Jean Lassalle(RES), Jean-Luc Melenchon, Laurent Wauquiez, Marine Le Pen, Marine Tondelier, Michel Barnier (LR), Nathalie Arthaud (LO), Nicolas Dupont-Aignan (DLF), Olivier Faure, Raphael Glucksmann, Sandrine Rousseau (LE), Xavier Bertrand (NF), Yannick Jadot (LE), Yaël Braun-Pivet (RE), Élisabeth Borne (RE)",Ifop,26–27 Mar 2025,2025-03-27,1119,Fabien Roussel,undeclared,3.0,2026-07-07
First round,Until March 2025,3,"Bernard Cazeneuve (LC), Bruno Le Maire (RE), Bruno Retailleau, Carole Delga (PS), Edouard Philippe, Eric Zemmour, Fabien Roussel, Francois Ruffin, François Bayrou (MD), François Hollande (PS), Gabriel Attal, Gerald Darmanin, Jean Castex (IND), Jean Lassalle(RES), Jean-Luc Melenchon, Laurent Wauquiez, Marine Le Pen, Marine Tondelier, Michel Barnier (LR), Nathalie Arthaud (LO), Nicolas Dupont-Aignan (DLF), Olivier Faure, Raphael Glucksmann, Sandrine Rousseau (LE), Xavier Bertrand (NF), Yannick Jadot (LE), Yaël Braun-Pivet (RE), Élisabeth Borne (RE)",Ifop,26–27 Mar 2025,2025-03-27,1119,Fabien Roussel,undeclared,2.0,2026-07-07
First round,Until March 2025,3,"Bernard Cazeneuve (LC), Bruno Le Maire (RE), Bruno Retailleau, Carole Delga (PS), Edouard Philippe, Eric Zemmour, Fabien Roussel, Francois Ruffin, François Bayrou (MD), François Hollande (PS), Gabriel Attal, Gerald Darmanin, Jean Castex (IND), Jean Lassalle(RES), Jean-Luc Melenchon, Laurent Wauquiez, Marine Le Pen, Marine Tondelier, Michel Barnier (LR), Nathalie Arthaud (LO), Nicolas Dupont-Aignan (DLF), Olivier Faure, Raphael Glucksmann, Sandrine Rousseau (LE), Xavier Bertrand (NF), Yannick Jadot (LE), Yaël Braun-Pivet (RE), Élisabeth Borne (RE)",Ifop,26–27 Mar 2025,2025-03-27,1119,Gabriel Attal,undeclared,20.0,2026-07-07
First round,Until March 2025,3,"Bernard Cazeneuve (LC), Bruno Le Maire (RE), Bruno Retailleau, Carole Delga (PS), Edouard Philippe, Eric Zemmour, Fabien Roussel, Francois Ruffin, François Bayrou (MD), François Hollande (PS), Gabriel Attal, Gerald Darmanin, Jean Castex (IND), Jean Lassalle(RES), Jean-Luc Melenchon, Laurent Wauquiez, Marine Le Pen, Marine Tondelier, Michel Barnier (LR), Nathalie Arthaud (LO), Nicolas Dupont-Aignan (DLF), Olivier Faure, Raphael Glucksmann, Sandrine Rousseau (LE), Xavier Bertrand (NF), Yannick Jadot (LE), Yaël Braun-Pivet (RE), Élisabeth Borne (RE)",Ifop,26–27 Mar 2025,2025-03-27,1119,Jean-Luc Melenchon,undeclared,12.0,2026-07-07
First round,Until March 2025,3,"Bernard Cazeneuve (LC), Bruno Le Maire (RE), Bruno Retailleau, Carole Delga (PS), Edouard Philippe, Eric Zemmour, Fabien Roussel, Francois Ruffin, François Bayrou (MD), François Hollande (PS), Gabriel Attal, Gerald Darmanin, Jean Castex (IND), Jean Lassalle(RES), Jean-Luc Melenchon, Laurent Wauquiez, Marine Le Pen, Marine Tondelier, Michel Barnier (LR), Nathalie Arthaud (LO), Nicolas Dupont-Aignan (DLF), Olivier Faure, Raphael Glucksmann, Sandrine Rousseau (LE), Xavier Bertrand (NF), Yannick Jadot (LE), Yaël Braun-Pivet (RE), Élisabeth Borne (RE)",Ifop,26–27 Mar 2025,2025-03-27,1119,Jean-Luc Melenchon,undeclared,13.0,2026-07-07
First round,Until March 2025,3,"Bernard Cazeneuve (LC), Bruno Le Maire (RE), Bruno Retailleau, Carole Delga (PS), Edouard Philippe, Eric Zemmour, Fabien Roussel, Francois Ruffin, François Bayrou (MD), François Hollande (PS), Gabriel Attal, Gerald Darmanin, Jean Castex (IND), Jean Lassalle(RES), Jean-Luc Melenchon, Laurent Wauquiez, Marine Le Pen, Marine Tondelier, Michel Barnier (LR), Nathalie Arthaud (LO), Nicolas Dupont-Aignan (DLF), Olivier Faure, Raphael Glucksmann, Sandrine Rousseau (LE), Xavier Bertrand (NF), Yannick Jadot (LE), Yaël Braun-Pivet (RE), Élisabeth Borne (RE)",Ifop,26–27 Mar 2025,2025-03-27,1119,Laurent Wauquiez,undeclared,5.0,2026-07-07
First round,Until March 2025,3,"Bernard Cazeneuve (LC), Bruno Le Maire (RE), Bruno Retailleau, Carole Delga (PS), Edouard Philippe, Eric Zemmour, Fabien Roussel, Francois Ruffin, François Bayrou (MD), François Hollande (PS), Gabriel Attal, Gerald Darmanin, Jean Castex (IND), Jean Lassalle(RES), Jean-Luc Melenchon, Laurent Wauquiez, Marine Le Pen, Marine Tondelier, Michel Barnier (LR), Nathalie Arthaud (LO), Nicolas Dupont-Aignan (DLF), Olivier Faure, Raphael Glucksmann, Sandrine Rousseau (LE), Xavier Bertrand (NF), Yannick Jadot (LE), Yaël Braun-Pivet (RE), Élisabeth Borne (RE)",Ifop,26–27 Mar 2025,2025-03-27,1119,Laurent Wauquiez,undeclared,8.0,2026-07-07
First round,Until March 2025,3,"Bernard Cazeneuve (LC), Bruno Le Maire (RE), Bruno Retailleau, Carole Delga (PS), Edouard Philippe, Eric Zemmour, Fabien Roussel, Francois Ruffin, François Bayrou (MD), François Hollande (PS), Gabriel Attal, Gerald Darmanin, Jean Castex (IND), Jean Lassalle(RES), Jean-Luc Melenchon, Laurent Wauquiez, Marine Le Pen, Marine Tondelier, Michel Barnier (LR), Nathalie Arthaud (LO), Nicolas Dupont-Aignan (DLF), Olivier Faure, Raphael Glucksmann, Sandrine Rousseau (LE), Xavier Bertrand (NF), Yannick Jadot (LE), Yaël Braun-Pivet (RE), Élisabeth Borne (RE)",Ifop,26–27 Mar 2025,2025-03-27,1119,Marine Le Pen,candidate,36.0,2026-07-07
First round,Until March 2025,3,"Bernard Cazeneuve (LC), Bruno Le Maire (RE), Bruno Retailleau, Carole Delga (PS), Edouard Philippe, Eric Zemmour, Fabien Roussel, Francois Ruffin, François Bayrou (MD), François Hollande (PS), Gabriel Attal, Gerald Darmanin, Jean Castex (IND), Jean Lassalle(RES), Jean-Luc Melenchon, Laurent Wauquiez, Marine Le Pen, Marine Tondelier, Michel Barnier (LR), Nathalie Arthaud (LO), Nicolas Dupont-Aignan (DLF), Olivier Faure, Raphael Glucksmann, Sandrine Rousseau (LE), Xavier Bertrand (NF), Yannick Jadot (LE), Yaël Braun-Pivet (RE), Élisabeth Borne (RE)",Ifop,26–27 Mar 2025,2025-03-27,1119,Marine Le Pen,candidate,34.0,2026-07-07
First round,Until March 2025,3,"Bernard Cazeneuve (LC), Bruno Le Maire (RE), Bruno Retailleau, Carole Delga (PS), Edouard Philippe, Eric Zemmour, Fabien Roussel, Francois Ruffin, François Bayrou (MD), François Hollande (PS), Gabriel Attal, Gerald Darmanin, Jean Castex (IND), Jean Lassalle(RES), Jean-Luc Melenchon, Laurent Wauquiez, Marine Le Pen, Marine Tondelier, Michel Barnier (LR), Nathalie Arthaud (LO), Nicolas Dupont-Aignan (DLF), Olivier Faure, Raphael Glucksmann, Sandrine Rousseau (LE), Xavier Bertrand (NF), Yannick Jadot (LE), Yaël Braun-Pivet (RE), Élisabeth Borne (RE)",Ifop,26–27 Mar 2025,2025-03-27,1119,Marine Le Pen,candidate,37.0,2026-07-07
First round,Until March 2025,3,"Bernard Cazeneuve (LC), Bruno Le Maire (RE), Bruno Retailleau, Carole Delga (PS), Edouard Philippe, Eric Zemmour, Fabien Roussel, Francois Ruffin, François Bayrou (MD), François Hollande (PS), Gabriel Attal, Gerald Darmanin, Jean Castex (IND), Jean Lassalle(RES), Jean-Luc Melenchon, Laurent Wauquiez, Marine Le Pen, Marine Tondelier, Michel Barnier (LR), Nathalie Arthaud (LO), Nicolas Dupont-Aignan (DLF), Olivier Faure, Raphael Glucksmann, Sandrine Rousseau (LE), Xavier Bertrand (NF), Yannick Jadot (LE), Yaël Braun-Pivet (RE), Élisabeth Borne (RE)",Ifop,26–27 Mar 2025,2025-03-27,1119,Marine Le Pen,candidate,35.0,2026-07-07
First round,Until March 2025,3,"Bernard Cazeneuve (LC), Bruno Le Maire (RE), Bruno Retailleau, Carole Delga (PS), Edouard Philippe, Eric Zemmour, Fabien Roussel, Francois Ruffin, François Bayrou (MD), François Hollande (PS), Gabriel Attal, Gerald Darmanin, Jean Castex (IND), Jean Lassalle(RES), Jean-Luc Melenchon, Laurent Wauquiez, Marine Le Pen, Marine Tondelier, Michel Barnier (LR), Nathalie Arthaud (LO), Nicolas Dupont-Aignan (DLF), Olivier Faure, Raphael Glucksmann, Sandrine Rousseau (LE), Xavier Bertrand (NF), Yannick Jadot (LE), Yaël Braun-Pivet (RE), Élisabeth Borne (RE)",Ifop,26–27 Mar 2025,2025-03-27,1119,Marine Tondelier,undeclared,3.0,2026-07-07
First round,Until March 2025,3,"Bernard Cazeneuve (LC), Bruno Le Maire (RE), Bruno Retailleau, Carole Delga (PS), Edouard Philippe, Eric Zemmour, Fabien Roussel, Francois Ruffin, François Bayrou (MD), François Hollande (PS), Gabriel Attal, Gerald Darmanin, Jean Castex (IND), Jean Lassalle(RES), Jean-Luc Melenchon, Laurent Wauquiez, Marine Le Pen, Marine Tondelier, Michel Barnier (LR), Nathalie Arthaud (LO), Nicolas Dupont-Aignan (DLF), Olivier Faure, Raphael Glucksmann, Sandrine Rousseau (LE), Xavier Bertrand (NF), Yannick Jadot (LE), Yaël Braun-Pivet (RE), Élisabeth Borne (RE)",Ifop,26–27 Mar 2025,2025-03-27,1119,Nathalie Arthaud (LO),unknown,1.0,2026-07-07
First round,Until March 2025,3,"Bernard Cazeneuve (LC), Bruno Le Maire (RE), Bruno Retailleau, Carole Delga (PS), Edouard Philippe, Eric Zemmour, Fabien Roussel, Francois Ruffin, François Bayrou (MD), François Hollande (PS), Gabriel Attal, Gerald Darmanin, Jean Castex (IND), Jean Lassalle(RES), Jean-Luc Melenchon, Laurent Wauquiez, Marine Le Pen, Marine Tondelier, Michel Barnier (LR), Nathalie Arthaud (LO), Nicolas Dupont-Aignan (DLF), Olivier Faure, Raphael Glucksmann, Sandrine Rousseau (LE), Xavier Bertrand (NF), Yannick Jadot (LE), Yaël Braun-Pivet (RE), Élisabeth Borne (RE)",Ifop,26–27 Mar 2025,2025-03-27,1119,Nicolas Dupont-Aignan (DLF),unknown,4.0,2026-07-07
First round,Until March 2025,3,"Bernard Cazeneuve (LC), Bruno Le Maire (RE), Bruno Retailleau, Carole Delga (PS), Edouard Philippe, Eric Zemmour, Fabien Roussel, Francois Ruffin, François Bayrou (MD), François Hollande (PS), Gabriel Attal, Gerald Darmanin, Jean Castex (IND), Jean Lassalle(RES), Jean-Luc Melenchon, Laurent Wauquiez, Marine Le Pen, Marine Tondelier, Michel Barnier (LR), Nathalie Arthaud (LO), Nicolas Dupont-Aignan (DLF), Olivier Faure, Raphael Glucksmann, Sandrine Rousseau (LE), Xavier Bertrand (NF), Yannick Jadot (LE), Yaël Braun-Pivet (RE), Élisabeth Borne (RE)",Ifop,26–27 Mar 2025,2025-03-27,1119,Nicolas Dupont-Aignan (DLF),unknown,3.0,2026-07-07
First round,Until March 2025,3,"Bernard Cazeneuve (LC), Bruno Le Maire (RE), Bruno Retailleau, Carole Delga (PS), Edouard Philippe, Eric Zemmour, Fabien Roussel, Francois Ruffin, François Bayrou (MD), François Hollande (PS), Gabriel Attal, Gerald Darmanin, Jean Castex (IND), Jean Lassalle(RES), Jean-Luc Melenchon, Laurent Wauquiez, Marine Le Pen, Marine Tondelier, Michel Barnier (LR), Nathalie Arthaud (LO), Nicolas Dupont-Aignan (DLF), Olivier Faure, Raphael Glucksmann, Sandrine Rousseau (LE), Xavier Bertrand (NF), Yannick Jadot (LE), Yaël Braun-Pivet (RE), Élisabeth Borne (RE)",Ifop,26–27 Mar 2025,2025-03-27,1119,Olivier Faure,undeclared,4.0,2026-07-07
First round,Until March 2025,3,"Bernard Cazeneuve (LC), Bruno Le Maire (RE), Bruno Retailleau, Carole Delga (PS), Edouard Philippe, Eric Zemmour, Fabien Roussel, Francois Ruffin, François Bayrou (MD), François Hollande (PS), Gabriel Attal, Gerald Darmanin, Jean Castex (IND), Jean Lassalle(RES), Jean-Luc Melenchon, Laurent Wauquiez, Marine Le Pen, Marine Tondelier, Michel Barnier (LR), Nathalie Arthaud (LO), Nicolas Dupont-Aignan (DLF), Olivier Faure, Raphael Glucksmann, Sandrine Rousseau (LE), Xavier Bertrand (NF), Yannick Jadot (LE), Yaël Braun-Pivet (RE), Élisabeth Borne (RE)",Ifop,26–27 Mar 2025,2025-03-27,1119,Olivier Faure,undeclared,5.0,2026-07-07
First round,Until March 2025,3,"Bernard Cazeneuve (LC), Bruno Le Maire (RE), Bruno Retailleau, Carole Delga (PS), Edouard Philippe, Eric Zemmour, Fabien Roussel, Francois Ruffin, François Bayrou (MD), François Hollande (PS), Gabriel Attal, Gerald Darmanin, Jean Castex (IND), Jean Lassalle(RES), Jean-Luc Melenchon, Laurent Wauquiez, Marine Le Pen, Marine Tondelier, Michel Barnier (LR), Nathalie Arthaud (LO), Nicolas Dupont-Aignan (DLF), Olivier Faure, Raphael Glucksmann, Sandrine Rousseau (LE), Xavier Bertrand (NF), Yannick Jadot (LE), Yaël Braun-Pivet (RE), Élisabeth Borne (RE)",Ifop,26–27 Mar 2025,2025-03-27,1119,Raphael Glucksmann,undeclared,11.0,2026-07-07
